"paragraph_id","act_name","jurisdiction","Section","Heading","actionable_type","responsible_official","discretion_type","Paragraph"
184,"Agricultural Land Commission Act","Provincial","10","Executive committee",,"Commission; Committee","discretionary","(3) The commission may delegate to the executive committee any of its powers or duties."
213,"Agricultural Land Commission Act","Provincial","15","Inclusion of land in agricultural land reserve by the commission","designation","Commission","discretionary","15  (1) For the purposes of section 6, the commission may designate land, including Crown land, as agricultural land if the commission is satisfied that the land is suitable for farm use."
215,"Agricultural Land Commission Act","Provincial","15","Inclusion of land in agricultural land reserve by the commission","designation; agreement","Commission","discretionary","(2) If the final agreement of a treaty first nation provides that the treaty lands of the treaty first nation may not be designated as agricultural land without the consent of the treaty first nation, the commission may not exercise the authority under subsection (1) in relation to those treaty lands without the consent of the treaty first nation."
216,"Agricultural Land Commission Act","Provincial","17","Inclusion applications","reserve; approval","Commission","discretionary","17  (1) Subject to subsection (1.1), if the commission considers that an approval under this subsection carries out the intent of this Act, the commission may approve the inclusion in the agricultural land reserve"
225,"Agricultural Land Commission Act","Provincial","17","Inclusion applications","designation; reserve","Commission","discretionary","(3) On application by an owner of land, the commission may designate all or part of the land described in the application as land within the agricultural land reserve if the commission considers that the designation carries out the intent of this Act."
134,"Agricultural Land Commission Act","Provincial","2","Application of other Acts","regulation; plan","Commission","mandatory","(1.1) Despite subsection (1) and section 3, if a regulation under the Water Sustainability Act requires that the commission consider a water sustainability plan in making decisions in relation to an area that is subject to the water sustainability plan, the commission must comply with the regulation."
305,"Agricultural Land Commission Act","Provincial","20.3","Soil or fill use","notice","Chief; Officer","mandatory","(2) If the chief executive officer receives the fee and notice submitted under subsection (1) (c) (ii), the chief executive officer must do one or more of the following:"
311,"Agricultural Land Commission Act","Provincial","20.3","Soil or fill use",,"Chief; Officer","discretionary","(3) If a person fails to comply with subsection (1) (c) (ii), the chief executive officer may do one or both of the following:"
318,"Agricultural Land Commission Act","Provincial","20.3","Soil or fill use",,"Chief; Commission; Officer","discretionary","(6) The chief executive officer may delegate, in writing, the powers and duties of the chief executive officer under this section to an employee of the commission."
321,"Agricultural Land Commission Act","Provincial","22","Covenants",,"Commission","discretionary","22  (1) The commission may enter into a covenant under the Land Title Act with an owner of agricultural land."
355,"Agricultural Land Commission Act","Provincial","26","Delegation of powers respecting applications","agreement; exemption; report","Commission","discretionary; mandatory","(2) An agreement under subsection (1) between the commission and an authority may exempt a non-farm use in a specified area within the jurisdiction of the authority from the requirement of an application on the condition that the authority conducts audits and reports to the commission as required by the agreement."
418,"Agricultural Land Commission Act","Provincial","32","Boundaries to be amended","reserve","Commission","mandatory","32  If land is excluded from the agricultural land reserve under this Act, the commission must do both of the following:"
516,"Agricultural Land Commission Act","Provincial","43","Public hearing",,"Board","mandatory","(5) The board must hold at least one public hearing with respect to the matter in each administrative region."
147,"Agricultural Land Commission Act","Provincial","5","Commission members","order_in_council","governor; Lieutenant","mandatory","(a) the Lieutenant Governor in Council must appoint the chair;"
148,"Agricultural Land Commission Act","Provincial","5","Commission members",,"Minister","mandatory","(b) the minister must appoint the other members after consulting with the chair;"
154,"Agricultural Land Commission Act","Provincial","5","Commission members",,"Minister","mandatory","(4) If there is no member, other than the chair, who is a resident of a particular administrative region, the minister must within 90 days appoint a resident of that administrative region as a member in accordance with subsection (1)."
571,"Agricultural Land Commission Act","Provincial","52","Determinations and remediation orders","regulation; order","Chief; Commission; Officer","discretionary","52  (1) If the chief executive officer determines that a person has contravened this Act, the regulations or an order of the commission, the chief executive officer, in accordance with the regulations, may order the person to remedy the contravention by"
574,"Agricultural Land Commission Act","Provincial","52","Determinations and remediation orders","regulation; order","Chief; Officer","discretionary","(2) If a person fails to comply with an order under subsection (1), the chief executive officer, in accordance with the regulations, may do one or more of the following:"
579,"Agricultural Land Commission Act","Provincial","52.1","Notice of remediation orders in land title office","order; notice","Chief; Office; Officer","discretionary","52.1  (1) If the chief executive officer makes a remediation order under section 52 (1) in respect of agricultural land, the chief executive officer may file in the land title office a written notice containing"
590,"Agricultural Land Commission Act","Provincial","52.1","Notice of remediation orders in land title office","regulation; order; authorization; authorization","Chief; Commission; Officer","discretionary","(5) The authority under this section is in addition to any other action that the chief executive officer or the commission is authorized to take under this Act in respect of a contravention of this Act, the regulations or an order of the commission or chief executive officer."
597,"Agricultural Land Commission Act","Provincial","52.2","Cancellation of remediation order note","notice","Chief; Officer","mandatory","(a) the chief executive officer must deliver a cancellation notice to the Registrar of Titles, and"
598,"Agricultural Land Commission Act","Provincial","52.2","Cancellation of remediation order note","notice","Chief; Officer","discretionary","(3) The chief executive officer may deliver a cancellation notice to the Registrar of Titles if the chief executive officer"
667,"Agricultural Land Commission Act","Provincial","58","Land use regulations","regulation; order_in_council","governor; Lieutenant","discretionary","58  (1) The Lieutenant Governor in Council may make regulations respecting farm uses and non-farm uses as follows:"
672,"Agricultural Land Commission Act","Provincial","58","Land use regulations","regulation; order_in_council","governor; Lieutenant","discretionary","(2) The Lieutenant Governor in Council may make regulations respecting residential uses as follows:"
686,"Agricultural Land Commission Act","Provincial","58","Land use regulations","regulation; order_in_council","governor; Lieutenant","discretionary","(3) The Lieutenant Governor in Council may make regulations respecting soil or fill uses as follows:"
689,"Agricultural Land Commission Act","Provincial","58","Land use regulations","regulation; order_in_council","governor; Lieutenant","discretionary; mandatory","(4) The Lieutenant Governor in Council may make regulations respecting records that must be kept, and the period for which records must be kept, by persons engaging in any of the following:"
692,"Agricultural Land Commission Act","Provincial","58","Land use regulations","regulation; order_in_council","governor; Lieutenant","discretionary","(5) In making a regulation under subsection (2) or (3), the Lieutenant Governor in Council may impose limits or conditions on the use of agricultural land, including, without limitation, limits or conditions"
771,"Agricultural Land Commission Act","Provincial","61","Transitional","reserve","Commission","discretionary","(5) The Provincial Agricultural Land Commission may take up and carry on to completion all proceedings or other matters commenced under any enactment that were, immediately before the coming into force of this section, before the Land Reserve Commission."
176,"Agricultural Land Commission Act","Provincial","8","Staff of the commission","order_in_council","Chief; Commission; governor; Lieutenant; Officer","discretionary","8  (1) On consultation with the chair of the commission, the Lieutenant Governor in Council may appoint, during pleasure, a chief executive officer of the commission, establish the terms of the appointment and set the remuneration of the chief executive officer."
178,"Agricultural Land Commission Act","Provincial","8","Staff of the commission",,"Chief; Commission; Officer","discretionary","(3) The chief executive officer may appoint other officers and employees necessary for the operations of the commission, determine their duties and set their remuneration."
1974,"Animal Health Act","Provincial","27","Quarantine zone orders","order","Chief","discretionary","27  (1) If the chief veterinarian reasonably believes, based on the results of a diagnostic examination, that a reportable disease is present, the chief veterinarian may make an order establishing a quarantine zone on an area described in the order."
1987,"Animal Health Act","Provincial","28","Surveillance zone orders","order","Chief","discretionary","28  (1) The chief veterinarian may make an order establishing a surveillance zone around a quarantine zone."
2055,"Animal Health Act","Provincial","36","Deemed control zones","order","Minister","discretionary","36  (1) If the minister reasonably believes that it is necessary for one or both of the following purposes, the minister may make an order deeming an area described in the order to be a temporary control zone:"
2280,"Animal Health Act","Provincial","66","Duties when authority to act ends","designation","Chief; inspector","discretionary; mandatory","(2) In respect of powers exercised under this Part by a person designated as an inspector under section 62 [emergency inspectors or veterinarians], the chief veterinarian may require a person appointed or retained as an inspector under section 71 [appointment of inspectors] to take one or more actions referred to in subsection (1) of this section on behalf of a person designated under section 62."
2282,"Animal Health Act","Provincial","67","Role and general powers of minister","agreement","Minister","discretionary","(2) The minister may enter into agreements with any person or body, including the government of another jurisdiction, for one or more of the following purposes:"
2290,"Animal Health Act","Provincial","68","Chief veterinarian",,"Chief; Minister","discretionary","68  (1) The minister may appoint as the chief veterinarian a person who is"
2298,"Animal Health Act","Provincial","68","Chief veterinarian",,"Chief; Minister","mandatory","(4) If the minister appoints a deputy or person to act for the chief veterinarian, the appointed person must meet the requirements of subsection (1)."
2307,"Animal Health Act","Provincial","70","Delegation by chief veterinarian",,"Chief","discretionary","70  The chief veterinarian may, in writing, delegate to a person or class of persons any of the chief veterinarian's powers or duties under this Act, except the following:"
2310,"Animal Health Act","Provincial","71","Appointment of inspectors",,"Chief","discretionary","71  (1) Subject to subsection (6), the chief veterinarian may appoint employees within a ministry of the government as inspectors under this Act and, for this purpose, may"
2318,"Animal Health Act","Provincial","71","Appointment of inspectors",,"Chief; inspector","discretionary","(3) Despite subsection (1) but subject to subsection (6), the chief veterinarian may retain persons as necessary to be inspectors and, for this purpose, delegate to those persons any power or duty of an inspector."
2505,"Animal Health Act","Provincial","94","Regulations respecting disease prevention and control","regulation; order_in_council","governor; Lieutenant","discretionary","(2) The Lieutenant Governor in Council may make regulations establishing control zones for a purpose described in section 36 (1) [deemed control zones] in respect of a notifiable or reportable disease."
3491,"Assessment Act","Provincial","20.1","Special valuation rules for dams, power plants and substations","regulation; order_in_council","governor; Lieutenant","discretionary","(4.1) For the purposes of this section, the Lieutenant Governor in Council may make regulations"
3650,"Assessment Act","Provincial","22","Special rules for railway property","regulation; order_in_council","governor; Lieutenant","discretionary","22  (1) The Lieutenant Governor in Council may make regulations as follows:"
3659,"Assessment Act","Provincial","22","Special rules for railway property","regulation; order_in_council","governor; Lieutenant; Minister","discretionary","(3) The Lieutenant Governor in Council may make a regulation under this section only after the minister has consulted with representatives of the Union of British Columbia Municipalities respecting the proposed regulation."
3661,"Assessment Act","Provincial","22","Special rules for railway property","regulation; order_in_council","governor; Lieutenant","discretionary","(5) For the 1996 taxation year, the Lieutenant Governor in Council may make a regulation under this section only in relation to taxes under the School Act."
3827,"Assessment Act","Provincial","31","Appointment of property assessment review panels","assessment; review","Minister","mandatory","31  (1) The minister must appoint property assessment review panels, each comprised of 3 members, to review and consider"
3830,"Assessment Act","Provincial","31","Appointment of property assessment review panels","designation","Minister; Office","mandatory","(2) The minister must appoint and designate one member of each panel as the chair of the panel, after a merit-based process, to hold office for an initial term of 3 to 5 years."
3831,"Assessment Act","Provincial","31","Appointment of property assessment review panels",,"Minister; Office","discretionary","(3) The minister may appoint members of a panel, other than the chair, after a merit-based process, to hold office for an initial term of 2 to 4 years."
3834,"Assessment Act","Provincial","31","Appointment of property assessment review panels",,"Minister","discretionary","(6) If a member is absent or incapacitated for an extended period of time or expects to be absent for an extended period of time, the minister may appoint another person, who would otherwise be qualified for appointment as a member, to replace the member until the member returns to full duty or the member's term expires, whichever comes first."
3980,"Assessment Act","Provincial","45","Staff of the board",,"Board","discretionary","45  (1) The chair of the board may appoint, in accordance with the Public Service Act, employees necessary to enable the board to perform its duties."
5200,"Canada National Marine Conservation Areas Act","Federal","10","Consultation","regulation; policy; protected_area; agreement","Minister; ministers","mandatory","10 (1) The Minister shall consult with relevant federal and provincial ministers and agencies, with affected coastal communities, aboriginal organizations, aboriginal governments and bodies established under land claims agreements, and with other persons and bodies that the Minister considers appropriate in the development of marine conservation area policy and regulations, the establishment of any proposed marine conservation area and the modification of any marine conservation area, and any other matters that the Minister considers appropriate."
5201,"Canada National Marine Conservation Areas Act","Federal","10","Progress reports","report","Minister; parliament","mandatory","(2) At least every two years, the Minister shall cause to be tabled in each House of Parliament a report on the state of marine conservation areas and on progress towards completion of a representative system of marine conservation areas."
5202,"Canada National Marine Conservation Areas Act","Federal","11","Area advisory committees","plan; protected_area; review","Advisory; Committee; Minister","mandatory","11 (1) The Minister shall, for each marine conservation area, establish a management advisory committee to advise the Minister on the formulation, review and implementation of the management plan for the area."
5203,"Canada National Marine Conservation Areas Act","Federal","11","Other advisory committees","policy; protected_area; review","Advisory; Minister","discretionary","(2) The Minister may establish other advisory committees to review and evaluate any aspect of marine conservation area policy or administration."
5214,"Canada National Marine Conservation Areas Act","Federal","16","Regulations","regulation; order_in_council","governor","discretionary","16 (1) The Governor in Council may make regulations, consistent with international law, for the control and management of any or all marine conservation areas, including regulations"
5237,"Canada National Marine Conservation Areas Act","Federal","18","Designation of marine conservation area wardens","designation; park; protected_area","Agency; agency; Minister","discretionary","18 The Minister may designate persons appointed under the Parks Canada Agency Act whose duties include the enforcement of this Act to be marine conservation area wardens"
5241,"Canada National Marine Conservation Areas Act","Federal","19","Designation of enforcement officers","regulation; code; designation","Minister","discretionary","19 The Minister may designate persons or classes of persons employed in the public service of Canada or by a provincial, municipal or local authority or an aboriginal government, whose duties include law enforcement, to be enforcement officers for the purpose of the enforcement of specified provisions of this Act or the regulations in specified marine conservation areas, and for that purpose enforcement officers have the powers and are entitled to the protection provided by law to peace officers within the meaning of the Criminal Code."
5243,"Canada National Marine Conservation Areas Act","Federal","19.1","Limitations regarding designations","designation","Minister","discretionary","(2) The Minister may specify that a designation is in respect of one or more marine conservation areas or in respect of all or specified offences under this Act that have been designated as contraventions under the Contraventions Act."
5244,"Canada National Marine Conservation Areas Act","Federal","20","Certificate of designation and oath","designation; protected_area; certificate","Minister; Officer","mandatory","20 (1) Every marine conservation area warden, enforcement officer and person designated under section 19.1 shall be provided with a certificate of designation in a form approved by the Minister and shall take and subscribe an oath prescribed by the Minister."
5248,"Canada National Marine Conservation Areas Act","Federal","21","Arrest without warrant","code; protected_area","Officer","discretionary","21 A marine conservation area warden or enforcement officer may, in accordance with the Criminal Code, arrest without warrant any person"
5251,"Canada National Marine Conservation Areas Act","Federal","22","Search and seizure","protected_area","Officer","discretionary","22 (1) A marine conservation area warden or enforcement officer may"
5258,"Canada National Marine Conservation Areas Act","Federal","22","Where warrant not necessary","protected_area","Officer","discretionary","(3) A marine conservation area warden or enforcement officer may exercise any powers under subsection (1) without a warrant if the conditions for obtaining a warrant exist but by reason of exigent circumstances it would not be practical to obtain one."
5263,"Canada National Marine Conservation Areas Act","Federal","23","Perishable things","protected_area","Officer","discretionary; mandatory","(3) Where a seized thing is perishable, the marine conservation area warden or enforcement officer may dispose of it or destroy it, and any proceeds of its disposition shall be paid to the lawful owner or person lawfully entitled to possession of the thing, unless proceedings under this Act are commenced within 90 days after its seizure, or shall be retained by the warden or officer pending the outcome of those proceedings."
5151,"Canada National Marine Conservation Areas Act","Federal","5","Establishment or enlargement","order; order_in_council; protected_area","governor","discretionary","5 (1) Subject to section 7, for the purpose of establishing or enlarging a marine conservation area, consisting of submerged lands and waters within the internal waters, territorial sea or exclusive economic zone of Canada and any coastal lands or islands within Canada, the Governor in Council may, by order, amend Schedule 1 by adding the name and a description of the area or by altering the description of the area."
5156,"Canada National Marine Conservation Areas Act","Federal","5","Judicial finding as to title","order; order_in_council; protected_area","governor","discretionary","(3) If a court of competent jurisdiction finds that Her Majesty in right of Canada does not have clear title to or an unencumbered right of ownership in lands within a marine conservation area, the Governor in Council may, by order, amend Schedule 1 by removing the name and description of the area or by altering the description of the area."
5158,"Canada National Marine Conservation Areas Act","Federal","6","Establishment or enlargement of reserves","order; order_in_council; reserve","governor","discretionary","6 (1) Subject to section 7, for the purpose of establishing or enlarging a reserve, consisting of submerged lands and waters within the internal waters or territorial sea of Canada and any coastal lands or islands within Canada, the Governor in Council may, by order, amend Schedule 2 by adding the name and a description of the reserve or by altering the description of the reserve."
5159,"Canada National Marine Conservation Areas Act","Federal","6","Reserve becoming marine conservation area","order; order_in_council","governor","discretionary","(2) Where a claim described in subsection 4(2) is settled, the Governor in Council may, by order,"
5162,"Canada National Marine Conservation Areas Act","Federal","6","Judicial finding as to title","order; order_in_council; reserve","governor","discretionary","(3) If a court of competent jurisdiction finds that Her Majesty in right of Canada does not have clear title to or an unencumbered right of ownership in lands within a reserve, the Governor in Council may, by order, amend Schedule 2 by removing the name and description of the reserve or by altering the description of the reserve."
5169,"Canada National Marine Conservation Areas Act","Federal","7","Amendment to be tabled in Parliament","designation","Committee","discretionary","and an amendment so laid stands referred to the standing committee of each House that normally considers matters relating to marine conservation areas or to such other committee as that House may designate for the purposes of this section."
5192,"Canada National Marine Conservation Areas Act","Federal","8","Facilities and research","study","Minister","discretionary","(3) The Minister may maintain and operate facilities and carry out operations and activities to achieve the purposes of this Act, and may conduct scientific research and monitoring and carry out studies based on traditional ecological knowledge, including traditional aboriginal ecological knowledge, in relation to marine conservation areas."
5194,"Canada National Marine Conservation Areas Act","Federal","9","Management plans","plan; protected_area; agreement","Minister; ministers; parliament","mandatory","9 (1) The Minister shall, within five years after a marine conservation area is established, in consultation with relevant federal and provincial ministers and agencies, with affected coastal communities, aboriginal organizations, aboriginal governments and bodies established under land claims agreements, and with other persons and bodies that the Minister considers appropriate, prepare a management plan for the marine conservation area that includes a long-term ecological vision for the marine conservation area and provision for ecosystem protection, human use, zoning, public awareness and performance evaluation, which shall be tabled in each House of Parliament."
5195,"Canada National Marine Conservation Areas Act","Federal","9","Review of management plans by Minister","plan; protected_area; review","Minister; parliament","mandatory","(2) The Minister shall review the management plan for each marine conservation area at least every 10 years and shall cause any amendments to the plan to be tabled in each House of Parliament."
5464,"Canada National Parks Act","Federal","11","Management plans","plan; park","Minister; parliament","mandatory","11 (1) The Minister shall, within five years after a park is established, prepare a management plan for the park containing a long-term ecological vision for the park, a set of ecological integrity objectives and indicators and provisions for resource protection and restoration, zoning, visitor use, public awareness and performance evaluation, which shall be tabled in each House of Parliament."
5466,"Canada National Parks Act","Federal","12","Public consultation","regulation; plan; policy; park; agreement","Minister","mandatory","12 (1) The Minister shall, where applicable, provide opportunities for public participation at the national, regional and local levels, including participation by aboriginal organizations, bodies established under land claims agreements and representatives of park communities, in the development of parks policy and regulations, the establishment of parks, the formulation of management plans, land use planning and development in relation to park communities and any other matters that the Minister considers relevant."
5471,"Canada National Parks Act","Federal","14","Wilderness areas","regulation; order_in_council; park","governor","discretionary","14 (1) The Governor in Council may, by regulation, declare any area of a park that exists in a natural state or that is capable of returning to a natural state to be a wilderness area."
5472,"Canada National Parks Act","Federal","14","Maintaining character","authorization; authorization","Minister","discretionary","(2) The Minister may not authorize any activity to be carried on in a wilderness area that is likely to impair the wilderness character of the area."
5473,"Canada National Parks Act","Federal","14","Exceptions","authorization; authorization","Minister","discretionary","(3) Notwithstanding subsection (2) but subject to any conditions that the Minister considers necessary, the Minister may authorize activities to be carried on in a wilderness area for purposes of"
5479,"Canada National Parks Act","Federal","14","Time limit for declaration","order_in_council; plan; park","governor; Minister","mandatory","(4) Where a new or amended management plan sets out an area of a park for declaration as a wilderness area, the Minister shall recommend such declaration to the Governor in Council within one year after the plan or amendment is tabled under section 11."
5549,"Canada National Parks Act","Federal","18","Designation of park wardens","regulation; code; designation; park","Agency; agency; Minister","discretionary","18 The Minister may designate persons appointed under the Parks Canada Agency Act, whose duties include the enforcement of this Act, to be park wardens for the enforcement of this Act and the regulations in any part of Canada and for the preservation and maintenance of the public peace in parks, and for those purposes park wardens are peace officers within the meaning of the Criminal Code."
5789,"Canada National Parks Act","Federal","33","Amendment of Schedule 4","order; order_in_council; park","governor","discretionary","(4) Subject to section 34, the Governor in Council may, by order, add the description of a park community, the description of its commercial zones and a measure of their maximum floor area referred to in subsection (3) to columns 2, 3 and 4, respectively, of Schedule 4, opposite the name of the community set out in column 1 of that Schedule, but any description or measure so added is not subject to amendment by the Governor in Council."
5821,"Canada National Parks Act","Federal","41","Agreement re Gwaii Haanas","order_in_council; authorization; reserve; park; agreement; authorization","governor; Minister","discretionary","41 (1) The Governor in Council may authorize the Minister to enter into an agreement with the Council of the Haida Nation respecting the management and operation of Gwaii Haanas National Park Reserve of Canada."
5822,"Canada National Parks Act","Federal","41","Resource harvesting and cultural activities","regulation; order_in_council; reserve; park; agreement","governor","discretionary","(2) For the purpose of implementing an agreement referred to in subsection (1), the Governor in Council may make regulations, applicable in the Gwaii Haanas National Park Reserve of Canada, respecting the continuance of traditional renewable resource harvesting activities and Haida cultural activities by people of the Haida Nation to whom subsection 35(1) of the Constitution Act, 1982 applies."
5829,"Canada National Parks Act","Federal","41.1","Land use permits","regulation; authorization; designation; reserve; park; permit; authorization","Agency; agency; Board; inspector; Minister; Officer","discretionary","(3) The Minister may issue, amend, renew, suspend, cancel, and approve the assignment of, permits and authorizations for the use of lands in the expansion area for the purposes of the mining access roads referred to in subsection (2) and, in relation to such permits and authorizations, subsection 31(3) and sections 59, 62, 71 and 85 to 87 of the Mackenzie Valley Resource Management Act and the regulations made under that Act - other than any regulations respecting time limits and public hearings - apply, with any adaptations that may be necessary, as if the references in those provisions to the federal Minister or a board were references to the Minister responsible for the Parks Canada Agency and the references in those provisions to an inspector were references to the superintendent of the Park Reserve, a park warden or an enforcement officer designated for the purposes of this subsection."
5830,"Canada National Parks Act","Federal","41.1","Water licences","regulation; designation; reserve; park; licence","Agency; agency; Board; inspector; Minister; Officer","discretionary","(4) The Minister may issue, amend, renew, suspend or cancel - or approve the assignment of - licences for the use of waters in the expansion area for the purposes of the mining access roads referred to in subsection (2) and, in relation to those licences, subsections 31(3) and 72.03(1), (5) and (6), sections 72.04, 72.1, 72.11, 72.12 and 72.14, subsections 85(1) and (2) and sections 85.1 to 85.3, 86.1 to 87, 89 and 93.2 of the Mackenzie Valley Resource Management Act and the regulations made under that Act apply, with any adaptations that may be necessary, as if the references in those provisions to the federal Minister or a board were references to the Minister responsible for the Parks Canada Agency and the references in those provisions to an inspector were references to the superintendent of the Park Reserve, a park warden or an enforcement officer designated for the purposes of this subsection."
5836,"Canada National Parks Act","Federal","41.4","Powers of Minister - Naats'ihch'oh National Park Reserve of Canada","reserve; park; licence","Minister","discretionary","41.4 (1) The Minister may enter into leases or licences of occupation of, and easements over, public lands in Naats'ihch'oh National Park Reserve of Canada for the purposes of"
5839,"Canada National Parks Act","Federal","41.4","Land use permits","regulation; authorization; designation; reserve; park; permit; authorization","Agency; agency; Board; inspector; Minister; Officer","discretionary","(2) The Minister may issue, amend, renew, suspend or cancel - or approve the assignment of - permits and authorizations for the use of public lands in Naats'ihch'oh National Park Reserve of Canada for the purposes of the mining access roads referred to in subsection (1) and, in relation to those permits and authorizations, subsection 31(3) and sections 59, 62, 71 and 85 to 87 of the Mackenzie Valley Resource Management Act and the regulations made under that Act - other than any regulations respecting time limits and public hearings - apply, with any adaptations that may be necessary, as if the references in those provisions to the federal Minister or a board were references to the Minister responsible for the Parks Canada Agency and the references in those provisions to an inspector were references to the superintendent of Naats'ihch'oh National Park Reserve of Canada, a park warden or an enforcement officer designated for the purposes of this subsection."
5840,"Canada National Parks Act","Federal","41.4","Water licences","regulation; designation; reserve; park; licence","Agency; agency; Board; inspector; Minister; Officer","discretionary","(3) The Minister may issue, amend, renew, suspend or cancel - or approve the assignment of - licences for the use of waters in Naats'ihch'oh National Park Reserve of Canada for the purposes of the mining access roads referred to in subsection (1) and, in relation to those licences, subsections 31(3) and 72.03(1), (5) and (6), sections 72.04, 72.1, 72.11, 72.12 and 72.14, subsections 85(1) and (2) and sections 85.1 to 85.3, 86.1 to 87, 89 and 93.2 of the Mackenzie Valley Resource Management Act and the regulations made under that Act apply, with any adaptations that may be necessary, as if the references in those provisions to the federal Minister or a board were references to the Minister responsible for the Parks Canada Agency and the references in those provisions to an inspector were references to the superintendent of Naats'ihch'oh National Park Reserve of Canada, a park warden or an enforcement officer designated for the purposes of this subsection."
5867,"Canada National Parks Act","Federal","42","Changes to boundaries","order_in_council","governor","discretionary","(2) The Governor in Council may make any changes that the Governor in Council considers appropriate in areas set apart under subsection (1)."
5442,"Canada National Parks Act","Federal","5","Judicial finding as to title","order; order_in_council; park","governor","discretionary","(2) If a court of competent jurisdiction finds that Her Majesty in right of Canada does not have clear title to or an unencumbered right of ownership in lands within a park, the Governor in Council may, by order, amend Schedule 1 by removing the name and description of the park or by altering that description."
5444,"Canada National Parks Act","Federal","6","Reserves for parks","order; order_in_council; reserve; park","governor; Province","discretionary","6 (1) Subject to section 7, the Governor in Council may, by order, for the purpose of establishing or enlarging a park reserve, amend Schedule 2 by adding the name and a description of the reserve, or by altering the description of the reserve, if the Governor in Council is satisfied that the government of the province in which the lands to be included in the reserve are situated has agreed to their use for that purpose."
5448,"Canada National Parks Act","Federal","6","Judicial finding as to title","order; order_in_council; reserve; park","governor","discretionary","(3) If a court of competent jurisdiction finds that Her Majesty in right of Canada does not have clear title to or an unencumbered right of ownership in lands within a park reserve, the Governor in Council may, by order, amend Schedule 2 by removing the name and description of the reserve or by altering that description."
5450,"Canada National Parks Act","Federal","7","Amendment to be tabled and referred","designation; reserve; park; agreement; report","Committee; parliament","discretionary; mandatory","7 (1) Before an amendment is made to Schedule 1 or 2 for a purpose referred to in subsection 5(1) or 6(1), respectively, the proposed amendment shall be tabled in each House of Parliament, together with a report on the proposed park or park reserve that includes information on consultations undertaken and any agreements reached with respect to its establishment, and an amendment so tabled stands referred to the standing committee of each House that normally considers matters relating to parks or to any other committee that that House may designate for the purposes of this section."
8007,"Canada Oil And Gas Operations Act","Federal","10","Jurisdiction","order; authorization; authorization","Committee","discretionary; mandatory","10 (1) Where, under this Act, the Committee is charged with a duty to hold an inquiry or to hear an appeal, the Committee has full jurisdiction to inquire into, hear and determine the matter of the inquiry or appeal and to make any order or give any direction that pursuant to this Act the Committee is authorized to make or give or with respect to any matter, act or thing that by this Act may be prohibited or approved by the Committee or required by the Committee to be done."
8057,"Canada Oil And Gas Operations Act","Federal","14","Governor in Council's regulatory power","regulation; order_in_council","governor","discretionary","14 (1) The Governor in Council may, for the purposes of safety, the protection of the environment, and accountability as well as for the production and conservation of oil and gas resources, make regulations"
8080,"Canada Oil And Gas Operations Act","Federal","14.2","List of spill-treating agents","regulation","Minister","discretionary","14.2 The Minister of the Environment may, by regulation, establish a list of spill-treating agents."
8084,"Canada Oil And Gas Operations Act","Federal","16","Equivalent standards and exemptions",,"Chief; Officer","discretionary","16 (1) Subject to subsection (2), the Chief Safety Officer and Chief Conservation Officer may"
8087,"Canada Oil And Gas Operations Act","Federal","16","One officer authorizations","regulation","Chief; Officer","discretionary","(2) The Chief Safety Officer alone may exercise the powers referred to in paragraph (1)(a) or (b) if the regulatory requirement referred to in that paragraph does not relate to protection of the environment or conservation, and the Chief Conservation Officer alone may exercise those powers if that regulatory requirement does not relate to safety."
8100,"Canada Oil And Gas Operations Act","Federal","17","Production orders","order","Chief; Officer","discretionary","17 (1) Where the Chief Conservation Officer, on reasonable grounds, is of the opinion that, with respect to an interest in any area to which this Act applies, the capability exists to commence, continue or increase production of oil or gas and that a production order would stop waste, the Chief Conservation Officer may order the commencement, continuation or increase of production of oil or gas at such rates and in such quantities as are specified in the order."
8101,"Canada Oil And Gas Operations Act","Federal","17","Ceasing production","order","Chief; Officer","discretionary","(2) Where the Chief Conservation Officer, on reasonable grounds, is of the opinion that an order under this section would stop waste, the Chief Conservation Officer may order a decrease or the cessation or suspension of production of oil or gas for any period specified in the order."
8113,"Canada Oil And Gas Operations Act","Federal","19","Prevention of waste","order","Chief; Officer","discretionary","19 (1) Where the Chief Conservation Officer, on reasonable grounds, is of the opinion that waste, other than waste as defined in paragraph 18(2)(f) or (g), is being committed, the Chief Conservation Officer may, subject to subsection (2), order that all operations giving rise to the waste cease until he is satisfied that the waste has stopped."
8114,"Canada Oil And Gas Operations Act","Federal","19","Investigation","order","Chief; Officer","mandatory","(2) Before making any order under subsection (1), the Chief Conservation Officer shall hold an investigation at which interested persons shall be given an opportunity to be heard."
8115,"Canada Oil And Gas Operations Act","Federal","19","Peremptory order","order","Chief; Officer","discretionary; mandatory","(3) Notwithstanding subsection (2), the Chief Conservation Officer may, without an investigation, make an order under this section requiring all operations to be shut down if in the opinion of the Chief Conservation Officer it is necessary to do so to prevent damage to persons or property or to protect the environment, but as soon as possible after making such an order and in any event within fifteen days thereafter, the Chief Conservation Officer shall hold an investigation at which interested persons shall be given an opportunity to be heard."
8116,"Canada Oil And Gas Operations Act","Federal","19","Order after inquiry","order","Chief; Officer","discretionary","(4) At the conclusion of an investigation under subsection (3), the Chief Conservation Officer may set aside, vary or confirm the order made or make a new order."
8117,"Canada Oil And Gas Operations Act","Federal","20","Taking over management","order; authorization; authorization","Chief; Officer","discretionary","20 (1) For the purpose of giving effect to an order made under section 19, the Chief Conservation Officer may authorize and direct such persons as may be necessary to enter the place where the operations giving rise to the waste are being carried out and take over the management and control of those operations and any works connected therewith."
8120,"Canada Oil And Gas Operations Act","Federal","22","Waste occuring","order","Chief; Commission; Officer; Regulator","discretionary","22 When the Chief Conservation Officer, on reasonable grounds, is of the opinion that waste, as defined in paragraph 18(2)(f) or (g), is occurring in the recovery of oil or gas from a pool, that Officer may apply to the Commission of the Canadian Energy Regulator for an order under section 385 of the Canadian Energy Regulator Act requiring the operators within the pool to show cause why the Commission should not make a direction in respect of the waste."
8135,"Canada Oil And Gas Operations Act","Federal","25","Taking over management","authorization; authorization","Chief; Officer","discretionary","(5) For the purposes of subsection (4), the Chief Conservation Officer may authorize and direct such persons as may be necessary to enter the place where the spill has occurred and take over the management and control of any work or activity thereat."
8147,"Canada Oil And Gas Operations Act","Federal","25.1","Net environmental benefit",,"Chief; Officer","mandatory","(3) Other than in the case of a small-scale test, the Chief Conservation Officer shall not approve the use of a spill-treating agent unless the Officer determines, taking into account any prescribed factors and any factors the Officer considers appropriate, that the use of the spill-treating agent is likely to achieve a net environmental benefit."
8153,"Canada Oil And Gas Operations Act","Federal","25.4","Scientific research","authorization; authorization","Minister","discretionary","25.4 (1) For the purpose of a particular research project pertaining to the use of a spill-treating agent in mitigating the environmental impacts of a spill, the Minister of the Environment may authorize, and establish conditions for, the deposit of a spill-treating agent, oil or oil surrogate in the zones referred to in paragraph 3(d) or the waters superjacent to the continental shelf of Canada."
8154,"Canada Oil And Gas Operations Act","Federal","25.4","Oil surrogate","authorization; authorization","Minister","mandatory","(2) The Minister of the Environment shall not authorize the deposit of an oil surrogate unless that Minister determines that the oil surrogate poses fewer safety, health or environmental risks than oil."
8183,"Canada Oil And Gas Operations Act","Federal","26.1","Loss of non-use value","authorization; authorization","Commission; Regulator","mandatory","(3) When the Commission of the Canadian Energy Regulator determines an amount under subsection (1) or (2), the Commission is not required to consider any potential loss of non-use value relating to a public resource that is affected by a spill or the authorized discharge, emission or escape of oil or gas or as a result of debris."
8200,"Canada Oil And Gas Operations Act","Federal","28","Inquiries","authorization; authorization","Board; Minister","discretionary","28 (1) Where a spill or debris or an accident or incident related to any activity to which this Act applies occurs or is found in any area to which this Act applies and results in death or injury or danger to public safety or the environment, the Minister may direct an inquiry to be made, subject to the Canadian Transportation Accident Investigation and Safety Board Act, and may authorize any person that the Minister deems qualified to conduct the inquiry."
8201,"Canada Oil And Gas Operations Act","Federal","28","Mandatory inquiry","regulation","Board; Minister","mandatory","(1.1) Where a spill or debris or an accident or incident related to any activity to which this Act applies occurs or is found in any area to which this Act applies and is serious, as defined by regulation, the Minister shall direct that an inquiry referred to in subsection (1) be made, subject to the Canadian Transportation Accident Investigation and Safety Board Act, and shall ensure that the person who conducts the inquiry is not employed in a part of the federal public administration for which the Minister is responsible."
7838,"Canada Oil And Gas Operations Act","Federal","3.1","Designation","designation","Chief; Officer; Regulator","discretionary","3.1 The Chief Executive Officer of the Canadian Energy Regulator may, for the purposes of this Act, designate an employee of the Canadian Energy Regulator to be the Chief Safety Officer and the same or another employee of that Regulator to be the Chief Conservation Officer."
8258,"Canada Oil And Gas Operations Act","Federal","38","Hearing",,"Chief; Committee; Officer","mandatory","(2) Where an application is made by the Chief Conservation Officer pursuant to subsection (1), the Committee shall hold a hearing at which all interested persons shall be afforded an opportunity to be heard."
7854,"Canada Oil And Gas Operations Act","Federal","4.1","Delegation",,"Commission; Regulator","discretionary; mandatory","4.1 (1) The Commission of the Canadian Energy Regulator may delegate any of its powers under section 5, 5.02, 5.03, 5.11, 5.12, 26.1 or 27 to any person, and the person shall exercise those powers in accordance with the terms of the delegation."
8338,"Canada Oil And Gas Operations Act","Federal","48.08","Order to enter into agreements","order; agreement","Minister","mandatory","48.08 If a straddling resource is required to be exploited as a single pool or field under section 48.06 and the working interest owners have not entered into a unit agreement and a unit operating agreement, the Minister shall order the working interest owners in the portion of the pool or field that is in the Minister's jurisdiction to do so."
8351,"Canada Oil And Gas Operations Act","Federal","48.095","Independent expert",,"Minister","mandatory","48.095 (1) Within 90 days after the day on which the Minister or the Government of the Northwest Territories is notified under subsection 5.1(8) or section 48.091 or 48.094, the Minister and the Government shall appoint the independent expert."
8363,"Canada Oil And Gas Operations Act","Federal","48.096","Regulations - Inuvialuit lands","regulation; order_in_council; agreement","governor","discretionary","48.096 The Governor in Council may, if the Inuvialuit Regional Corporation agrees in writing under subsection 3.3(b) of the Agreement to be bound by a provision of Article 5 of the Agreement, make regulations adapting the definitions Agreement, Inuvialuit Settlement Region and straddling resource in section 2 and sections 48.01 to 48.095 accordingly."
8375,"Canada Oil And Gas Operations Act","Federal","48.14","Delineation","notice","Commission; Regulator","mandatory","48.14 (1) If, after receiving a notice under section 48.12 or 48.13, the Commission of the Canadian Energy Regulator and the regulator in question agree that a pool exists, the Commission and that regulator shall jointly determine whether that pool is transboundary and, if so, they shall jointly delineate its boundaries."
8391,"Canada Oil And Gas Operations Act","Federal","48.21","Appointment of expert",,"Minister; Regulator","mandatory","(3) The Minister and the regulator shall, for the purposes of section 48.22, appoint an expert in accordance with subsections 48.27(2) to (4)."
8413,"Canada Oil And Gas Operations Act","Federal","48.24","Appointment of expert",,"Minister; Regulator","mandatory","(2) The Minister and the regulator shall appoint an expert in accordance with subsections 48.27(2) to (4) for the purposes of this section."
8422,"Canada Oil And Gas Operations Act","Federal","48.27","Appointment - expert panel","agreement","Chairperson; Chief","mandatory","(3) If the parties do not agree on the appointment of a single expert, they shall, within 30 days after the day on which the period to jointly appoint an expert under subsection (2) ends, each appoint one expert to a panel and those experts shall, in turn, jointly appoint an additional expert as chairperson. If there is no agreement on the appointment of a chairperson within 30 days after the day of the last appointment, the chairperson shall be appointed by the Chief Justice of the Federal Court within 30 days after the period for appointing a chairperson ends. Once the chairperson is appointed, the expert panel shall be seized of the matter."
7882,"Canada Oil And Gas Operations Act","Federal","5.001","Impact assessment","authorization; designation; authorization; assessment","Minister","mandatory","(3) If the application for an authorization is in respect of a designated project, as defined in section 2 of the Impact Assessment Act, for which an impact assessment is required under that Act, the Minister of the Environment must issue the decision statement referred to in section 65 of that Act in respect of the designated project."
7897,"Canada Oil And Gas Operations Act","Federal","5.012","Effects on navigation","authorization; authorization","Commission; Regulator","mandatory","5.012 In addition to any other factor that it considers appropriate, the Commission of the Canadian Energy Regulator shall take into account the effects that its decision might have on navigation, including safety of navigation, when deciding whether to issue an authorization under paragraph 5(1)(b) in respect of a pipeline that passes in, on, over, under, through or across a navigable water."
7899,"Canada Oil And Gas Operations Act","Federal","5.014","Regulations","regulation; order_in_council; authorization; authorization","governor; Minister","discretionary","5.014 (1) The Governor in Council may, for purposes related to navigation, on the joint recommendation of the Minister of Northern Affairs and the Minister of Transport, make regulations respecting sections or parts of pipelines that pass in, on, over, under, through or across any navigable water in any area in respect of which the Minister of Northern Affairs has administrative responsibility for natural resources, including regulations respecting the design, construction, operation and abandonment of those pipelines and the issuance of authorizations under paragraph 5(1)(b) in respect of their construction or operation."
7900,"Canada Oil And Gas Operations Act","Federal","5.014","Regulations","regulation; order_in_council; authorization; authorization","governor; Minister","discretionary","(2) The Governor in Council may, for purposes related to navigation, on the joint recommendation of the Minister of Natural Resources and the Minister of Transport, make regulations respecting sections or parts of pipelines that pass in, on, over, under, through or across any navigable waters in any area in respect of which the Minister of Natural Resources has administrative responsibility for natural resources, including regulations respecting the design, construction, operation and abandonment of those pipelines and the issuance of authorizations under paragraph 5(1)(b) in respect of their construction or operation."
7903,"Canada Oil And Gas Operations Act","Federal","5.021","Net environmental benefit","authorization; permit; authorization","Commission; Regulator","mandatory","5.021 The Commission of the Canadian Energy Regulator must not permit the use of a spill-treating agent in an authorization issued under paragraph 5(1)(b) unless that Commission determines, taking into account any prescribed factors and any factors the Regulator considers appropriate, that the use of the spill-treating agent is likely to achieve a net environmental benefit."
7965,"Canada Oil And Gas Operations Act","Federal","5.31","Jurisdiction","regulation; order; authorization; licence; authorization; approval","Commission; Regulator","discretionary; mandatory","(b) if it appears to the Commission of the Canadian Energy Regulator that the circumstances may require the Commission, in the public interest, to make any order or give any direction, leave, sanction or approval that by law it is authorized to make or give, or with respect to any act, matter or thing that is prohibited, sanctioned or required to be done by this Act, any regulation, order or direction made under this Act, or an operating licence or authorization issued under section 5."
8430,"Canada Oil And Gas Operations Act","Federal","50","Stated case for Federal Court",,"Committee; Minister","discretionary","50 (1) The Committee may of its own motion, or at the request of the Minister, state a case, in writing, for the opinion of the Federal Court on any question that in the opinion of the Committee is a question of law or of the jurisdiction of the Committee."
8438,"Canada Oil And Gas Operations Act","Federal","54","Powers of officers","regulation","Chief; Officer","discretionary","54 (1) For the purpose of ensuring compliance with this Act and the regulations, a safety officer, the Chief Safety Officer, a conservation officer or the Chief Conservation Officer may at any reasonable time"
8446,"Canada Oil And Gas Operations Act","Federal","55","Certificate","designation; certificate","Chief; Officer; Regulator","mandatory","55 The Chief Executive Officer of the Canadian Energy Regulator must provide every safety officer and conservation officer and the Chief Safety Officer and the Chief Conservation Officer with a certificate of appointment or designation and, on entering any place under this Act, the officer must, upon request, produce the certificate to the person in charge of the place."
8447,"Canada Oil And Gas Operations Act","Federal","56","Assistance to officers","regulation","Chief; Officer","discretionary; mandatory","56 The owner, the person in charge of any place referred to in subsection 54(1) and every person found in the place shall give a safety officer, the Chief Safety Officer, a conservation officer or the Chief Conservation Officer, as the case may be, all reasonable assistance to enable the officer to carry out duties and functions under this Act or the regulations."
8449,"Canada Oil And Gas Operations Act","Federal","58","Power of officers","regulation; order","Chief; Officer","discretionary","58 (1) A safety officer, the Chief Safety Officer, a conservation officer or the Chief Conservation Officer may order that an operation or activity in any area to which this Act applies cease or be continued only in accordance with the terms of the order if the officer, on reasonable grounds, is of the opinion that its continuation could result in harm to a person, damage to the environment or property or a breach of security, or is not in compliance with this Act or the regulations, and"
8453,"Canada Oil And Gas Operations Act","Federal","58","Expiry of order","order","Chief; Officer","discretionary","(3) An order made by a safety officer or a conservation officer under subsection (1) expires 72 hours after it is made unless it is confirmed before that time by order of the Chief Safety Officer or the Chief Conservation Officer, as the case may be."
8454,"Canada Oil And Gas Operations Act","Federal","58","Modification or revocation","order","Chief; Officer","discretionary; mandatory","(4) A safety officer or a conservation officer who makes an order under subsection (1) shall immediately so advise the Chief Safety Officer or the Chief Conservation Officer, as the case may be, and that Chief Officer may modify or revoke the order."
8455,"Canada Oil And Gas Operations Act","Federal","58","Referral for review","order; notice; review","Chief; Commission; Officer; Regulator","discretionary; mandatory","(5) A person carrying out an operation to which an order made under subsection (1) refers, or any person having a pecuniary interest in that operation, may, by notice in writing, request the Chief Safety Officer or the Chief Conservation Officer, as the case may be, to refer the order to the Commission of the Canadian Energy Regulator for a review of the need for the order under section 386 of the Canadian Energy Regulator Act and, on receiving the notice, that Chief Officer must refer the order accordingly."
7997,"Canada Oil And Gas Operations Act","Federal","6","Appointment of members and chairman","order_in_council; designation","Committee; governor; Office","discretionary; mandatory","(3) The members of the Committee shall be appointed by the Governor in Council to hold office for a term of three years, and one member shall be designated as chairman for such term as may be fixed by the Governor in Council."
7999,"Canada Oil And Gas Operations Act","Federal","7","Qualification of members","order_in_council","Committee; governor","mandatory","7 (1) The Governor in Council shall appoint as members of the Committee at least two persons who appear to the Governor in Council to have specialized, expert or technical knowledge of oil and gas."
8646,"Canada Shipping Act, 2001","Federal","10","Exemption power of Ministers","regulation; order; authorization; authorization; exemption","Minister","discretionary","(2) The Minister of Transport or the Minister of Fisheries and Oceans may, with respect to that Minister's responsibilities under this Act, exempt for a specified period any authorized representative, person, class of persons, master, vessel, class of vessels, operator of an oil handling facility, oil handling facility or class of oil handling facilities, operator of a hazardous and noxious substances handling facility, hazardous and noxious substances handling facility or class of hazardous and noxious substances handling facilities from the application of any provision of this Act, the regulations or an interim order made under subsection 10.1(1) or (1.1), subject to any conditions that that Minister considers appropriate, if that Minister is of the opinion that the exemption is in the interest of preventing damage to property or the environment or is in the public interest or interest of public health or safety."
8649,"Canada Shipping Act, 2001","Federal","10","Exemption","exemption","Department; Minister","discretionary","(3) Subject to any conditions that the Minister of Transport considers appropriate, the Minister may exempt for a specified period any vessel, or class of vessels, that is en route through Canadian waters but is not en route to or departing from a port in Canada, from the application of any provision of Part 3 (Personnel), 4 (Safety) or 9 (Pollution Prevention - Department of Transport) if the Minister is of the opinion that the provision is substantially similar to a provision of the laws of another state to which the vessel or class of vessels is subject."
8652,"Canada Shipping Act, 2001","Federal","10.1","Interim order - Minister of Transport","regulation; order","Minister","discretionary; mandatory","10.1 (1) The Minister of Transport may make an interim order that contains any provision that may be contained in a regulation made, under this Act, on the recommendation of only that Minister, if he or she believes that immediate action is required to deal with a direct or indirect risk to marine safety or to the marine environment."
9334,"Canada Shipping Act, 2001","Federal","126","Powers of officers","regulation; bylaw","Officer; parliament","discretionary","(3) Subject to any regulations made under section 136, to any other Act of Parliament governing ports or harbours and to the regulations or by-laws made under such an Act, for the purpose of promoting safe and efficient navigation or environmental protection, a marine communications and traffic services officer may, with respect to any vessel of a prescribed class that is about to enter or is within a VTS Zone,"
9409,"Canada Shipping Act, 2001","Federal","138","Defence available in certain cases","regulation","Board","discretionary","(3) No vessel or person on board a vessel may be convicted of contravening subsection 126(1) (entering, leaving or proceeding within a VTS Zone) or a provision of the regulations made under paragraph 136(1)(b) if they had reasonable grounds to believe that compliance with that provision would have imperilled life, the vessel, another vessel or any property."
9460,"Canada Shipping Act, 2001","Federal","167","Exemption","standard; exemption","Minister","discretionary","(3) The Minister may exempt, subject to any conditions that the Minister considers appropriate, for a specified period any vessel, or class of vessels, that is en route through waters referred to in subsection 166(1), from the application of any provision of this Part if the Minister is of the opinion that the vessel or class of vessels is subject to a provision of the laws of another state that provides for standards that are equivalent to or stricter than the standards provided for in the provision of this Part."
10148,"Canada Shipping Act, 2001","Federal","167.1","Oil Handling Facilities and Hazardous and Noxious Substances Handling Facilities","regulation","Minister","mandatory","167.1 Subject to the regulations, a person who proposes to operate an oil handling facility or a hazardous and noxious substances handling facility of a class established by the regulations must, within the prescribed time, notify the Minister of the proposed operations relating to the loading or unloading of oil or hazardous and noxious substances to or from vessels and must submit to the Minister any information or documents required by the regulations and, within the time specified by the Minister, any information or documents requested by the Minister."
10156,"Canada Shipping Act, 2001","Federal","167.31","Oil Handling Facilities and Hazardous and Noxious Substances Handling Facilities","regulation","Minister","mandatory","167.31 Subject to the regulations, the operator of a hazardous and noxious substances handling facility of a class established by the regulations must notify the Minister of the facility's operations relating to the loading or unloading of hazardous and noxious substances to or from vessels within 90 days after the day on which this section comes into force and must submit to the Minister any information or documents required by the regulations and, within the time specified by the Minister, any information or documents requested by the Minister."
10179,"Canada Shipping Act, 2001","Federal","168.1","Oil Handling Facilities and Hazardous and Noxious Substances Handling Facilities","regulation; plan","Minister","discretionary","168.1 Despite any other provision of this Part or the regulations, the Minister may direct the operator of an oil handling facility to update or revise an oil pollution prevention plan or an oil pollution emergency plan, or the operator of a hazardous and noxious substances handling facility to update or revise a hazardous and noxious substances pollution prevention plan or a hazardous and noxious substances pollution emergency plan, and to submit the up-to-date or revised plan to the Minister within the time specified by the Minister."
10181,"Canada Shipping Act, 2001","Federal","168.3","Oil Handling Facilities and Hazardous and Noxious Substances Handling Facilities","regulation; plan","Minister","discretionary; mandatory","168.3 If the Minister believes on reasonable grounds that an oil handling facility has discharged, is discharging or may discharge oil or that the oil pollution prevention plan or the oil pollution emergency plan for the facility does not meet the requirements set out in the regulations, that a hazardous and noxious substances handling facility has discharged, is discharging or may discharge hazardous and noxious substances or that the hazardous and noxious substances pollution prevention plan or the hazardous and noxious substances pollution emergency plan for the facility does not meet the requirements set out in the regulations or that the operator of any of those facilities does not have the procedures, equipment and resources required by the regulations available for immediate use in the event of a discharge during the loading or unloading of a vessel, the Minister may"
9508,"Canada Shipping Act, 2001","Federal","170","Assistance","review","commissioner; Minister","discretionary","(5) The Minister may appoint a person to assist in the review. The person has all the powers of a commissioner under Part I of the Inquiries Act."
9520,"Canada Shipping Act, 2001","Federal","172","Members",,"Advisory; Minister","discretionary","(2) Each advisory council is to be composed of no more than seven members who are appointed to the council by the Minister and who, in the Minister's opinion, can represent the communities and interests potentially affected by an oil spill in that area."
9590,"Canada Shipping Act, 2001","Federal","180","Minister of Fisheries and Oceans - measures",,"Minister","discretionary","180 (1) If the Minister of Fisheries and Oceans believes on reasonable grounds that a vessel, an oil handling facility or a hazardous and noxious substances handling facility has discharged, is discharging or may discharge a pollutant, that Minister may"
9602,"Canada Shipping Act, 2001","Federal","180.1","Use of property",,"Minister; Officer","discretionary; mandatory","(3) If required, the Minister of Fisheries and Oceans or the pollution response officer may use property adjacent to or in the vicinity of a vessel, oil handling facility or hazardous and noxious substances handling facility - other than a dwelling-house - for the purposes of exercising their powers or performing their duties or functions under this Part, and any person accompanying that Minister or the pollution response officer may use such property to help that Minister or officer exercise their powers or perform their duties or functions under this Part."
9702,"Canada Shipping Act, 2001","Federal","189","Powers in case of discharge",,"Minister","discretionary","189 (1) If the Minister believes on reasonable grounds that a vessel may discharge, or may have discharged, a prescribed pollutant, the Minister may"
9706,"Canada Shipping Act, 2001","Federal","189","Powers in case of discharge",,"Minister","discretionary","(c) direct a vessel that is within or about to enter waters in respect of which this Part applies to proceed through those waters by the route and in the manner that the Minister may specify; and"
9713,"Canada Shipping Act, 2001","Federal","190","Regulations","regulation; order_in_council","governor; Minister","discretionary","190 (1) The Governor in Council may, on the recommendation of the Minister, make regulations respecting the protection of the marine environment, including regulations"
9900,"Canada Shipping Act, 2001","Federal","219","Investigations",,"Minister","discretionary","219 (1) The Minister may appoint any person to investigate a shipping casualty or an alleged contravention of a relevant provision."
9955,"Canada Shipping Act, 2001","Federal","227","Minister's powers",,"Minister","discretionary","(c) if the vessel is in a port in Canada, direct the vessel to leave Canadian waters, subject to any terms and conditions that the Minister may specify."
9956,"Canada Shipping Act, 2001","Federal","227","Limitation",,"Board; Minister","discretionary","(2) The Minister may not give a direction under subsection (1) if, in the Minister's opinion, doing so would put the safety of the vessel, any person on board or the environment at imminent risk."
8771,"Canada Shipping Act, 2001","Federal","24","Appointment of tonnage measurers",,"Minister","discretionary","24 The Minister of Transport may appoint persons, to be known as tonnage measurers, to calculate vessels' tonnage under this Act."
8775,"Canada Shipping Act, 2001","Federal","26","Chair",,"Department; Minister","mandatory","(3) The Chair is appointed by the Minister of Transport and must be an employee of the Department of Transport who has expertise in marine matters."
8850,"Canada Shipping Act, 2001","Federal","35.1","Regulations - protection of marine environment","regulation; order_in_council","governor; Minister","discretionary","35.1 (1) The Governor in Council may, on the recommendation of the Minister of Transport, make regulations respecting the protection of the marine environment from the impacts of navigation and shipping activities, including regulations"
10196,"Canada Shipping Act, 2001","Federal","396","Oil Handling Facilities and Hazardous and Noxious Substances Handling Facilities","regulation; designation","Minister","discretionary","(2) Despite the regulations, the Minister may designate an oil handling facility or a hazardous and noxious substances handling facility that is part of a class established by the regulations to be part of a different class established by the regulations or an oil handling facility or a hazardous and noxious substances handling facility that is not part of a class established by the regulations to be part of one of those classes."
10198,"Canada Shipping Act, 2001","Federal","396","Oil Handling Facilities and Hazardous and Noxious Substances Handling Facilities","designation","Minister","mandatory","(3) The Minister must notify the operator of a facility of any designation made in respect of it under subsection (2)."
8911,"Canada Shipping Act, 2001","Federal","44","Registrars",,"Chief","discretionary","44 (1) The Chief Registrar may appoint the registrars that the Chief Registrar considers necessary."
9166,"Canada Shipping Act, 2001","Federal","94","If authorized representative does not comply","authorization; authorization","Minister","discretionary","(3) If the authorized representative does not comply with subsection (1), the Minister may act in place of the authorized representative and any expenses incurred by the Minister constitute a debt due to Her Majesty in right of Canada by the authorized representative and may be recovered as such in a court of competent jurisdiction."
10294,"Canada Water Act","Federal","11","Federal-provincial agreements","order_in_council; agreement; approval","governor; Minister","discretionary","11 (1) The Minister may, with the approval of the Governor in Council, enter into agreements with one or more provincial governments that have an interest in the water quality management of"
10315,"Canada Water Act","Federal","13","Federal programs respecting inter-jurisdictional waters","order_in_council; authorization; plan; program; designation; protected_area; authorization","Agency; agency; governor; Minister","discretionary","13 (1) Where the water quality management of any inter-jurisdictional waters has become a matter of urgent national concern, the Governor in Council, subject to subsection (2), may, on the recommendation of the Minister, designate those waters as a water quality management area and authorize the Minister to name an existing corporation that is an agent of Her Majesty in right of Canada, or that performs any function or duty on behalf of the Government of Canada, as a water quality management agency to plan, initiate and carry out programs described in section 15 in respect of those waters."
10319,"Canada Water Act","Federal","13","Programs respecting federal waters","order_in_council; authorization; plan; program; designation; protected_area; authorization","Agency; agency; governor; Minister","discretionary","(3) The Governor in Council may, on the recommendation of the Minister, designate any federal waters as a water quality management area and authorize the Minister to name an existing corporation that is an agent of Her Majesty in right of Canada, or that performs any function or duty on behalf of the Government of Canada, as a water quality management agency to plan, initiate and carry out programs described in section 15 in respect of those waters."
10320,"Canada Water Act","Federal","13","Directions","program","Agency; agency; Minister","discretionary","(4) The Minister may give directions to any federal agency with respect to the implementation of any water quality management program."
10325,"Canada Water Act","Federal","15","Objects of agencies","plan; program; protected_area","Agency; agency","mandatory","15 (1) The objects of each water quality management agency shall be to plan, initiate and carry out programs to restore, preserve and enhance the water quality level in the water quality management area for which the agency is incorporated or named."
10326,"Canada Water Act","Federal","15","Powers of agencies","protected_area; agreement","Agency; agency; Minister","discretionary","(2) In carrying out the objects of a water quality management agency, subject to any agreement under section 11 relating to the water quality management area for which it is incorporated or named or subject to any direction of the Minister to a federal agency, the agency may, after taking into account views expressed to it, at public hearings and otherwise, by persons likely to have an interest therein, in respect of the waters composing the water quality management area,"
10337,"Canada Water Act","Federal","15","Publication of plan","plan","Agency; agency; Minister","mandatory","(3) Where an agency recommends a water quality management plan to the Minister, the agency shall forthwith cause the plan to be published in the Canada Gazette and shall publish a concise summary of the plan in a newspaper of general circulation in the area affected by the plan at least once a week for a period of four weeks and no such plan shall be approved until the expiration of seven clear days after the last of those publications of the summary."
10338,"Canada Water Act","Federal","15","Implementation of plan","order; plan; protected_area; agreement","Agency; agency; Minister","discretionary","(4) Where a water quality management plan recommended by an agency in respect of the waters composing the water quality management area for which it is incorporated or named has been approved by the Minister and, in the case of an agency other than a federal agency, by the appropriate minister of each provincial government that is a party to the agreement relating to those waters, the agency may, in order to implement the water quality management plan,"
10348,"Canada Water Act","Federal","16","Remuneration of members","order_in_council; authorization; authorization","Agency; agency; governor; Minister","discretionary; mandatory","16 (1) The members of an agency who are appointed by the Minister or by the Governor in Council and who are not employees in the federal public administration shall be paid by the agency such remuneration as is authorized by the Governor in Council."
10376,"Canada Water Act","Federal","18","For water quality management areas","regulation; order_in_council; protected_area","governor","discretionary","(2) Subject to subsection (3), the Governor in Council may make regulations prescribing, with respect to each water quality management area,"
10406,"Canada Water Act","Federal","28","Establishment and constitution of advisory committees",,"Advisory; Minister","discretionary","28 (1) The Minister may establish and appoint the members of such advisory committees as the Minister considers desirable for the purpose of advising and assisting him in carrying out the purposes and provisions of this Act."
10261,"Canada Water Act","Federal","5","Federal-provincial water resource management programs","order_in_council; program; agreement; approval","governor; Minister","discretionary","5 Subject to this Act, the Minister may, with the approval of the Governor in Council, with respect to any waters where there is a significant national interest in the water resource management thereof, enter into agreements with one or more provincial governments having an interest in the water resource management of those waters, providing for programs to"
10273,"Canada Water Act","Federal","6","Condition to approval of federal programs","order_in_council; program; agreement","governor; Minister","mandatory","(2) The Governor in Council shall not approve the undertaking by the Minister of any program pursuant to paragraph (1)(b) or (c) unless the Governor in Council is satisfied that all reasonable efforts have been made by the Minister to reach an agreement under section 5 with the one or more provincial governments having an interest in the water resource management of the waters in question and that those efforts have failed."
10442,"Canada Water Agency Act","Federal","13","Committees",,"Advisory; Minister","discretionary","13 (1) The Minister may establish advisory committees in relation to fresh water and provide for their membership, duties, functions and operation."
10433,"Canada Water Agency Act","Federal","6","Delegation to Agency","authorization; authorization","Agency; agency; Minister; Officer; parliament","discretionary","6 (1) The Minister may, subject to any terms and conditions that the Minister specifies, delegate to an officer or employee of the Agency any power, duty or function that the Minister is authorized to exercise or perform under any Act of Parliament in relation to fresh water."
10482,"Canada Wildlife Act","Federal","4.1","Protected marine areas","order_in_council","governor","discretionary","4.1 (1) The Governor in Council may establish protected marine areas in any area of the sea that forms part of the internal waters of Canada, the territorial sea of Canada or the exclusive economic zone of Canada."
10484,"Canada Wildlife Act","Federal","4.2","Delegation by Minister",,"Minister","discretionary","4.2 (1) The Minister may delegate to any minister of the Crown in right of Canada any power conferred on the Minister under this Act. The other minister may then exercise the power subject to any terms and conditions that the Minister specifies."
10485,"Canada Wildlife Act","Federal","4.2","Sub-delegation",,"Department; Minister","discretionary","(2) The other minister may delegate any power delegated under subsection (1) to any person employed in any department for which that other minister is responsible."
11338,"Canadian Energy Regulator Act","Federal","146","Replacing member","order_in_council","governor","discretionary","(3) If a member is absent or becomes incapacitated, resigns or dies, the Governor in Council may appoint a replacement for that member."
11594,"Canadian Energy Regulator Act","Federal","202","Region",,"Commission","mandatory","(2) The Commission must select a region in which to hold the hearing that it considers convenient for persons who filed a written statement under subsection 201(3) or (4) and must provide reasons for its selection, including the factors that it took into account."
11660,"Canadian Energy Regulator Act","Federal","219","Effects of recommendation on navigation","certificate; report","Commission","mandatory","219 (1) In making its recommendation in a report prepared under section 183, the Commission must also take into account the effects that the issuance of a certificate in respect of a pipeline that passes in, on, over, under, through or across a navigable water might have on navigation, including on the safety of navigation."
11661,"Canadian Energy Regulator Act","Federal","219","Effects of decision on navigation","order; approval; exemption","Commission","mandatory","(2) When deciding whether to make an order, give a direction or grant a leave, approval or exemption in respect of a pipeline that passes in, on, over, under, through or across a navigable water, the Commission must take into account the effects that its decision might have on navigation, including on the safety of navigation, in addition to any other factor that it considers appropriate."
11663,"Canadian Energy Regulator Act","Federal","221","Regulations","regulation; order_in_council","governor; Minister","discretionary","221 (1) The Governor in Council may, for purposes related to navigation, on the joint recommendation of the Minister and the Minister of Transport, make regulations respecting sections or parts of pipelines that pass in, on, over, under, through or across a navigable water, including regulations respecting"
11847,"Canadian Energy Regulator Act","Federal","268","Effects on navigation","order; permit; approval; certificate; exemption","Commission","mandatory","268 In addition to any other factor that it considers appropriate, the Commission must take into account the effects that its decision might have on navigation, including safety of navigation, when deciding whether to issue a certificate or permit, make an order, give a direction or grant a leave, approval or exemption in respect of an international power line, or an interprovincial power line in respect of which an order made under section 261 is in force, that passes in, on, over, under, through or across a navigable water."
11849,"Canadian Energy Regulator Act","Federal","270","Regulations","regulation; order; order_in_council","governor; Minister","discretionary","270 The Governor in Council may, for purposes related to navigation, on the joint recommendation of the Minister and the Minister of Transport, make regulations respecting sections or parts of international power lines, or of interprovincial power lines in respect of which orders made under section 261 are in force, that pass in, on, over, under, through or across a navigable water, including regulations respecting"
12088,"Canadian Energy Regulator Act","Federal","316","Consent","order_in_council","governor","discretionary","(2) A company may, with the consent of the Governor in Council and on any terms that the Governor in Council may prescribe, take and appropriate, for the use of its pipeline and works, the portion of the lands of Her Majesty lying on the route of the line that have not been granted, conceded or sold, and that is necessary for the pipeline, and also the portion of the public beach, or bed of a lake, river or stream, or of the lands so vested covered with the waters of a lake, river or stream that is necessary for making, completing and using its pipeline and works."
12389,"Canadian Energy Regulator Act","Federal","385","Hearing","order","Chief; Commission; Officer","mandatory","(3) On the day specified in the order, the Commission must hold a hearing at which the Chief Conservation Officer, the operators and other interested persons must be given an opportunity to be heard."
11059,"Canadian Energy Regulator Act","Federal","81","Reports and recommendations to Minister","report","Minister; parliament; Regulator","discretionary","81 The Regulator may submit to the Minister reports on the matters referred to in section 80 from time to time and may recommend to the Minister any measures within Parliament's jurisdiction that the Regulator considers to be necessary or in the public interest for"
11103,"Canadian Energy Regulator Act","Federal","95","Other measures","order; authorization; authorization","Commission","discretionary","(2) The Commission may, by order, direct any of the following persons or bodies to take measures in respect of a regulated facility, an abandoned facility or any work or activity authorized under Part 5 that the Commission considers necessary for the safety and security of persons, the safety and security of the regulated facility or abandoned facility or the protection of property or the environment:"
11122,"Canadian Energy Regulator Act","Federal","97","Exemption orders","regulation; order; exemption","Commission","discretionary","97 The Commission may make orders exempting holders, on any conditions that the Commission considers appropriate, from any or all provisions of a regulation made under section 96 or 312, in order to, among other things, ensure the safety and security of persons, the safety and security of regulated facilities or abandoned facilities or the protection of property or the environment."
12590,"Canadian Environmental Protection Act, 1999","Federal","10","Declaration of equivalent provisions","regulation; order; order_in_council","governor; Minister","discretionary","the Governor in Council may, on the recommendation of the Minister, make an order declaring that the provisions of the regulation do not apply in an area under the jurisdiction of the government."
13242,"Canadian Environmental Protection Act, 1999","Federal","102","Regulations respecting exports","regulation; order_in_council","governor; ministers","discretionary","102 (1) The Governor in Council may, on the recommendation of the Ministers, make regulations in relation to substances specified in the Export Control List in Schedule 3"
13255,"Canadian Environmental Protection Act, 1999","Federal","105","Adding living organisms to Domestic Substances List",,"Minister","mandatory","105 (1) The Minister shall, for the purpose of section 106, add to the Domestic Substances List maintained under section 66 any living organism if the Minister is satisfied that, between January 1, 1984 and December 31, 1986, the living organism"
13258,"Canadian Environmental Protection Act, 1999","Federal","105","Amendment of List",,"Minister","mandatory","(2) Where the Minister includes a living organism on the Domestic Substances List and subsequently learns that, between January 1, 1984 and December 31, 1986, the requirements set out in paragraphs (1)(a) and (b) were not met, the Minister shall delete the substance from the List."
13259,"Canadian Environmental Protection Act, 1999","Federal","105","Publication of List",,"Minister","mandatory","(3) The Minister shall publish in the Canada Gazette the Domestic Substances List and any amendment to the List."
13261,"Canadian Environmental Protection Act, 1999","Federal","105.1","Domestic Substances List - Food and Drugs Act",,"Minister","discretionary","105.1 (1) The Minister may, for the purpose of section 106, add a living organism to the Domestic Substances List if"
13265,"Canadian Environmental Protection Act, 1999","Federal","105.2","Amendment of List",,"Minister","discretionary","105.2 (1) If the Minister is satisfied that a living organism added to the Domestic Substances List under subsection 105(1), 105.1(1) or 112(1) is not being manufactured in Canada or imported into Canada the Minister may delete the living organism from the List."
13266,"Canadian Environmental Protection Act, 1999","Federal","105.2","Publication - notice of intent","notice","Minister","mandatory","(2) Before deleting a living organism from the Domestic Substances List under subsection (1), the Minister shall publish in the Canada Gazette and in any other manner that the Minister considers appropriate a notice indicating the Minister's intention to delete it from the List."
13297,"Canadian Environmental Protection Act, 1999","Federal","106","Application of section 109",,"Minister","discretionary","that a living organism is toxic or capable of becoming toxic, the Minister may exercise any of the powers referred to in paragraphs 109(1)(a) to (c)."
13300,"Canadian Environmental Protection Act, 1999","Federal","108","Assessment of information","order; assessment","ministers","mandatory","108 (1) Subject to subsection (4), the Ministers shall, within the prescribed assessment period, assess information provided under subsection 106(1), (3) or (4) or paragraph 109(1)(c) or otherwise available to them in respect of a living organism in order to determine whether it is toxic or capable of becoming toxic."
13301,"Canadian Environmental Protection Act, 1999","Federal","108","Assessment of information","order","ministers","mandatory","(2) Subject to subsections (3) and (4), the Ministers shall assess information provided under subsection 107(1) or otherwise available to them in respect of a living organism in order to determine whether it is toxic or capable of becoming toxic."
13308,"Canadian Environmental Protection Act, 1999","Federal","109","Action to be taken after assessment",,"Minister; ministers","discretionary","109 (1) Where the Ministers have assessed any information under section 108 and they suspect that a living organism is toxic or capable of becoming toxic, the Minister may, before the expiry of the period for assessing the information,"
13323,"Canadian Environmental Protection Act, 1999","Federal","110","Significant new activity","notice","Minister; ministers","discretionary","110 (1) Where the Ministers have assessed any information under section 108 in respect of a living organism that is not on the Domestic Substances List and they suspect that a significant new activity in relation to that living organism may result in the living organism becoming toxic, the Minister may, within 90 days after the expiry of the period for assessing the information, publish in the Canada Gazette and in any other manner that the Minister considers appropriate a notice indicating that subsection 106(4) applies with respect to the living organism."
13335,"Canadian Environmental Protection Act, 1999","Federal","112","Amendment of List",,"Minister","mandatory","112 (1) The Minister shall add a living organism to the Domestic Substances List within 120 days after the following conditions are met:"
13340,"Canadian Environmental Protection Act, 1999","Federal","112","Amendment of List",,"Minister","mandatory","(2) Where the Minister adds a living organism to the Domestic Substances List and subsequently learns that the living organism was not manufactured or imported as described in subsection (1), the Minister shall delete the living organism from the List."
13341,"Canadian Environmental Protection Act, 1999","Federal","112","Significant new activity",,"Minister","discretionary","(3) If a living organism is on the Domestic Substances List or is to be added to the List under subsection (1) or 105.1(1), the Minister may amend the List to indicate that subsection 106(3) applies with respect to the living organism."
13345,"Canadian Environmental Protection Act, 1999","Federal","112","Subsequent amendment",,"Minister","discretionary","(5) The Minister may amend the Domestic Substances List in respect of a living organism with respect to which subsection 106(3) applies"
13386,"Canadian Environmental Protection Act, 1999","Federal","118","Regulations","regulation; order_in_council","governor; Minister","discretionary","118 (1) The Governor in Council may, on the recommendation of the Minister, make regulations for the purpose of preventing or reducing the growth of aquatic vegetation that is caused by the release of nutrients in waters and that can interfere with the functioning of an ecosystem or degrade or alter, or form part of a process of degrading or altering, an ecosystem to an extent that is detrimental to its use by humans, animals or plants, including regulations"
13399,"Canadian Environmental Protection Act, 1999","Federal","119","Remedial measures","regulation","Minister","discretionary","119 (1) Where there is a contravention of section 117 or the regulations, the Minister may, in writing, direct a manufacturer or importer of a nutrient, cleaning product or water conditioner to take any or all of the following measures in the manner and within the period directed by the Minister:"
13517,"Canadian Environmental Protection Act, 1999","Federal","127","Permit","regulation; authorization; permit; authorization","Minister","discretionary","127 (1) The Minister may, on application, issue a permit authorizing the loading for disposal and disposal of waste or other matter and, subject to the regulations, renew it no more than four times."
13525,"Canadian Environmental Protection Act, 1999","Federal","128","Permits for emergency disposal","permit","Minister","discretionary","(2) The Minister may, on application, issue a permit to dispose of or incinerate a substance if the Minister is of the opinion that"
13554,"Canadian Environmental Protection Act, 1999","Federal","130","Duty to report","order; order_in_council; designation; report","governor; Officer","discretionary; mandatory","(4) If disposal takes place under subsection (1), the master of the ship, the pilot in command of the aircraft or the person in charge of the platform or other structure shall report the disposal without delay to an enforcement officer or any other person whom the Governor in Council may, by order, designate, at the location and in the manner that may be prescribed, and the report shall contain any information that may be prescribed."
13556,"Canadian Environmental Protection Act, 1999","Federal","132","Monitoring of sites",,"Minister","mandatory","132 The Minister shall monitor sites selected by the Minister that are used for disposal or incineration at sea."
13624,"Canadian Environmental Protection Act, 1999","Federal","140","Consultation","regulation; order_in_council","Agency; agency; Committee; Department; governor; Minister; Province","discretionary; mandatory","(4) Before recommending a regulation to the Governor in Council under subsection (1), the Minister shall offer to consult with the government of a province and the members of the Committee who are representatives of aboriginal governments and may consult with a government department or agency, aboriginal people, representatives of industry and labour and municipal authorities or with persons interested in the quality of the environment."
13648,"Canadian Environmental Protection Act, 1999","Federal","145","Consultation","regulation; order_in_council","Agency; agency; Committee; Department; governor; Minister; Province","discretionary; mandatory","(2) Before recommending a regulation to the Governor in Council under subsection (1), the Minister shall offer to consult with the government of a province and the members of the Committee who are representatives of aboriginal governments and may consult with a government department or agency, aboriginal people, representatives of industry and labour and municipal authorities or with persons interested in the quality of the environment."
13926,"Canadian Environmental Protection Act, 1999","Federal","185","Refusal to issue permit","regulation; authorization; permit; authorization","Minister","discretionary","(2) If the Minister is of the opinion that the waste or material will not be managed in a manner that will protect the environment and human health against the adverse effects that may result from that waste or material, the Minister may refuse, in accordance with the criteria set out in the regulations, to issue a permit even if the relevant authorities have given their authorization."
13927,"Canadian Environmental Protection Act, 1999","Federal","185","Consultation with governments","permit","Minister","mandatory","(3) Before refusing under subsection (2) to issue a permit to import, the Minister shall consult with the government of the jurisdiction of destination."
13928,"Canadian Environmental Protection Act, 1999","Federal","185","Special circumstances to issue permits","authorization; permit; authorization","Minister","discretionary","(4) Where the Minister is of the opinion that the waste or material will be managed in a manner that will protect the environment and human health against the adverse effects that may result from that waste or material, the Minister may issue a permit if the relevant authorities inform the Minister that they lack the legal authority to authorize the movement, final disposal or recycling but are not opposed to it."
13929,"Canadian Environmental Protection Act, 1999","Federal","186","Prohibitions - import, export and transit","order_in_council; agreement; approval","governor; Minister","discretionary","186 (1) For the purpose of implementing international agreements respecting the environment, the Minister may, with the approval of the Governor in Council and taking into account Canada's international obligations, prohibit, completely or partially and under any conditions that may be prescribed, the import, export or transit of waste or material referred to in subsection 185(1)."
13935,"Canadian Environmental Protection Act, 1999","Federal","188","Reduction of export for final disposal",,"Minister","discretionary; mandatory","188 (1) For the purpose of reducing or phasing out the export of hazardous waste or prescribed non-hazardous waste for final disposal, the Minister may require an exporter, or a class of exporters, of hazardous waste to"
13975,"Canadian Environmental Protection Act, 1999","Federal","196","Guidelines and codes of practice","guideline","Minister","discretionary","196 The Minister may issue guidelines and codes of practice respecting the prevention of, preparedness for and response to an environmental emergency and for restoring any part of the environment damaged by or during an emergency."
13976,"Canadian Environmental Protection Act, 1999","Federal","197","Consultation",,"Agency; agency; Committee; Department; Minister; Province","discretionary; mandatory","197 (1) In carrying out the responsibilities conferred by section 196, the Minister shall offer to consult with the government of a province and the members of the Committee who are representatives of aboriginal governments and may consult with a government department or agency, aboriginal people, representatives of industry and labour and municipal authorities or with persons interested in the quality of the environment or environmental emergencies."
14097,"Canadian Environmental Protection Act, 1999","Federal","208","Minister shall establish","guideline","Minister","mandatory","208 (1) The Minister shall establish objectives, guidelines and codes of practice for the purpose of carrying out the Minister's duties and functions under this Part related to the quality of the environment."
14102,"Canadian Environmental Protection Act, 1999","Federal","209","Regulations for the protection of the environment","regulation; order_in_council","governor; Minister","discretionary","209 (1) The Governor in Council may, on the recommendation of the Minister, make regulations for the protection of the environment, including regulations respecting"
14235,"Canadian Environmental Protection Act, 1999","Federal","218","Enforcement officer and analyst to receive accommodation",,"Officer","mandatory","(9) An enforcement officer who travels on a ship, aircraft, platform or other structure under paragraph (8)(b), and any analyst who accompanies the enforcement officer, shall be carried free of charge to and from the disposal site, and the person in command of the ship or aircraft or in charge of the platform or structure shall provide the enforcement officer and analyst with suitable accommodation and food free of charge."
14307,"Canadian Environmental Protection Act, 1999","Federal","224","Application to extend period of detention","order; code; notice","Minister","discretionary","224 (1) Where proceedings have not been instituted in respect of the contravention in relation to which a thing was seized under section 220 or subsection 223(1), the Minister may, before the expiry of 90 days after the day of the seizure and on serving prior notice in accordance with subsection (2) on the owner of the thing or on the person who at the time of the seizure was in possession of it, apply to a provincial court judge, as defined in section 2 of the Criminal Code, within whose territorial jurisdiction the seizure was made for an order extending the time during which it may be detained."
14335,"Canadian Environmental Protection Act, 1999","Federal","225.1","Power to direct ship",,"Officer","discretionary","(2) If a ship is in an area of the sea referred to in paragraph 122(2)(f), an enforcement officer may, with the consent of the foreign state that has jurisdiction in that area, direct the ship to proceed, by the route and in the manner that the enforcement officer may specify, to any place specified by the enforcement officer if the enforcement officer has reasonable grounds to believe that"
14347,"Canadian Environmental Protection Act, 1999","Federal","229","Disposal or destruction",,"Minister","discretionary; mandatory","(2) The Minister may dispose of or destroy anything forfeited under subsection (1) and, if the Minister so directs, the costs of the disposal or destruction shall be paid by the owner or the person who was in lawful possession of it at the time it was seized."
14369,"Canadian Environmental Protection Act, 1999","Federal","235","Order","regulation; order","Commission; Officer","discretionary","235 (1) Whenever, during the course of an inspection or a search, an enforcement officer has reasonable grounds to believe that any provision of this Act or the regulations has been contravened in the circumstances described in subsection (2) by a person who is continuing the commission of the offence, or that any of those provisions are likely to be contravened in the circumstances described in that subsection, the enforcement officer may issue an environmental protection compliance order directing any person described in subsection (3) to take any of the measures referred to in subsection (4) and, if applicable, subsection (5) that are reasonable in the circumstances and consistent with the protection of the environment and public safety, in order to cease or refrain from committing the alleged contravention."
14451,"Canadian Environmental Protection Act, 1999","Federal","244","Chief Review Officer","review","Chief; Minister; Officer","mandatory","244 (1) The Minister shall appoint one of the review officers as the Chief Review Officer to perform the functions of the Chief Review Officer as and when required."
14457,"Canadian Environmental Protection Act, 1999","Federal","245","Re-appointment","review","Officer","discretionary","(2) A review officer may be re-appointed."
14475,"Canadian Environmental Protection Act, 1999","Federal","258","Suspension on application","order; review","Officer","discretionary","(2) A review officer may, on application made by a person subject to the order before the beginning of the hearing, suspend the operation of the order if the review officer considers it appropriate in the circumstances and, in that case, impose on all the persons subject to the order conditions that are reasonable in the circumstances and consistent with the protection of the environment and public safety."
14668,"Canadian Environmental Protection Act, 1999","Federal","284","Importing substances by analysts","regulation; authorization; authorization","Minister","discretionary","284 Despite any other provision of this Act or the regulations, the Minister may, subject to any reasonable condition specified by the Minister, authorize in writing an analyst to import, possess and use a substance for the purpose of conducting measurements, tests and research with respect to the substance."
14884,"Canadian Environmental Protection Act, 1999","Federal","317.1","Disclosure - substance",,"Minister","discretionary","317.1 (1) The Minister may disclose the explicit chemical or biological name of a substance in respect of which a request for confidentiality has been made if the Minister takes or has taken any of the following measures:"
14889,"Canadian Environmental Protection Act, 1999","Federal","317.1","Disclosure - living organism",,"Minister","discretionary","(2) The Minister may disclose the explicit biological name of a living organism in respect of which a request for confidentiality has been made if the Minister takes or has taken any of the following measures:"
14894,"Canadian Environmental Protection Act, 1999","Federal","317.1","Disclosure - Ministers' recommendation","order_in_council","governor; Minister; ministers","mandatory","(3) The Minister shall disclose the explicit chemical or biological name of a substance or the explicit biological name of a living organism in respect of which a request for confidentiality has been made if the Ministers recommend or have recommended to the Governor in Council the addition of the substance or the living organism to Part 1 or 2 of the list of toxic substances in Schedule 1 under subsection 90(1)."
14895,"Canadian Environmental Protection Act, 1999","Federal","317.2","Disclosure after expiry",,"Minister","discretionary","317.2 (1) The Minister may disclose the explicit chemical or biological name of a substance or the explicit biological name of a living organism after the expiry of a period of 10 years after the day on which a request for confidentiality under section 313 is made."
14896,"Canadian Environmental Protection Act, 1999","Federal","317.2","Publication - notice of intent","notice","Minister","mandatory","(2) The Minister shall publish a notice in the Canada Gazette of the Minister's intention to disclose the explicit chemical or biological name under subsection (1) at least 60 days before the proposed disclosure."
14904,"Canadian Environmental Protection Act, 1999","Federal","317.3","Report to Parliament","report","Minister","mandatory","317.3 The Minister shall include in the annual report required by section 342 a report respecting the explicit chemical or biological names of substances and the explicit biological names of living organisms disclosed under section 317.1 or 317.2."
14917,"Canadian Environmental Protection Act, 1999","Federal","323","Consultation",,"Agency; agency; Committee; Department; Minister; Province","discretionary; mandatory","323 (1) In carrying out the responsibilities conferred by section 322, the Minister shall offer to consult with the government of a province and the members of the Committee who are representatives of aboriginal governments and may consult with a government department or agency, aboriginal people, representatives of industry and labour and municipal authorities or with persons interested in quality of the environment or the preservation and improvement of public health."
12732,"Canadian Environmental Protection Act, 1999","Federal","44","Cooperation with other bodies","plan; study","Agency; agency; Department; Institution; Minister","discretionary","(3) The Minister may, in exercising the powers conferred by paragraphs (1)(b) to (e), act in cooperation with any government, foreign government, government department or agency, institution, aboriginal people or any person and may sponsor or assist in any of their research, studies, planning or activities in relation to environmental quality, pollution prevention, environmental emergencies or the control or abatement of pollution."
12733,"Canadian Environmental Protection Act, 1999","Federal","44","Protection of right to healthy environment","study","ministers","mandatory","(3.1) The Ministers shall conduct research, studies or monitoring activities to support the Government of Canada in protecting the right to a healthy environment referred to in paragraph 2(1)(a.2)."
12734,"Canadian Environmental Protection Act, 1999","Federal","44","Hormone disrupting substances","study","ministers","mandatory","(4) The Ministers shall conduct research or studies relating to hormone disrupting substances, methods related to their detection, methods to determine their actual or likely short-term or long-term effect on the environment and human health, and preventive, control and abatement measures to deal with those substances to protect the environment and human health."
12740,"Canadian Environmental Protection Act, 1999","Federal","46","Notice requiring information","guideline; notice; report","Minister","discretionary","46 (1) The Minister may, for the purpose of conducting research, creating an inventory of data, formulating objectives and codes of practice, issuing guidelines or assessing or reporting on the state of the environment, publish in the Canada Gazette and in any other manner that the Minister considers appropriate a notice requiring any person described in the notice to provide the Minister with any information that may be in the possession of that person or to which the person may reasonably be expected to have access, including information regarding the following:"
12769,"Canadian Environmental Protection Act, 1999","Federal","47","Consultation",,"Agency; agency; Committee; Department; Minister; Province","discretionary; mandatory","(2) In carrying out the duties under subsection (1), the Minister shall offer to consult with the government of a province and the members of the Committee who are representatives of aboriginal governments and may consult with a government department or agency, aboriginal people, representatives of industry and labour and municipal authorities or with persons interested in the quality of the environment."
12538,"Canadian Environmental Protection Act, 1999","Federal","5.1","Implementation framework","framework","ministers","mandatory","5.1 (1) For the purposes of paragraph 2(1)(a.2), the Ministers shall, within two years after the day on which this section comes into force, develop an implementation framework to set out how the right to a healthy environment will be considered in the administration of this Act."
12791,"Canadian Environmental Protection Act, 1999","Federal","54","Formulation by the Minister",,"Minister","mandatory","54 (1) For the purpose of carrying out the Minister's mandate related to preserving the quality of the environment, the Minister shall issue"
12801,"Canadian Environmental Protection Act, 1999","Federal","54","Consultation",,"Agency; agency; Committee; Department; Minister; Province","discretionary; mandatory","(3) In carrying out the duties under subsection (1), the Minister shall offer to consult with the government of a province and the members of the Committee who are representatives of aboriginal governments and may consult with a government department or agency, aboriginal people, representatives of industry and labour and municipal authorities or with persons interested in the quality of the environment."
12804,"Canadian Environmental Protection Act, 1999","Federal","55","Formulation by the Minister of Health","guideline","Minister","discretionary; mandatory","55 (1) For the purpose of carrying out the mandate of the Minister of Health related to preserving and improving public health under this Act, the Minister of Health shall issue objectives, guidelines and codes of practice with respect to the elements of the environment that may affect the life and health of the people of Canada."
12549,"Canadian Environmental Protection Act, 1999","Federal","6","National Advisory Committee","regulation","Advisory; Committee; Minister","mandatory","6 (1) For the purpose of enabling national action to be carried out and taking cooperative action in matters affecting the environment and for the purpose of avoiding duplication in regulatory activity among governments, the Minister shall establish a National Advisory Committee"
12832,"Canadian Environmental Protection Act, 1999","Federal","60","Requirement to submit certain plans","plan; notice","Minister","discretionary; mandatory","60 (1) The Minister may publish in the Canada Gazette and in any other manner that the Minister considers appropriate a notice requiring any person or class of persons described in the notice who are required to prepare and implement a pollution prevention plan under section 56 to submit, within the period specified by the Minister, the plan or any part of the plan for the purpose of determining and assessing preventive or control actions in respect of a substance, group of substances or product."
12836,"Canadian Environmental Protection Act, 1999","Federal","62","Consultation",,"Agency; agency; Committee; Department; Minister; Province","discretionary; mandatory","(2) In carrying out the duties under subsection (1), the Minister shall offer to consult with the government of a province and the members of the Committee who are representatives of aboriginal governments and may consult with a government department or agency, aboriginal people, representatives of industry and labour and municipal authorities or with persons interested in the quality of the environment."
12845,"Canadian Environmental Protection Act, 1999","Federal","66","Domestic Substances List",,"Minister","mandatory","66 (1) The Minister shall, for the purpose of section 81, maintain a list to be known as the Domestic Substances List and, subject to subsection 66.2(1), the List shall specify all substances that the Minister is satisfied were, between January 1, 1984 and December 31, 1986,"
12848,"Canadian Environmental Protection Act, 1999","Federal","66","Non-domestic Substances List",,"Minister","mandatory","(2) The Minister shall, for the purpose of section 81, maintain a list to be known as the Non-domestic Substances List, and the List shall specify substances, other than"
12851,"Canadian Environmental Protection Act, 1999","Federal","66","Amendment of Lists",,"Minister","mandatory","(3) Where a substance was not included on the Domestic Substances List and the Minister subsequently learns that, between January 1, 1984 and December 31, 1986, the requirements set out in paragraph (1)(a) or (b) were met in respect of the substance, the Minister shall add the substance to the List and, where necessary, delete it from the Non-domestic Substances List."
12852,"Canadian Environmental Protection Act, 1999","Federal","66","Amendment of Lists",,"Minister","discretionary; mandatory","(4) Where the Minister includes a substance on the Domestic Substances List and subsequently learns that, between January 1, 1984 and December 31, 1986, the requirements set out in paragraph (1)(a) or (b) were not met in respect of the substance, the Minister shall delete the substance from the List and may add it to the Non-domestic Substances List."
12853,"Canadian Environmental Protection Act, 1999","Federal","66","Publication of Lists",,"Minister","mandatory","(5) The Minister shall publish in the Canada Gazette and in any other manner that the Minister considers appropriate the Domestic Substances List, the Non-domestic Substances List and any amendments to those Lists."
12855,"Canadian Environmental Protection Act, 1999","Federal","66.1","Domestic Substances List - Food and Drugs Act",,"Minister","discretionary","66.1 (1) The Minister may, for the purpose of section 81, add a substance to the Domestic Substances List if"
12859,"Canadian Environmental Protection Act, 1999","Federal","66.1","Domestic Substances List - Food and Drugs Act",,"Minister","mandatory","If the substance appears on the Non-domestic Substances List, the Minister shall delete it from that List."
12861,"Canadian Environmental Protection Act, 1999","Federal","66.2","Amendment of Lists",,"Minister","discretionary","66.2 (1) If the Minister is satisfied that a substance referred to in subsection 66(1) that is specified on the Domestic Substances List - or a substance added to the List under subsection 66.1(1) or 87(1) or (5) - is not being manufactured in Canada, imported into Canada, in Canadian commerce or used for commercial manufacturing purposes in Canada, the Minister may delete the substance from the List and may add it to the Non-domestic Substances List."
12862,"Canadian Environmental Protection Act, 1999","Federal","66.2","Publication - notice of intent","notice","Minister","mandatory","(2) Before deleting a substance from the Domestic Substances List under subsection (1), the Minister shall publish in the Canada Gazette and in any other manner that the Minister considers appropriate a notice indicating the Minister's intention to delete it from the List."
12872,"Canadian Environmental Protection Act, 1999","Federal","68","Research, investigation and evaluation",,"Minister","discretionary","68 For the purpose of assessing whether a substance is toxic or is capable of becoming toxic - or for the purpose of assessing whether to control, or the manner in which to control, a substance, a product that contains a substance or a product that may release a substance into the environment - including a substance specified on the list of toxic substances in Schedule 1, either Minister may"
12897,"Canadian Environmental Protection Act, 1999","Federal","69","Consultation",,"Agency; agency; Committee; Department; Minister; ministers; Province","discretionary; mandatory","(2) In exercising the powers under subsection (1), either Minister or both Ministers shall offer to consult with the government of a province and the members of the Committee who are representatives of aboriginal governments and may consult with a government department or agency, aboriginal people, representatives of industry and labour and municipal authorities or with persons interested in assessing and controlling toxic substances."
12904,"Canadian Environmental Protection Act, 1999","Federal","71","Notice requiring information, samples or testing",,"Minister","discretionary","71 (1) The Minister may, for the purpose of assessing whether a substance is toxic or is capable of becoming toxic - or for the purpose of assessing whether to control, or the manner in which to control, a substance, a product that contains a substance or a product that may release a substance into the environment - including a substance specified on the list of toxic substances in Schedule 1,"
12925,"Canadian Environmental Protection Act, 1999","Federal","72","Exercise of power under paragraph 71(1)(c)",,"Minister; ministers","discretionary","72 The Minister may not exercise the power under paragraph 71(1)(c) in relation to a substance, a product that contains a substance or a product that may release a substance into the environment unless the Ministers have reason to suspect that the substance is toxic or capable of becoming toxic or it has been determined under this Act that the substance is toxic or capable of becoming toxic."
12940,"Canadian Environmental Protection Act, 1999","Federal","74","Report to Parliament","plan; report","ministers","mandatory","74 The Ministers shall include in the annual report required by section 342 a report on the progress made in assessing the substances specified in the plan developed under section 73 and in respect of any activities or initiatives specified in the plan."
12945,"Canadian Environmental Protection Act, 1999","Federal","75","Procedures for exchange of information with other jurisdictions",,"Minister","mandatory","(2) The Minister shall, to the extent possible, cooperate and develop procedures with jurisdictions, other than the Government of Canada, to exchange information respecting substances that are specifically prohibited or substantially restricted by or under the legislation of those jurisdictions for environmental or health reasons."
12946,"Canadian Environmental Protection Act, 1999","Federal","75","Review of decisions of other jurisdictions","order; review","Minister; ministers; parliament","mandatory","(3) Where the Minister is notified in accordance with procedures developed under subsection (2) of a decision to specifically prohibit or substantially restrict any substance by or under the legislation of another jurisdiction for environmental or health reasons, the Ministers shall review the decision in order to determine whether the substance is toxic or capable of becoming toxic, unless the decision relates to a substance the only use of which in Canada is regulated under another Act of Parliament that provides for environmental and health protection."
12947,"Canadian Environmental Protection Act, 1999","Federal","75.1","List of substances capable of becoming toxic",,"Minister; ministers","discretionary; mandatory","75.1 (1) The Minister shall compile and may amend from time to time a list that specifies substances that the Ministers have reason to suspect are capable of becoming toxic or that have been determined to be capable of becoming toxic."
12964,"Canadian Environmental Protection Act, 1999","Federal","77","Publication after assessment or review","assessment; review","Minister; ministers","discretionary; mandatory","77 (1) If the Ministers have conducted an assessment under this Part, other than under section 83, to determine whether a substance is toxic or capable of becoming toxic or a review of a decision of another jurisdiction under subsection 75(3) that, in their opinion, is based on scientific considerations and is relevant to Canada, the Ministers shall publish in the Canada Gazette, and either Minister may publish in any other manner that that Minister considers appropriate,"
12972,"Canadian Environmental Protection Act, 1999","Federal","77","Mandatory proposal",,"ministers","mandatory","(3) The Ministers shall propose to take the measure referred to in paragraph (2)(c) if the substance is determined to be toxic and the Ministers are satisfied that"
12989,"Canadian Environmental Protection Act, 1999","Federal","77","Recommendation to Governor in Council","order","ministers","mandatory","(9) When the Ministers publish a statement under paragraph (6)(b) indicating that the measure that they propose to take is a recommendation that the substance be added to Part 1 or 2 of the list of toxic substances in Schedule 1, the Ministers shall make a recommendation for an order under subsection 90(1), and, if the substance is already specified in the other Part, the Ministers shall make a recommendation for an order under subsection 90(2)."
13029,"Canadian Environmental Protection Act, 1999","Federal","81","Application of section 84",,"Minister","discretionary","that a substance is toxic or capable of becoming toxic, the Minister may exercise any of the powers referred to in paragraphs 84(1)(a) to (c)."
13033,"Canadian Environmental Protection Act, 1999","Federal","83","Assessment of information","order; assessment","ministers","mandatory","83 (1) Subject to subsection (4), the Ministers shall, within the prescribed assessment period, assess information provided under subsection 81(1), (3) or (4) or paragraph 84(1)(c) or otherwise available to them in respect of a substance in order to determine whether it is toxic or capable of becoming toxic."
13034,"Canadian Environmental Protection Act, 1999","Federal","83","Assessment of information","order","ministers","mandatory","(2) Subject to subsections (3) and (4), the Ministers shall assess information provided under subsection 82(1) or otherwise available to them in respect of a substance in order to determine whether it is toxic or capable of becoming toxic."
13039,"Canadian Environmental Protection Act, 1999","Federal","84","Action to be taken after assessment",,"Minister; ministers","discretionary","84 (1) Where the Ministers have assessed any information under section 83 and they suspect that a substance is toxic or capable of becoming toxic, the Minister may, before the expiry of the period for assessing the information,"
13054,"Canadian Environmental Protection Act, 1999","Federal","85","Significant new activity","notice","Minister; ministers","discretionary","85 (1) Where the Ministers have assessed any information under section 83 in respect of a substance that is not on the Domestic Substances List and they suspect that a significant new activity in relation to the substance may result in the substance becoming toxic, the Minister may, within 90 days after the expiry of the period for assessing the information, publish in the Canada Gazette, and in any other manner that the Minister considers appropriate, a notice indicating that subsection 81(4) applies with respect to the substance."
13066,"Canadian Environmental Protection Act, 1999","Federal","87","Amendment of Lists",,"Minister","mandatory","87 (1) The Minister shall add a substance to the Domestic Substances List and, if it appears on the Non-domestic Substances List, delete it from that List, within 120 days after the following conditions are met:"
13074,"Canadian Environmental Protection Act, 1999","Federal","87","Amendment of Lists",,"Minister","mandatory","(2) Where the Minister adds a substance to the Domestic Substances List and subsequently learns that the substance was not manufactured or imported as described in subsection (1), the Minister shall delete the substance from the Domestic Substances List, and if it has been deleted from the Non-domestic Substances List, the Minister shall add it to that List."
13075,"Canadian Environmental Protection Act, 1999","Federal","87","Significant new activity",,"Minister","discretionary","(3) If a substance is on the Domestic Substances List or is to be added to the List under subsection (1) or 66.1(1), the Minister may amend the List to indicate that subsection 81(3) applies with respect to the substance."
13079,"Canadian Environmental Protection Act, 1999","Federal","87","Subsequent amendment",,"Minister","discretionary","(4.1) The Minister may amend the Domestic Substances List in respect of a substance with respect to which subsection 81(3) applies"
13085,"Canadian Environmental Protection Act, 1999","Federal","87","Amendments of Lists",,"Minister","mandatory","(5) Despite subsection (1), the Minister shall add a substance to the Domestic Substances List and, if it appears on the Non-Domestic Substances List, delete it from that List, within 120 days after the following conditions are met:"
13113,"Canadian Environmental Protection Act, 1999","Federal","90","Addition to list of toxic substances","order; order_in_council","governor; ministers","discretionary","90 (1) Subject to subsection (3), the Governor in Council may, if satisfied that a substance is toxic, on the recommendation of the Ministers, make an order adding the substance to Part 1 or 2 of the list of toxic substances in Schedule 1."
13114,"Canadian Environmental Protection Act, 1999","Federal","90","Priorities","regulation","ministers","mandatory","(1.1) In developing a proposed regulation or instrument respecting preventive or control actions, including actions that lead to the use of safer or more sustainable alternatives for the environment or human health, in relation to a substance specified on the list of toxic substances in Schedule 1, the Ministers shall give priority to pollution prevention actions and, in particular, in the case of a substance specified in Part 1 of the list of toxic substances in that Schedule, to the total, partial or conditional prohibition of activities in relation to the substance or of releases of the substance into the environment."
13115,"Canadian Environmental Protection Act, 1999","Federal","90","Consideration of factors",,"ministers","discretionary; mandatory","(1.2) For the purposes of subsection (1.1), the Ministers shall, in respect of a substance specified in Part 1 of the list of toxic substances in Schedule 1, consider whether the activity or release can be undertaken in a manner that minimizes or eliminates any harmful effect on the environment or human health and whether there are feasible alternatives to the substance."
13116,"Canadian Environmental Protection Act, 1999","Federal","90","Deletion from the list of toxic substances","regulation; order; order_in_council","governor; ministers","discretionary","(2) Subject to subsection (3), the Governor in Council may, if satisfied that the inclusion of a substance specified in Part 1 or 2 of the list of toxic substances in Schedule 1 is no longer necessary, on the recommendation of the Ministers, make an order deleting the substance from that Part and repealing the regulations made under section 93 with respect to the substance."
13135,"Canadian Environmental Protection Act, 1999","Federal","93","Regulations","regulation; order_in_council","governor; ministers","discretionary","93 (1) Subject to subsections (3) and (4), the Governor in Council may, on the recommendation of the Ministers, make regulations with respect to a substance specified on the list of toxic substances in Schedule 1, including regulations providing for, or imposing requirements respecting,"
13223,"Canadian Environmental Protection Act, 1999","Federal","99","Remedial measures","regulation","Minister","discretionary","99 If, in respect of a substance, a product that contains a substance or a product that may release a substance into the environment, there is a contravention of this Part or any regulation made under this Part, the Minister may, in writing,"
15175,"Canadian Navigable Waters Act","Federal","10.4","Emergency","order; authorization; authorization; notice","Minister","discretionary; mandatory","10.4 (1) Even if the application referred to in subsection 5(1) or paragraph 10(1)(a) has not yet been made, or the notice referred to in paragraph 10(1)(b) has not yet been published, the Minister may authorize, subject to any terms or conditions that he or she considers appropriate, the construction, placement, alteration, rebuilding, removal or decommissioning of a work - other than a minor work - in, on, over, under, through or across any navigable water if the Minister is of the opinion that it must be carried out immediately in order to respond to"
15190,"Canadian Navigable Waters Act","Federal","13","Repair, alteration or removal","order","Minister","discretionary","13 (1) The Minister may order the owner of a work in, on, over, under, through or across any navigable water to repair, alter or remove it if he or she considers that"
15205,"Canadian Navigable Waters Act","Federal","15","Minister's powers","order","Minister","discretionary","(3) The Minister may order the person in charge of an obstruction in a navigable water to repair, secure, move, remove, dismantle or destroy it in the manner that the Minister considers appropriate or, if he or she is satisfied that it is necessary in the circumstances, may order the person to do any other thing with respect to the obstruction."
15207,"Canadian Navigable Waters Act","Federal","15.1","Potential obstruction","order","Minister","discretionary","15.1 (1) The Minister may order the person in charge of a potential obstruction that has persisted for more than 24 hours in a navigable water to repair, secure, move, remove, dismantle or destroy it in the manner that the Minister considers appropriate or, if he or she is satisfied that it is necessary in the circumstances, may order the person to do any other thing with respect to the potential obstruction."
15209,"Canadian Navigable Waters Act","Federal","15.2","Minister's powers",,"Minister","discretionary","15.2 If the person in charge of an obstruction or a potential obstruction in a navigable water is not known or cannot be located, the Minister may repair, secure, move, remove, dismantle or destroy it or do any other thing with respect to the obstruction or potential obstruction that he or she considers appropriate."
15212,"Canadian Navigable Waters Act","Federal","17","Sale","order","Minister","discretionary","17 (1) If a person in charge of an obstruction or potential obstruction in a navigable water fails to comply with paragraph 15(2)(a) or (b) or is not known or cannot be located, or if a person to whom an order is given under subsection 15(3), 15.1(1) or 16(1) fails to comply with the order, the Minister may sell by auction or otherwise, as he or she considers appropriate, the obstruction or potential obstruction or the thing referred to in subsection 16(1). The Minister may apply the proceeds of the sale to make good the costs incurred by the Minister while acting under subsection 15(4) or 15.1(2) or section 15.2 or subsection 16(2), as the case may be."
15228,"Canadian Navigable Waters Act","Federal","24","Exemption by order","order; order_in_council; exemption","governor; Minister","discretionary","24 (1) The Governor in Council may, by order, exempt from the application of any of sections 21 to 23, any rivers, streams or waters, in whole or in part, if the Minister receives an application for an exemption and the Governor in Council is satisfied that it would be in the public interest."
15240,"Canadian Navigable Waters Act","Federal","26","Designated places to deposit materials","regulation; order_in_council; designation","governor","discretionary","26 (1) The Governor in Council may, by regulation, designate places in any navigable water that is not within the jurisdiction of any person referred to in section 25, where stone, gravel, earth, cinders, ashes or other material may be deposited even if the minimum depth of water at that place may be less than 36 metres."
15294,"Canadian Navigable Waters Act","Federal","29","Addition to schedule","order","Minister","discretionary","29 (1) The Minister may, by order, amend the schedule by adding to it a reference to a navigable water after considering the following factors:"
15303,"Canadian Navigable Waters Act","Federal","29","Other amendment of schedule","regulation; order; order_in_council","governor; Minister","discretionary","(3) The Minister may, by order, amend the schedule by amending a reference to a navigable water and the Governor in Council may, by regulation, amend the schedule by deleting a reference to a navigable water."
15663,"Coastal Fisheries Protection Act","Federal","10","Custody of seized vessels and goods",,"Minister; Officer","discretionary; mandatory","10 Subject to section 11, any fishing vessel and goods seized pursuant to section 9 shall be retained in the custody of the protection officer who made the seizure or delivered into the custody of such person as the Minister may direct."
15680,"Coastal Fisheries Protection Act","Federal","16.01","Forfeiture - seizure under subsection 9(2)","order; code","Officer","discretionary","16.01 (1) A justice, as defined in section 2 of the Criminal Code, on ex parte application by a protection officer, may order the forfeiture to Her Majesty in right of Canada of any fish, marine plant or other thing seized under subsection 9(2) or of the proceeds realized from a sale under section 11 of that fish, marine plant or other thing, if the justice is satisfied by information on oath that"
15691,"Coastal Fisheries Protection Act","Federal","16.2","Protection officer's powers","regulation; designation; agreement","Board; Officer","discretionary","16.2 (1) A protection officer may, in an area of the sea designated under subparagraph 6(e)(ii), for a purpose related to verifying compliance with section 5.3 and any regulations made under subparagraph 6(e)(i), board a fishing vessel of a state party to the Fish Stocks Agreement and exercise the powers referred to in subsection 7.1(3)."
15692,"Coastal Fisheries Protection Act","Federal","16.2","Search",,"Officer","discretionary","(1.1) If the protection officer has reasonable grounds to believe that the fishing vessel has contravened section 5.3, the officer may, with a warrant issued under section 7.6 or without a warrant in exigent circumstances, search the fishing vessel and exercise the power under subsection 9(1) to seize evidence."
15693,"Coastal Fisheries Protection Act","Federal","16.2","Notice","agreement","Officer","mandatory","(2) If the protection officer has reasonable grounds to believe that the fishing vessel has contravened section 5.3, the officer shall without delay inform the state party to the Fish Stocks Agreement."
15694,"Coastal Fisheries Protection Act","Federal","16.2","Consent","regulation; agreement","Officer","discretionary","(3) In addition to the powers referred to in subsections (1) and (1.1), a protection officer may, with the consent of the state party to the Fish Stocks Agreement, exercise any powers referred to in section 16.1. The officer is deemed to have received the consent of the state if the state has not responded within the period prescribed by regulation or has responded but is not fully investigating the alleged contravention."
15695,"Coastal Fisheries Protection Act","Federal","16.3","Forfeiture - treaty or arrangement","order; code","Officer","discretionary","16.3 (1) A justice, as defined in section 2 of the Criminal Code, on ex parte application by a protection officer, may order the forfeiture to Her Majesty in right of Canada of any fish or marine plant detained by a protection officer if the justice is satisfied by information on oath that"
15701,"Coastal Fisheries Protection Act","Federal","16.4","Disclosure",,"Minister","discretionary","16.4 The Minister may disclose to a foreign fishing vessel's flag state, to the state of nationality of the foreign fishing vessel's master or to a coastal state, fisheries management organization, organization of states or international organization information that relates to any of the following:"
15708,"Coastal Fisheries Protection Act","Federal","16.5","Measures - Canadian fishing vessel","agreement","Minister","discretionary","16.5 The Minister may disclose to a party to the Port State Measures Agreement, coastal state, fisheries management organization or international organization information relating to any measure that is taken under the Fisheries Act in respect of a Canadian fishing vessel in response to a measure that is taken, in respect of that vessel, by another state under the Port State Measures Agreement."
15709,"Coastal Fisheries Protection Act","Federal","16.6","Canada Border Services Agency",,"Agency; agency; Minister","discretionary","16.6 For a purpose related to verifying compliance with this Act, the Minister may disclose to the Canada Border Services Agency information relating to the importation of any fish or marine plant."
15619,"Coastal Fisheries Protection Act","Federal","7.1","Entry - fishing vessel within Canadian fisheries waters or NAFO Regulatory Area","regulation","Board; Officer","discretionary","(2) Despite subsection (1), a protection officer may board a fishing vessel found within Canadian fisheries waters or the NAFO Regulatory Area for a purpose related to verifying compliance with this Act."
15632,"Coastal Fisheries Protection Act","Federal","7.1","Entry - fishing vessels ordered to port by flag state","authorization; authorization","Board; Officer","discretionary","(4) A protection officer may, for a purpose related to verifying compliance with a law related to fisheries of a foreign state, with any conservation or management measures of a fisheries management organization or with an international fisheries treaty or arrangement to which Canada is party, including any conservation, management or enforcement measures taken under the treaty or arrangement, board a foreign fishing vessel that was authorized to enter Canadian fisheries waters under subparagraph 6(a)(iii)."
15636,"Coastal Fisheries Protection Act","Federal","7.3","Stopping and detaining vehicle","regulation","Officer","discretionary; mandatory","7.3 A protection officer may, for a purpose related to verifying compliance with this Act, direct that any vehicle, including a fishing vessel found within Canadian fisheries waters or the NAFO Regulatory Area, be stopped and moved to another location and may detain it for a reasonable time. The person in charge of the vehicle shall comply with the directions."
15642,"Coastal Fisheries Protection Act","Federal","7.5","Enforcement on high seas for unauthorized fishing in Canadian fisheries waters","designation; agreement","Officer","discretionary","7.5 (1) If a protection officer has reasonable grounds to believe that a fishing vessel of a state party to the Fish Stocks Agreement or of a state that is party to a treaty or arrangement described in paragraph 6(f) has engaged in unauthorized fishing in Canadian fisheries waters and the vessel is in an area of the sea designated under subparagraph 6(e)(ii) or (f)(ii), the officer may, with the consent of that state, take any enforcement action that is consistent with this Act."
15646,"Coastal Fisheries Protection Act","Federal","7.6","Search - fishing vessels ordered to port by flag state","authorization; code; authorization","Board; Officer","discretionary","(3) A justice, as defined in section 2 of the Criminal Code, on ex parte application by a protection officer, may issue a warrant authorizing the protection officer named in the warrant to board a foreign fishing vessel that was authorized to enter Canadian fisheries waters under subparagraph 6(a)(iii) and search the vessel, or to enter any other place and search the other place, for any fish, marine plant or other thing, subject to any conditions specified in the warrant, if the justice is satisfied by information on oath that"
15651,"Coastal Fisheries Protection Act","Federal","8.1","Use of force","regulation","Officer","discretionary","8.1 A protection officer may, in the manner and to the extent prescribed by the regulations, use force that is intended or is likely to disable a foreign fishing vessel, if the protection officer"
15658,"Coastal Fisheries Protection Act","Federal","9","Seizure - fishing vessels ordered to port by flag state","authorization; code; authorization","Officer","discretionary","(2) A justice, as defined in section 2 of the Criminal Code, on ex parte application by a protection officer, may issue a warrant authorizing the protection officer named in the warrant to seize any fish, marine plant or other thing in a foreign fishing vessel that was authorized to enter Canadian fisheries waters under subparagraph 6(a)(iii) or in any other place, subject to any conditions specified in the warrant, if the justice is satisfied by information on oath that"
20204,"Department Of Fisheries And Oceans Act","Federal","2","Department established",,"Commission; Department; Minister","mandatory","2 (1) There is hereby established a department of the Government of Canada called the Department of Fisheries and Oceans over which the Minister of Fisheries and Oceans appointed by commission under the Great Seal shall preside."
20206,"Department Of Fisheries And Oceans Act","Federal","3","Deputy head","order_in_council","Department; governor; Minister; Office; Officer","discretionary","3 The Governor in Council may appoint an officer called the Deputy Minister of Fisheries and Oceans to hold office during pleasure and to be the deputy head of the Department."
20219,"Department Of The Environment Act","Federal","2","Department established",,"Commission; Department; Minister","mandatory","2 (1) There is hereby established a department of the Government of Canada called the Department of the Environment over which the Minister of the Environment appointed by commission under the Great Seal shall preside."
20221,"Department Of The Environment Act","Federal","3","Deputy head","order_in_council","Department; governor; Minister; Office; Officer","discretionary","3 The Governor in Council may appoint an officer called the Deputy Minister of the Environment to hold office during pleasure and to be the deputy head of the Department."
20237,"Department Of The Environment Act","Federal","6","Guidelines related to environmental quality","regulation; order; order_in_council; guideline; approval","governor; Minister","discretionary","6 For the purposes of carrying out his duties and functions related to environmental quality, the Minister may, by order, with the approval of the Governor in Council, establish guidelines for use by departments, boards and agencies of the Government of Canada and, where appropriate, by corporations named in Schedule III to the Financial Administration Act and regulatory bodies in the exercise of their powers and the carrying out of their duties and functions."
20267,"Dike Maintenance Act","Provincial","2","Inspector of dikes",,"inspector","discretionary","(2) The inspector may"
20271,"Dike Maintenance Act","Provincial","2","Inspector of dikes","authorization; authorization","inspector","discretionary","(d) authorize and empower any diking authority or person, on conditions the inspector may impose, to"
20278,"Dike Maintenance Act","Provincial","2","Inspector of dikes",,"inspector","discretionary","(3) The inspector and those employees considered necessary may be appointed under the Public Service Act."
20285,"Dike Maintenance Act","Provincial","2","Inspector of dikes","regulation; standard; approval","inspector","mandatory","(5) In granting an approval under subsection (4), the inspector must consider the appropriateness of a standard established by regulation under section 8 (2) in relation to the dike that is the subject of the request, in light of"
20294,"Dike Maintenance Act","Provincial","2.1","Orders made by inspector","order; notice","inspector","discretionary","(4) The inspector may, at any time on notice to the person or diking authority to whom the order was directed, amend or revoke any order of the inspector."
20299,"Dike Maintenance Act","Provincial","3","Failure to carry out an order of the inspector","order; authorization; authorization","inspector","discretionary","(2) If the inspector acts under subsection (1), any expense incurred by the inspector in fulfilling the requirements of the order or in authorizing or employing another person to do so, including any interest the inspector may have to pay, is a debt owing to the government by the person or diking authority to whom the order was directed."
20335,"Dike Maintenance Act","Provincial","6.1","Additional sentencing orders","order","Commission; Minister","discretionary","(2) If a person or diking authority fails to comply with an order referred to in subsection (1) (h) directing the person or diking authority to publish the facts relating to the commission of an offence, the minister may publish those facts and recover the costs of publication from the person or diking authority."
20667,"Dominion Water Power Act","Federal","12","Agreements with provincial authorities","agreement","Minister","discretionary","12 The Minister may enter into cooperative agreements with the authorities of any of the provinces for making stream measurements, carrying on investigations, collecting and publishing data respecting water and power resources and the best methods of utilizing water and power resources."
20636,"Dominion Water Power Act","Federal","5","Lands adjacent to submerged areas","regulation","Minister","discretionary; mandatory","(3) Where small areas only of any parcel or subdivision of any public lands are required to be submerged along the bank of any stream in connection with an undertaking and it has not been found practicable or expedient to make surveys for the purpose of setting out the exact limits of the area to be flooded, the Minister may dispose of the parcel or subdivision in accordance with any other Act or regulation applicable to the disposal of those lands, but reserving the right at any time to raise the water surface to such elevation as may be required in connection with the undertaking."
21728,"Drainage, Ditch And Dike Act","Provincial","118","Enlargement of district","order_in_council; notice","governor; Lieutenant","discretionary","the Lieutenant Governor in Council may by order in council, after notice the Lieutenant Governor in Council thinks advisable, enlarge the existing district and redefine the boundaries of it to include the additional land."
21838,"Drainage, Ditch And Dike Act","Provincial","152","Power of Lieutenant Governor in Council to appoint and dismiss commissioners","order_in_council","governor; Lieutenant","discretionary","(2) If the commissioners delay for 4 weeks to pay the payments due on the money borrowed, the Lieutenant Governor in Council may dismiss the commissioners and appoint new ones in their place, and all the powers and authorities vested in the commissioners dismissed then devolve on and vest in the newly appointed commissioners."
21848,"Drainage, Ditch And Dike Act","Provincial","155","Inspection by engineer appointed by Lieutenant Governor in Council","order_in_council","governor; Lieutenant","discretionary","155  (1) The Lieutenant Governor in Council may, at the request of the commissioners, or at the request of any persons holding debentures or bonds issued by the commissioners, appoint a civil engineer or other properly qualified person to inspect and examine the works in any drainage or diking district."
21873,"Drainage, Ditch And Dike Act","Provincial","162","Annual meetings in district constituted before April 1, 1919","order_in_council","commissioner; governor; Lieutenant; Office","discretionary","(7) If, at an annual general meeting, the owners in any district fail to elect a commissioner, the Lieutenant Governor in Council may appoint a person a commissioner for the district, and the commissioner appointed has the same rights and powers and holds office for the same term as if elected at an annual meeting."
21910,"Drainage, Ditch And Dike Act","Provincial","166","Order of transference","order; order_in_council","governor; inspector; Lieutenant","discretionary","166  (1) The Lieutenant Governor in Council may order that the powers and duties of the commissioners of any district be transferred to an inspector of dikes."
21545,"Drainage, Ditch And Dike Act","Provincial","69","Commissioner may act as clerk and collector",,"commissioner","discretionary; mandatory","69  The offices of clerk and collector may be held by one person, and any commissioner may be appointed clerk or collector, or both, but a commissioner must not receive a fee for acting in that capacity."
21595,"Drainage, Ditch And Dike Act","Provincial","77","Annual meetings in district constituted after March 31, 1919","order_in_council","commissioner; governor; Lieutenant","discretionary","(8) If at an annual general meeting the owners in a district fail to elect a commissioner, the Lieutenant Governor in Council may appoint a person as a commissioner for the district."
21620,"Drainage, Ditch And Dike Act","Provincial","81","Purposes for which commissioners may levy taxes","approval","Comptroller","discretionary","(2) Subject to the Water Sustainability Act and to the approval of the comptroller, the commissioners may make rules for"
22114,"Drinking Water Protection Act","Provincial","14","Public notice of threats to drinking water",,"Officer","discretionary","(c) the drinking water officer considers that there is, was or may be a threat to              the drinking water provided by a water supply system."
22132,"Drinking Water Protection Act","Provincial","17","Water supply systems with multiple owners",,"Officer","discretionary; mandatory","17  (1) If a water supply system is owned by 2 or more persons, or parts of the water            supply system are owned by different persons, the drinking water officer may require            those persons"
22135,"Drinking Water Protection Act","Provincial","17","Water supply systems with multiple owners","designation","Officer","discretionary; mandatory","(2) If subsection (1) applies and the owners do not make the required            designation, the drinking water officer may designate one of the owners for the purposes            of this section."
22026,"Drinking Water Protection Act","Provincial","3","Drinking water officers","order","Minister","discretionary","(2) The minister may, by order, appoint persons, by name or by title, as drinking            water officers and establish the area of their jurisdiction."
22028,"Drinking Water Protection Act","Provincial","3","Drinking water officers","regulation","Officer","discretionary","(4) Subject to the regulations, a drinking water officer may, in writing, delegate            to any person a power or duty of the drinking water officer under this or another            enactment."
22324,"Drinking Water Protection Act","Provincial","36","Implementing a plan: restrictions on groundwater activities","regulation; order_in_council; plan; designation","governor; Lieutenant","discretionary","36  (1) For the purposes of implementing a drinking water protection plan, the Lieutenant Governor in Council may, by regulation applicable to all or part of the designated area for the plan, restrict or prohibit one or more of the following or may impose requirements on a person doing one or more of the following:"
22080,"Drinking Water Protection Act","Provincial","8","Operating permits and requirements for water supply          systems","permit","Officer","discretionary; mandatory","(4) The drinking water officer or an issuing official may change the terms and            conditions of an operating permit if the officer or issuing official considers this            advisable, but must first consult with the water supplier respecting the proposed            changes and must consider any comments of the water supplier in response."
22085,"Drinking Water Protection Act","Provincial","8","Operating permits and requirements for water supply          systems","order; report","Officer","discretionary","the drinking water officer may order the water supplier to undertake additional            monitoring or testing as directed by the officer, and to report the results and make            them public as directed by the officer."
22553,"Ecological Reserve Act","Provincial","3","Establishing and modifying ecological reserves","order; order_in_council","governor; Lieutenant","discretionary","3  (1) The Lieutenant Governor in Council may, by order,"
22556,"Ecological Reserve Act","Provincial","3","Establishing and modifying ecological reserves","order; order_in_council; reserve","governor; Lieutenant","discretionary","(2) The Lieutenant Governor in Council may, by order, add to, cancel in its entirety or delete any portion of an ecological reserve established under subsection (1)."
22558,"Ecological Reserve Act","Provincial","3","Establishing and modifying ecological reserves","order; order_in_council; reserve","governor; Lieutenant","discretionary","(4) The Lieutenant Governor in Council may, by order, add to an ecological reserve referenced in Schedule A or B of the Protected Areas of British Columbia Act."
22564,"Ecological Reserve Act","Provincial","5.1","Permits for scientific research and educational purposes","regulation; authorization; reserve; permit; authorization","Minister","discretionary","5.1  (1) In accordance with the regulations, the minister may issue a permit to a person authorizing use and occupation of an ecological reserve for ecological scientific research or educational purposes under section 2."
22571,"Ecological Reserve Act","Provincial","5.1","Permits for scientific research and educational purposes","regulation; reserve; permit","Minister","discretionary","(6) In accordance with the regulations, the minister may suspend, modify or cancel a permit issued under this section if the minister considers it advisable for the protection of the ecological reserve or its natural resources."
22572,"Ecological Reserve Act","Provincial","5.1","Permits for scientific research and educational purposes","regulation","Minister","discretionary","(7) Subject to the regulations, the minister may delegate to any person or class of persons any of the minister's powers, duties and functions under this section."
22574,"Ecological Reserve Act","Provincial","6.1","Designation and delegation by minister","designation","Minister","discretionary","6.1  (1) The minister may designate as a director a person appointed under the Public Service Act."
22575,"Ecological Reserve Act","Provincial","6.1","Designation and delegation by minister","designation","Minister","discretionary","(2) The minister may delegate to a director designated under subsection (1) any of the minister's powers or duties under sections 6.2 to 6.4."
22587,"Ecological Reserve Act","Provincial","6.4","Recovery of administrative penalties","certificate","Minister","discretionary; mandatory","(2) If a person fails to pay an administrative penalty as required under section 6.2, the minister may file a certificate in a court that has jurisdiction and, on filing, the certificate has the same force and effect, and all proceedings may be taken on it, as if it were a judgment of the court with which it is filed."
22639,"Ecological Reserve Act","Provincial","9","Advisers","reserve","Minister","discretionary","9  (1) The minister may appoint a person or persons to advise the minister on any matter relating to the establishment and administration of ecological reserves."
22947,"Emergency And Disaster Management Act","Provincial","11","Provincial emergency management organization","designation","Minister","mandatory","(3) The minister must designate, as the provincial administrator, a person appointed under the Public Service Act."
22948,"Emergency And Disaster Management Act","Provincial","11","Provincial emergency management organization",,"Minister","mandatory","(4) The deputy minister referred to in subsection (2) must, in accordance with the Public Service Act, appoint officers and employees that the deputy minister considers necessary to assist the minister and the provincial administrator to exercise powers and perform duties under this Act."
24021,"Emergency And Disaster Management Act","Provincial","138","Recovering amounts paid","regulation; certificate","Minister","discretionary","(b) the minister may, in accordance with the regulations, file a certificate in the prescribed form with a court that has jurisdiction, and"
24084,"Emergency And Disaster Management Act","Provincial","149","Amount under order is debt due","regulation; certificate","Minister","discretionary","(b) the minister may, in accordance with the regulations, file a certificate in the prescribed form with a court that has jurisdiction, and"
22918,"Emergency And Disaster Management Act","Provincial","6","Committees",,"Committee; Minister","discretionary","(2) The minister may appoint members to a committee."
22923,"Emergency And Disaster Management Act","Provincial","6","Committees",,"Minister","discretionary","(5) The minister may, in writing, delegate to the provincial administrator any of the minister's powers under this section."
23512,"Emergency And Disaster Management Act","Provincial","77","Evacuations and removals",,"Minister","discretionary","(3) Unless the minister directs otherwise, the provincial administrator may do all the things that the minister may do as described under this section with respect to any area that is not within the jurisdiction of a local authority."
22925,"Emergency And Disaster Management Act","Provincial","8","Minister may enter into agreements","agreement","Minister","discretionary","8  The minister may enter into agreements, including with the government of Canada or of another jurisdiction of Canada or with persons located outside British Columbia, for any of the following purposes:"
24952,"Energy Resource Activities Act","Provincial","10","Minister may order independent audit","order","Minister; Regulator","discretionary","(2) The minister responsible for the Wildlife Act may order an independent audit of the performance of the regulator in fulfilling its purposes or exercising its powers and performing its functions and duties under this Act in relation to the protection and effective management of the environment."
24954,"Energy Resource Activities Act","Provincial","10","Minister may order independent audit",,"Auditor; Regulator","mandatory","(4) If requested by an auditor appointed for the purposes of subsection (1) or (2), the regulator must submit records in its possession that the auditor determines are relevant to the audit."
25958,"Energy Resource Activities Act","Provincial","103","Environmental protection and management","regulation; order_in_council; permit","governor; Lieutenant","discretionary; mandatory","103  (1) For the purposes of environmental protection and management, the Lieutenant Governor in Council may make regulations respecting actions that a permit holder and a person carrying out an energy resource activity or an off-site environmental mitigation activity must take or refrain from taking to protect or effectively manage the environment."
25959,"Energy Resource Activities Act","Provincial","103","Environmental protection and management","regulation; order_in_council; permit","governor; Lieutenant","discretionary; mandatory","(2) Without limiting subsection (1), the Lieutenant Governor in Council may make regulations respecting actions that a permit holder and a person carrying out an energy resource activity or an off-site environmental mitigation activity must take or refrain from taking with respect to any of the following:"
26003,"Energy Resource Activities Act","Provincial","104","Authorizations respecting environmental protection and management","regulation; order_in_council; authorization; authorization","governor; Lieutenant; Minister","discretionary","(2) The Lieutenant Governor in Council may make regulations authorizing the minister responsible for administering the Water Sustainability Act"
26014,"Energy Resource Activities Act","Provincial","104","Authorizations respecting environmental protection and management","regulation; order_in_council; authorization; authorization","governor; Lieutenant; Minister","discretionary","(4) The Lieutenant Governor in Council may make regulations authorizing the minister responsible for administering the Forest and Range Practices Act to establish, for the purposes of section 103 (2) (f) and (3) (d), lakeshore management zones."
24961,"Energy Resource Activities Act","Provincial","11","Advisory committee","report","Advisory; Board; Committee","discretionary","11  (1) The board may establish and appoint an advisory committee to consider or inquire into any matter and to report its findings and provide its advice to the board."
24962,"Energy Resource Activities Act","Provincial","11","Advisory committee",,"Advisory; Committee; Minister; Regulator","discretionary","(2) The regulator may pay to a person appointed as a member of an advisory committee remuneration and expense allowances at rates set by the minister."
26076,"Energy Resource Activities Act","Provincial","111","Energy resource activities","regulation","Board","discretionary","111  (1) The board may make regulations respecting the carrying out of an energy resource activity, including, without limiting this, regulations as follows:"
24978,"Energy Resource Activities Act","Provincial","15","Audit","report","Auditor; Board; Minister; Regulator","mandatory","15  Unless the Auditor General is appointed in accordance with the Auditor General Act as the auditor of the regulator, an auditor appointed by the regulator must, at least once for each fiscal year, audit and report on the accounts of the regulator to the Executive Council through the minister and to the board, and the costs of the audit must be paid by the regulator."
24891,"Energy Resource Activities Act","Provincial","2","British Columbia Energy Regulator","order","Minister","discretionary","(9) If a director dies or is unable to act or if a director's position is otherwise vacant, the minister, by order, may appoint an acting director for a period not longer than 6 months."
25115,"Energy Resource Activities Act","Provincial","26","Actions by regulator respecting permit","authorization; permit; authorization","Regulator","discretionary; mandatory","(5) If the regulator suspends or cancels a permit or a permission under subsection (1) (b) or (c) or a permit expires under section 32 (1), the regulator may also suspend or cancel an authorization issued to the permit holder for a related activity of an energy resource activity permitted, or an off-site environmental mitigation activity required, by the permit, whether or not a specified enactment prohibits the suspension or cancellation of the authorization or requires the regulator to make a finding other than the suspension or cancellation of a permit before suspending or cancelling an authorization."
25132,"Energy Resource Activities Act","Provincial","28","Permitted activity under pipeline permits","permit","Regulator","discretionary","(a) the regulator, in a pipeline permit, may give permission to the pipeline permit holder to construct or operate a pipeline across, along, over or under any highway, road, public place, railway, underground communication or power line or another pipeline, and"
25137,"Energy Resource Activities Act","Provincial","29","Transfer of permit and authorizations","authorization; permit; authorization","Regulator","mandatory","(b) if the regulator transfers the permit under paragraph (a), must transfer, despite anything in a specified enactment prohibiting the transfer, all authorizations issued to the permit holder for related activities of an energy resource activity permitted, or an off-site environmental mitigation activity required, by the permit."
25186,"Energy Resource Activities Act","Provincial","32","Expiration of permit and authorizations","authorization; authorization; approval","Regulator","discretionary","(6) Despite anything in a specified enactment, if the regulator grants an extension under subsection (5) for a period of time, the regulator may also extend the term of an authorization referred to in subsection (1), other than an authorization under section 10 [use approvals] of the Water Sustainability Act."
25221,"Energy Resource Activities Act","Provincial","36","Environmental protection and management","regulation; order; permit; exemption","Regulator","discretionary","(2) Subject to regulations made under section 98, the regulator, by order, may exempt, on any conditions the regulator considers necessary, a permit holder or a person carrying out an energy resource activity or an off-site environmental mitigation activity from a requirement imposed by regulation under section 103."
25270,"Energy Resource Activities Act","Provincial","41","Certificate of restoration","certificate","Regulator","discretionary; mandatory","may apply to the regulator for a certificate of restoration by submitting, in the form and manner the regulator requires, the information and other records required by the regulator."
25271,"Energy Resource Activities Act","Provincial","41","Certificate of restoration","certificate","Regulator","discretionary","(2) On application by a person under subsection (1), the regulator may issue to the person a certificate of restoration certifying, on the basis of the information known to the regulator at the time of certification, that the regulator is satisfied"
25354,"Energy Resource Activities Act","Provincial","43.12","Compensation for restoration by responsible persons","regulation","Regulator","discretionary","43.12  Subject to the regulations, the regulator may, on application by a responsible person who has restored an orphan site in whole or in part, pay to the person an amount of compensation determined as follows out of the fund:"
25389,"Energy Resource Activities Act","Provincial","45","Reclamation of orphan sites",,"Regulator","discretionary","45  (1) The regulator may restore orphan sites."
25390,"Energy Resource Activities Act","Provincial","45","Reclamation of orphan sites","designation","Regulator","discretionary","(2) The regulator may designate as an orphan site"
25410,"Energy Resource Activities Act","Provincial","45","Reclamation of orphan sites",,"Regulator","discretionary","(5) The regulator may do one or more of the following:"
25434,"Energy Resource Activities Act","Provincial","45.1","Reclamation of orphan sites - use of security",,"Regulator","mandatory","(a) the regulator must deposit the money received to the credit of the fund,"
25436,"Energy Resource Activities Act","Provincial","45.1","Reclamation of orphan sites - use of security","regulation","Regulator","mandatory","(c) subject to and in accordance with the regulations, the regulator must, if the regulator determines under section 45 (5) (c) that the orphan site has been satisfactorily restored, repay from the fund the portion, if any, of the money received that exceeds the sum of"
25439,"Energy Resource Activities Act","Provincial","46","Compensation for land owners respecting orphan sites","regulation; permit","Regulator","discretionary","46  (1) On application by a land owner on whose land the regulator expends money in accordance with section 45, the regulator may make payments from the fund to compensate the land owner for the loss of use of the land owner's land as a result of the failure by the permit holder or former permit holder referred to in section 45 (2) to restore the land, subject to the maximums, conditions and limitations prescribed by regulation."
25452,"Energy Resource Activities Act","Provincial","47","Orphan site restoration levy",,"Board","discretionary","(5) For certainty, the board may impose more than one levy under this section in a calendar year."
25555,"Energy Resource Activities Act","Provincial","53","Control of energy resource activities","order","Regulator","discretionary","(a) the regulator may issue orders concerning the well, pipeline, facility or storage reservoir to"
25559,"Energy Resource Activities Act","Provincial","53","Control of energy resource activities",,"Regulator","discretionary","(b) subject to section 55, the regulator may take, deal with and dispose of all petroleum, natural gas or other substances from the well, pipeline, facility or storage reservoir."
25566,"Energy Resource Activities Act","Provincial","55","Payment into court",,"Regulator","discretionary; mandatory","55  The net proceeds of spillage disposed of under section 52 (3) (a) or of petroleum, natural gas or other substances disposed of under section 53 (2) (b) remaining after payment of the costs and expenses under section 54 must be paid by the regulator into the Supreme Court, and must be paid out to the persons and in the amounts as may be determined by the court on application of a person claiming to be entitled to any of the proceeds."
24919,"Energy Resource Activities Act","Provincial","6.1","Commissioner","order_in_council","Chief; commissioner; governor; Lieutenant; Officer; Regulator","discretionary","6.1  (1) The Lieutenant Governor in Council may appoint an individual, to be known as the commissioner, as the chief executive officer of the regulator."
24920,"Energy Resource Activities Act","Provincial","6.1","Commissioner","order","commissioner; Minister","discretionary","(2) If the commissioner dies or is unable to act or if the commissioner's position is otherwise vacant, the minister, by order, may appoint an individual to be the acting commissioner for a period not longer than 6 months."
24921,"Energy Resource Activities Act","Provincial","6.1","Commissioner",,"Board; commissioner","discretionary","(3) The board may appoint a deputy commissioner."
24945,"Energy Resource Activities Act","Provincial","9","Application of section 8 to pipelines under jurisdiction of Canada","regulation; order_in_council; approval","governor; Lieutenant; Regulator","discretionary","(3) Despite subsection (2), the Lieutenant Governor in Council may, by regulation, extend the regulator's powers under section 8 to include the power to issue an approval under one or more specified enactments with respect to a pipeline referred to in subsection (2)."
25880,"Energy Resource Activities Act","Provincial","93","Recovery of debts due",,"Regulator","discretionary; mandatory","93  An amount that a person is required under this Act, other than section 18, to pay to the regulator or the government is a debt due by that person to the government or the regulator, as the case may be, and the debt may be recovered by the government or the regulator in any court of competent jurisdiction."
25881,"Energy Resource Activities Act","Provincial","93.1","Certificate of debts due","certificate","commissioner; Regulator","discretionary","93.1  (1) If a person fails to pay an amount owing to the regulator under this Act, other than section 18, the commissioner may issue, and file with a court having jurisdiction, a certificate specifying the amount owed and the name of the person who owes it."
25882,"Energy Resource Activities Act","Provincial","93.1","Certificate of debts due","certificate","Minister","discretionary","(2) If a person fails to pay an amount owing to the government under this Act, the minister may issue, and file with a court having jurisdiction, a certificate specifying the amount owed and the name of the person who owes it."
26566,"Environment And Land Use Act","Provincial","2","Committee continued",,"Committee","mandatory","(1.1) The majority of members of the Environment and Land Use Committee must be members of the Executive Council."
26582,"Environment And Land Use Act","Provincial","7","Orders of Lieutenant Governor in Council","regulation; order; order_in_council","Committee; governor; Lieutenant","discretionary","7  (1) On the recommendation of the committee, and despite any other Act or regulation, the Lieutenant Governor in Council may make orders the Lieutenant Governor in Council considers necessary or advisable respecting the environment or land use."
26819,"Environmental Assessment Act","Provincial","22","Community advisory committee",,"Advisory; Committee","discretionary","(2) An individual appointed to a community advisory committee under subsection (1) may be paid reasonable and necessary travelling and out-of-pocket expenses incurred by the person in carrying out duties of the committee."
26829,"Environmental Assessment Act","Provincial","24","Process planning by minister","assessment","Commission; Minister","discretionary","(i)  by a commission that the minister may constitute for the purpose of the assessment, consisting of one or more individuals that the minister may appoint to the commission,"
26830,"Environmental Assessment Act","Provincial","24","Process planning by minister",,"Minister","discretionary","(ii)  by a hearing panel, with a public hearing to be held by one or more individuals that the minister may appoint to the hearing panel, or"
26831,"Environmental Assessment Act","Provincial","24","Process planning by minister","order; assessment","Chief; Minister; Officer","discretionary","(iii)  by the chief executive assessment officer, an Indigenous nation or an individual that the minister may appoint by any method or procedure that the minister considers appropriate and specifies in the order, and"
26853,"Environmental Assessment Act","Provincial","27","Application for environmental assessment certificate","assessment","Chief; Officer","mandatory","(2) Within 180 days of receiving an application under subsection (1), the chief executive assessment officer must"
26860,"Environmental Assessment Act","Provincial","27","Application for environmental assessment certificate","assessment; review","Chief; Officer","discretionary","(4) The chief executive assessment officer may accept a revised application for review only if the chief executive assessment officer is satisfied that the revised application"
26863,"Environmental Assessment Act","Provincial","27","Application for environmental assessment certificate","assessment","Chief; Officer","mandatory","(5) Before deciding whether to accept a revised application under subsection (4), the chief executive assessment officer must seek to achieve, with respect to the sufficiency of the application under subsection (4), consensus with participating Indigenous nations."
26876,"Environmental Assessment Act","Provincial","29","Decision on application for environmental assessment certificate","certificate; assessment","Chief; ministers; Officer","mandatory","29  (1) Subject to subsection (2), on completion of the requirements set out in section 28 (2) (c), the chief executive assessment officer or assessment body, as applicable, must refer the proponent's revised application for an environmental assessment certificate to the ministers for a decision under subsection (4) of this section."
26886,"Environmental Assessment Act","Provincial","29","Decision on application for environmental assessment certificate","assessment","Chief; Officer","mandatory","(3) Before making a recommendation for the purposes of subsection (2) (b) (i), the chief executive assessment officer must seek to achieve, with respect to the recommendation, consensus with participating Indigenous nations."
26893,"Environmental Assessment Act","Provincial","29","Decision on application for environmental assessment certificate","notice","ministers","mandatory","(5) If a recommendation under subsection (2) (b) (i) is contrary to the consent or lack of consent indicated in a notice referred to in subsection (2) (c), the ministers must, before making a decision under subsection (4) (c), offer to meet with the participating Indigenous nation that provided the notice."
26894,"Environmental Assessment Act","Provincial","29","Decision on application for environmental assessment certificate",,"ministers","mandatory","(6) If the offer referred to in subsection (5) is accepted within 3 days of the offer being made, the ministers must"
26897,"Environmental Assessment Act","Provincial","29","Decision on application for environmental assessment certificate","certificate; assessment","ministers","mandatory","(7) The ministers must publish reasons for a decision made under subsection (4) (c) and must, in a case where a notification referred to in subsection (2) (c) indicates a lack of consent and the ministers' decision is to issue an environmental assessment certificate, provide reasons for why the decision to issue the certificate was made."
26898,"Environmental Assessment Act","Provincial","29","Decision on application for environmental assessment certificate","assessment","Chief; ministers; Officer","mandatory","(8) The chief executive assessment officer must, at the request of the ministers, assist the ministers with the exercising of their powers and the carrying out of their duties under this section."
26627,"Environmental Assessment Act","Provincial","3","Appointment of chief executive assessment officer","order_in_council; assessment","Chief; governor; Lieutenant; Officer","discretionary","3  (1) The Lieutenant Governor in Council may appoint an individual to be the chief executive assessment officer."
26900,"Environmental Assessment Act","Provincial","31","Duration and effect of certificate","certificate; assessment","Minister","mandatory","31  (1) An environmental assessment certificate must specify a deadline, not more than 10 years after the issue date of the certificate, by which deadline the holder of the certificate, in the reasonable opinion of the minister, must have substantially started the project."
26914,"Environmental Assessment Act","Provincial","31","Duration and effect of certificate","order; certificate","Minister","discretionary","(b) the minister may issue an order to the former certificate holder respecting decommissioning of the project and reclamation activities."
26917,"Environmental Assessment Act","Provincial","32","Amending environmental assessment certificate","assessment","Chief; Officer","mandatory","(2) The chief executive assessment officer must consider an application under subsection (1) and the reasons provided, in accordance with any procedures determined by the chief executive assessment officer for the assessment of the proposed change, including any time limits."
26918,"Environmental Assessment Act","Provincial","32","Amending environmental assessment certificate","assessment","Chief; Minister; Officer","mandatory","(3) After considering the application under subsection (1), the chief executive assessment officer, or the minister if the chief executive assessment officer refers the application to the minister, must"
26921,"Environmental Assessment Act","Provincial","32","Amending environmental assessment certificate","certificate; notice; assessment","Chief; Officer","mandatory","(4) The chief executive assessment officer must provide notice of a decision under subsection (3) to the holder of the environmental assessment certificate."
26922,"Environmental Assessment Act","Provincial","32","Amending environmental assessment certificate","order; certificate; exemption; assessment","Chief; Officer","discretionary","(5) The chief executive assessment officer may, without application under subsection (1), amend an environmental assessment certificate or exemption order as described in subsection (3) (a) if"
26928,"Environmental Assessment Act","Provincial","32","Amending environmental assessment certificate","assessment","Chief; Officer","mandatory","(7) Before making a decision under subsection (3), (5) (b), (5) (c) or (5) (d) with respect to a project, the chief executive assessment officer must seek to achieve, with respect to the amendment, consensus with participating Indigenous nations."
26929,"Environmental Assessment Act","Provincial","32","Amending environmental assessment certificate","assessment","Agency; agency; Board; Chief; Officer","mandatory","(8) Before making a decision under subsection (5) (a) with respect to a project, the chief executive assessment officer must be satisfied that the applicable of the person, board, tribunal or agency referred to in that subsection sought to achieve, with respect to the amendment, consensus with participating Indigenous nations."
26930,"Environmental Assessment Act","Provincial","33","Transfer of certificate or exemption","order; certificate; exemption; assessment","Chief; Officer","discretionary","33  (1) On application by the holder of an environmental assessment certificate or exemption order, the chief executive assessment officer may transfer the certificate or order to another person on any conditions the chief executive assessment officer considers appropriate."
26961,"Environmental Assessment Act","Provincial","37","Approvals under other enactments","order; approval; certificate; assessment","Agency; agency; Board; ministers","discretionary","(b) if approval is recommended, and the ministers issue an environmental assessment certificate, may order the person, board, tribunal or agency that has the authority to issue the approvals under other enactments to issue them"
27003,"Environmental Assessment Act","Provincial","41","Agreements","report; assessment","Chief; Officer","mandatory","(f) give the chief executive assessment officer a right to require from the other party or jurisdiction further information regarding the assessment after the chief executive assessment officer has reviewed the report referred to in paragraph (e)."
27006,"Environmental Assessment Act","Provincial","43","Agreements with Nisg_a'a Nation","agreement; assessment","Minister","discretionary","43  The minister may enter into agreements for the purposes set out in paragraph 1 of chapter 10 [Environmental Assessment and Protection] of the Nisg_a'a Final Agreement."
27015,"Environmental Assessment Act","Provincial","45","Suspension of assessment process pending other inquiries","order; certificate; assessment","Minister","discretionary","45  (1) At any time before a decision is made under section 29 (4) about the proponent's revised application for an environmental assessment certificate or before a decision is made under section 32 (3) about the proponent's application to amend an environmental assessment certificate, the minister may, by order, suspend a process under this Act until the outcome is reached of any investigation, inquiry, hearing, assessment under section 35 or 73 or other process that"
27035,"Environmental Assessment Act","Provincial","47","Assessment costs may be recovered","order; certificate; assessment","Chief; Minister; Officer","discretionary","47  (1) The minister or chief executive assessment officer may order the proponent of a reviewable project or the holder of an environmental assessment certificate to pay prescribed fees or prescribed charges for all or part of the costs that are or were incurred by or on behalf of an assessment body in carrying out an assessment of the reviewable project under this Act or in administering this Act."
27036,"Environmental Assessment Act","Provincial","47","Assessment costs may be recovered","certificate; assessment","Chief; Officer","discretionary; mandatory","(2) The chief executive assessment officer may require the proponent of a reviewable project or the holder of an environmental assessment certificate to provide security, in the amount and form, and subject to the conditions, specified by the chief executive assessment officer, against the non-payment of fees or charges under this Act."
27046,"Environmental Assessment Act","Provincial","49","Inspection power","assessment","Chief; Officer","discretionary","49  (1) The chief executive assessment officer may appoint individuals, by name or by title, as compliance and enforcement officers."
27047,"Environmental Assessment Act","Provincial","49","Inspection power","assessment","Chief; Officer","discretionary","(2) In making appointments under subsection (1), the chief executive assessment officer may restrict the powers of the individuals appointed to a subset of powers set out in this Act."
27064,"Environmental Assessment Act","Provincial","50","Compliance and enforcement agreements","agreement; assessment","Chief; Officer","discretionary","(2) In addition to the power referred to in section 4, the chief executive assessment officer may, in an agreement under subsection (1), delegate a power referred to in that section."
27079,"Environmental Assessment Act","Provincial","53","Order to cease or remedy","order; certificate; exemption; assessment","Chief; Officer","discretionary","53  (1) If the chief executive assessment officer considers that there is or is likely to be a contravention of this Act, an environmental assessment certificate or an exemption order, the chief executive assessment officer may order a person to"
27086,"Environmental Assessment Act","Provincial","53","Order to cease or remedy","certificate; assessment","Chief; Officer","discretionary","(5) If a person fails to pay a debt referred to in subsection (4), the chief executive assessment officer may file a certificate in a court that has jurisdiction and, upon filing, the certificate has the same force and effect, and all proceedings may be taken on it, as if it were a judgment of the court with which it is filed."
27095,"Environmental Assessment Act","Provincial","55","Compliance agreement","order; agreement; certificate; exemption; assessment","Minister","discretionary","55  (1) If the minister considers it appropriate to do so, the minister may give the holder of an environmental assessment certificate or exemption order an opportunity to make a written compliance agreement with the minister, by which the holder undertakes to comply with the environmental assessment certificate or exemption order within the time and on the terms specified in the agreement."
27096,"Environmental Assessment Act","Provincial","55","Compliance agreement","order; agreement; certificate; exemption; assessment","Minister","discretionary","(2) Despite a written compliance agreement, the minister may make an order referred to in section 53 in respect of the holder of an environmental assessment certificate or exemption order or another person that is the subject of an order under section 53"
27136,"Environmental Assessment Act","Provincial","62","Recovery of administrative penalties","certificate; assessment","Chief; Officer","discretionary; mandatory","(2) If a person fails to pay an administrative penalty as required under section 60, the chief executive assessment officer may file a certificate in a court that has jurisdiction and, upon filing, the certificate has the same force and effect, and all proceedings may be taken on it, as if it were a judgment of the court with which it is filed."
27185,"Environmental Assessment Act","Provincial","72","Ministerial delegation",,"Minister; Office","discretionary","72  The minister may delegate in writing to any employee of the office any power or duty conferred or imposed on the minister under this Act."
27193,"Environmental Assessment Act","Provincial","74","Audits","order; certificate; exemption; assessment","Chief; Officer","discretionary","74  (1) The chief executive assessment officer may order an independent audit of the carrying out of a reviewable project that has been issued an environmental assessment certificate or exemption order."
27196,"Environmental Assessment Act","Provincial","74","Audits","order; certificate; exemption; report; assessment","Auditor","mandatory","(4) Before an audit report is finalized, the auditor must provide to the holder of the environmental assessment certificate or exemption order"
27199,"Environmental Assessment Act","Provincial","74","Audits","order; certificate; exemption; report; assessment","Auditor","mandatory","(5) As soon as practicable after completing an audit, the auditor must submit the final audit report and any comments of the holder of the environmental assessment certificate or exemption order to"
29276,"Environmental Management Act","Provincial","106","Conservation Officer Service","designation","Chief; Officer","discretionary","(b) the chief conservation officer, or a member of the Conservation Officer Service designated by the chief conservation officer for the purpose, may do all the following:"
29284,"Environmental Management Act","Provincial","106","Conservation Officer Service",,"Officer","discretionary","(4) An auxiliary or a special conservation officer may perform and exercise the duties and powers imposed and conferred on the officer under subsection (3) (b) (iv)."
29295,"Environmental Management Act","Provincial","107","Powers and duties of conservation officers",,"Officer","discretionary","107  (1) A member of the Conservation Officer Service may"
29307,"Environmental Management Act","Provincial","107.03","Warrantless search in exigent circumstances",,"Officer","discretionary","(2) If the conditions necessary for obtaining a warrant under section 107.02 exist but the delay necessary to obtain the warrant would result in a danger to human life or safety, a member of the Conservation Officer Service may, without a warrant,"
29310,"Environmental Management Act","Provincial","107.03","Warrantless search in exigent circumstances",,"Officer","discretionary","(3) If the conditions necessary for obtaining a warrant under section 107.02 exist but the delay necessary to obtain the warrant would result in the loss or destruction of evidence, a member of the Conservation Officer Service may, without a warrant,"
29418,"Environmental Management Act","Provincial","111","Inspection of vehicles","regulation; order; plan; permit; licence; approval","Officer","discretionary","(2) For the purposes of ensuring compliance with this Act or the regulations, including with a permit, licence, order, waste management plan or approval, if an officer has reasonable grounds for believing that a vehicle is being used for the transportation or handling of waste, the officer may, at any reasonable time,"
29427,"Environmental Management Act","Provincial","111","Inspection of vehicles",,"Officer","discretionary; mandatory","(3) If, as a result of an inspection or a test carried out under this section, it appears to the officer that the vehicle is transporting hazardous waste in a manner that creates a risk of harm to the public or the environment, the officer may require the driver to drive the vehicle to a place the officer specifies and the officer may do one or more of the following:"
29478,"Environmental Management Act","Provincial","117","Recovery of administrative penalties","certificate","Officer","discretionary; mandatory","(2) If a person fails to pay an administrative penalty as required under section 115 [administrative penalties], the officer who made the determination may file a certificate in a court that has jurisdiction and, upon filing, the certificate has the same force and effect, and all proceedings may be taken on it, as if it were a judgment of the court with which it is filed."
29679,"Environmental Management Act","Provincial","135","Interagency agreements","designation; agreement","Chief; Minister; Officer","discretionary","135  (1) Subject to the direction of the minister, the chief conservation officer or any other person designated by the minister may enter into agreements with other agencies of government, including those of the federal government and of provincial, municipal and first nations governments, respecting"
29684,"Environmental Management Act","Provincial","136","Waste Management Trust Fund",,"Minister","discretionary","136  (1) The minister may establish a fund to be known as the Waste Management Trust Fund."
29698,"Environmental Management Act","Provincial","137","Powers that Lieutenant Governor in Council may exercise","order_in_council","governor; Lieutenant","discretionary","137  (1) If the Lieutenant Governor in Council considers it to be necessary in the public interest, the Lieutenant Governor in Council has and may exercise, in respect of wastes, all the powers that a director may exercise under this Act in respect of wastes."
29699,"Environmental Management Act","Provincial","137","Powers that Lieutenant Governor in Council may exercise","order_in_council; permit","governor; Lieutenant","discretionary","(2) Without limiting subsection (1), the Lieutenant Governor in Council, after any consultations the Lieutenant Governor in Council considers desirable, may issue permits for the construction and operation of facilities for the management, treatment, disposal, recycling, storage and destruction of wastes or for the introduction of wastes into the environment."
29778,"Environmental Management Act","Provincial","141","Transitional regulations","regulation; order_in_council","governor; Lieutenant","discretionary","141  (1) The Lieutenant Governor in Council may make regulations the Lieutenant Governor in Council considers necessary or advisable for the orderly transition from the application of the Environment Management Act and the Waste Management Act to their replacement by this Act."
27793,"Environmental Management Act","Provincial","19","Variance orders","order; plan; permit; licence; approval","Minister","discretionary","19  (1) If the minister considers that a person should have temporary relief from a requirement of an order, a permit, an approval, a licence or a waste management plan, the minister may issue a variance order with respect to a requirement of the order, permit, approval, licence or waste management plan."
27833,"Environmental Management Act","Provincial","21","Regulations for the purposes of Part 2","order_in_council; authorization; permit; authorization","governor; Lieutenant","discretionary; mandatory","(u) requiring a person who manages hazardous waste or introduces waste into the environment, other than in accordance with a permit under section 14, to give security in the amount and form and subject to the conditions the Lieutenant Governor in Council may specify, or authorizing a director to require a person who manages hazardous waste or introduces waste into the environment, other than in accordance with a permit under section 14, to give security in the amount and form and subject to the conditions the director may specify."
27883,"Environmental Management Act","Provincial","24","Waste management plans","plan; approval","Minister","mandatory","(2) On the written request of the minister, a regional district must submit for approval by the minister a waste management plan that"
27887,"Environmental Management Act","Provincial","24","Waste management plans","notice","Minister","discretionary","(3) Despite any other requirement of this Act, the minister, by notice in writing, may"
27890,"Environmental Management Act","Provincial","24","Waste management plans","regulation; plan","Minister","discretionary","(4) If the minister considers it to be in the public interest and is satisfied that a municipality is making efforts in good faith to complete a waste management plan in accordance with this Act and the regulations, the minister may, on conditions specified by the minister, grant an extension of a date specified under this section."
27891,"Environmental Management Act","Provincial","24","Waste management plans","plan","Minister","discretionary","(5) Subject to section 27 (2) [public consultation process], the minister may, at any time, with or without conditions, approve all or part of a waste management plan or an amendment to a waste management plan."
27892,"Environmental Management Act","Provincial","24","Waste management plans","order; plan","Minister","discretionary","(6) The minister may, by order, amend or cancel a waste management plan and, if cancelled, the waste management plan ceases to have force or effect."
27969,"Environmental Management Act","Provincial","27","Public consultation process","plan; review","Minister","discretionary","(2) The minister may not approve a waste management plan unless the minister is satisfied that there has been adequate public review and consultation with respect to the development, amendment and final content of the waste management plan."
27970,"Environmental Management Act","Provincial","28","Operational certificates","regulation; plan; certificate","Minister","discretionary","28  (1) If a waste management plan is approved by the minister, a director may, in accordance with the regulations, issue an operational certificate, with or without conditions, to the municipality or to any person who is the owner of a site or facility covered by the waste management plan."
27979,"Environmental Management Act","Provincial","29","Sewage control areas","order_in_council; designation","Board; governor; Lieutenant","discretionary","29  (1) The Lieutenant Governor in Council may designate all or a specified part of a municipality as a sewage control area, and on the designation the council, board or other governing body of the municipality"
27991,"Environmental Management Act","Provincial","29","Sewage control areas","order_in_council","governor; Lieutenant","discretionary","(6) The Lieutenant Governor in Council may reduce or extend the boundaries of a sewage control area, and may disestablish a sewage control area."
27992,"Environmental Management Act","Provincial","30","Sewage in regional districts","bylaw","Board","discretionary","30  (1) The board of the Greater Vancouver Sewerage and Drainage District or, if a regional district exercises a power to provide a service related to the disposal or treatment of sewage, the board of the district, may make bylaws respecting the direct or indirect discharge of wastes into any sewer or drain connected to a sewerage facility operated by the district."
27998,"Environmental Management Act","Provincial","31","Control of air contaminants in Greater Vancouver","bylaw","Board","discretionary","31  (1) Despite anything in its letters patent, the Metro Vancouver Regional District may provide the service of air pollution control and air quality management and, for that purpose, the board of the regional district may, by bylaw, prohibit, regulate and otherwise control and prevent the discharge of air contaminants."
27999,"Environmental Management Act","Provincial","31","Control of air contaminants in Greater Vancouver",,"Board","mandatory","(2) The board of the Metro Vancouver Regional District must appoint"
28011,"Environmental Management Act","Provincial","31","Control of air contaminants in Greater Vancouver","bylaw","Minister","discretionary; mandatory","(5) The minister may require the Metro Vancouver Regional District to amend, suspend or cancel any bylaw or part of a bylaw made under this section if the minister considers it necessary in the public interest."
28022,"Environmental Management Act","Provincial","32","Disposal of municipal solid waste in Greater Vancouver",,"Minister","discretionary","(4) If the minister considers it necessary in the public interest with respect to the exercise of the powers granted under subsections (1) and (2), the minister may"
28025,"Environmental Management Act","Provincial","32","Disposal of municipal solid waste in Greater Vancouver","report","Minister","discretionary","(5) After the minister receives a report and recommendation from the officers referred to in subsection (4) (a), and after any consultation the minister considers necessary, the minister may revoke any or all of the powers granted under subsection (1) or (2)."
28034,"Environmental Management Act","Provincial","34","Bylaw approval or amendment","bylaw; authorization; authorization","Minister","discretionary; mandatory","(2) If the minister considers it necessary in the public interest, the minister may require a regional district or the Greater Vancouver Sewerage and Drainage District to amend, suspend or cancel a bylaw or part of a bylaw, or any authorization given under a bylaw made under section 25 [authority to manage municipal solid waste and recyclable material in regional districts], 26 [municipal solid waste disposal fees], 32 [disposal of municipal solid waste in Greater Vancouver] or 33 [disposal of municipal solid waste in other regional districts]."
28051,"Environmental Management Act","Provincial","37","Conflicts between this Act and bylaws, permits, etc. issued by a municipality","order; order_in_council; bylaw; plan; permit; approval","governor; Lieutenant","discretionary","that would not allow the land to be used for the purpose allowed under a permit, approval or order issued in respect of the land or an approved waste management plan respecting the land, the Lieutenant Governor in Council may, by order, suspend the operation of the bylaw or contract to the extent the Lieutenant Governor in Council considers necessary to enable the rights given by the permit approval or order to be exercised."
28329,"Environmental Management Act","Provincial","49","Allocation panel",,"Minister","discretionary","49  (1) The minister may appoint up to 12 persons with specialized knowledge in contamination, remediation or methods of dispute resolution to act as allocation advisors under this section."
28460,"Environmental Management Act","Provincial","57","Delegation of responsibilities to municipalities or other ministries","authorization; agreement; authorization","Minister","discretionary","57  (1) The minister and a municipality may enter into an agreement authorizing the municipality to exercise powers and perform functions described in subsection (3), except in relation to a contaminated site that is owned by a municipality or for which a municipality is a responsible person."
28461,"Environmental Management Act","Provincial","57","Delegation of responsibilities to municipalities or other ministries","regulation","Minister","discretionary","(2) For the purpose of enhancing coordination of Provincial regulatory activities, the minister and any other minister of the government may enter into an arrangement enabling officials of the ministry of the other minister to exercise or perform one or more powers and functions described in this Part, except in relation to a contaminated site that is owned by that ministry or for which that ministry is a responsible person."
28478,"Environmental Management Act","Provincial","58","Orphan sites",,"Minister","discretionary","(2) The minister may declare, in writing, that it is necessary for the protection of human health or the environment for the government to undertake remediation of"
28481,"Environmental Management Act","Provincial","58","Orphan sites","order; authorization; authorization","Minister; Officer","discretionary","(3) If the minister has made a declaration under subsection (2), the minister may carry out remediation and recover the reasonably incurred costs of the remediation and the minister, or an officer authorized in writing by the minister, may, even though the ordered action interferes with or abrogates property rights, order any person to"
28484,"Environmental Management Act","Provincial","58","Orphan sites",,"Minister; Officer","discretionary","(4) If the minister has made a declaration under subsection (2), a director, an officer or any person directed to do so by the officer, may enter property and carry out remediation, even though the entry or remediation interferes with or abrogates property rights."
28486,"Environmental Management Act","Provincial","58","Orphan sites",,"Minister","discretionary; mandatory","(6) If the minister certifies that money is required to undertake remediation under this section, the amount the minister certifies to be required may be paid out of the consolidated revenue fund."
28500,"Environmental Management Act","Provincial","59","Cost recovery if minister carries out remediation",,"Minister; Office","discretionary","(4) The minister may register a lien at the land title office against a contaminated site for the costs of remediation incurred by the government at the contaminated site that has been remediated under section 58 [orphan sites]."
28537,"Environmental Management Act","Provincial","62","Contaminated site regulations","regulation; order_in_council","governor; Lieutenant","discretionary","62  (1) Without limiting section 138 (1) [general authority to make regulations], the Lieutenant Governor in Council may make regulations as follows:"
28566,"Environmental Management Act","Provincial","62","Contaminated site regulations","order_in_council; exemption","governor; Lieutenant","discretionary","(q) exempting any person from any requirement under this Part in circumstances and on conditions that the Lieutenant Governor in Council may prescribe;"
28569,"Environmental Management Act","Provincial","63","Minister's regulations - contaminated sites","regulation","Minister","discretionary","63  (1) The minister may make regulations in relation to contaminated site remediation as follows:"
28601,"Environmental Management Act","Provincial","63","Minister's regulations - contaminated sites","exemption","Minister","discretionary","(q) exempting any person from any requirement under this Part in circumstances and on conditions that the minister may prescribe;"
28603,"Environmental Management Act","Provincial","63","Minister's regulations - contaminated sites","regulation","Minister","discretionary","(1.1) The minister may make regulations as follows:"
28807,"Environmental Management Act","Provincial","78","Minister may require environmental impact assessment","regulation; assessment","Minister","discretionary; mandatory","the minister may require the person to provide an environmental impact assessment in respect of that thing, prepared in accordance with the regulations."
28812,"Environmental Management Act","Provincial","79","Spill prevention and reporting","order","Minister","discretionary","(2) If a person has possession, charge or control of any polluting substance, the minister may, if the minister considers it reasonable and necessary to lessen the risk of an escape or spill of the substance, order that person"
28817,"Environmental Management Act","Provincial","79","Spill prevention and reporting","order; plan","Minister","discretionary","(4) The minister may order a person who prepared a contingency plan to test the plan."
28823,"Environmental Management Act","Provincial","79","Spill prevention and reporting","order","Minister","discretionary","(7) The minister may amend or cancel an order made under this section."
28836,"Environmental Management Act","Provincial","82","Preventing municipal pollution","order","Minister","discretionary","82  If the minister is satisfied on reasonable grounds that an activity or operation has been or is being performed by a municipality in a manner that is likely to release a substance that will cause pollution of the environment, the minister may, with respect to the municipality, exercise the powers that a director may exercise under section 81 (1) [pollution prevention orders] in relation to other persons."
28853,"Environmental Management Act","Provincial","85","Environmental protection orders",,"Minister","discretionary","85  (1) The minister may declare that an existing or proposed work, undertaking, product use or resource use has, or potentially has, a detrimental environmental impact."
28873,"Environmental Management Act","Provincial","86","Environmental management plan - in relation to environmental protection order","order; order_in_council; plan","governor; Lieutenant; Minister","discretionary","86  (1) If the minister has made a declaration under section 85 (1) [environmental protection orders] respecting a detrimental environmental impact, the Lieutenant Governor in Council may direct the minister to prepare an environmental management plan for the locality that is, or would be, impacted."
28934,"Environmental Management Act","Provincial","90.1","Permits under area based management plan","order; authorization; plan; permit; authorization","Minister","discretionary","90.1  (1) Despite section 14 [permits], if the introduction of waste into the environment is provided for under an area based management plan, the minister may, in writing, order a director to issue a permit under that section authorizing the introduction of waste"
29158,"Environmental Management Act","Provincial","91.61","Minister's advisory committee respecting spill response",,"Advisory; Committee; Minister","discretionary","91.61  (1) The minister may establish an advisory committee, consisting of individuals appointed by the minister, to provide advice and recommendations to the minister on any aspect of spill preparedness, response or recovery under this Division."
29159,"Environmental Management Act","Provincial","91.61","Minister's advisory committee respecting spill response",,"Advisory; Committee; Minister","discretionary","(2) The minister may appoint to a minister's advisory committee any individual whose advice or recommendations the minister considers desirable, including, without limitation,"
29163,"Environmental Management Act","Provincial","91.61","Minister's advisory committee respecting spill response",,"Advisory; Board; Committee; Minister","mandatory","(3) An individual appointed to a minister's advisory committee must be reimbursed, in accordance with the general directives of Treasury Board, for reasonable travelling and out-of-pocket expenses necessarily incurred in carrying out the individual's duties."
29164,"Environmental Management Act","Provincial","91.7","Report to the Legislative Assembly","report","Assembly; Minister","mandatory","91.7  At the prescribed frequency, the minister must lay before the Legislative Assembly a report respecting the administration and operation of this Division, and the effectiveness of the spill response scheme under this Division, for the period beginning, as applicable,"
30251,"Farm Practices Protection Act","Provincial","2","Normal farm practices protected","order_in_council; designation","governor; Lieutenant","discretionary","(2.1) The Lieutenant Governor in Council may designate Crown land as a farming area for the purposes of subsection (2) (b) (iv)."
30538,"Fish And Seafood Act","Provincial","11","Taking licensing action to protect marine beds","licence","Officer","discretionary","11  (1) A licensing officer may refuse to issue or renew, add terms or conditions on, or vary, suspend or cancel, a licence to harvest aquatic plants if the licensing officer is of the opinion that doing so is necessary to protect, or to prevent, reduce or address any adverse effect on, all or part of a bed on which aquatic plants grow."
30539,"Fish And Seafood Act","Provincial","11","Taking licensing action to protect marine beds","licence","Officer","discretionary","(2) Nothing in this section limits any other reason for which a licensing officer may make a decision or take an action under this Act with respect to a licence, or an application for a licence, to harvest aquatic plants."
30692,"Fish And Seafood Act","Provincial","26","Seizure and destruction",,"inspector","discretionary","26  (1) If an inspector reasonably believes that fish or aquatic plants may be unsafe food, the inspector may"
30698,"Fish And Seafood Act","Provincial","26","Seizure and destruction",,"inspector","discretionary","(3) If, on analysis, seized fish or aquatic plants are found to be unsafe food, an inspector may do one or more of the following:"
30702,"Fish And Seafood Act","Provincial","26","Seizure and destruction","notice","inspector","mandatory","(4) An inspector must give written notice to a person from whom fish or aquatic plants are seized before taking an action under subsection (2) (b) or (3) (a) or (b)."
30818,"Fish And Seafood Act","Provincial","45","Power to enter into agreements","agreement","Minister","discretionary","45  The minister may enter into agreements with any person or body, including the government of another jurisdiction, for one or more of the following purposes:"
30833,"Fish And Seafood Act","Provincial","47","Power to delegate",,"Minister","discretionary","47  (1) The minister may delegate, in writing, to a person or class of persons any of the minister's powers or duties under the following provisions:"
30870,"Fish And Seafood Act","Provincial","53","Recovery of administrative penalties","certificate","Minister","discretionary; mandatory","(2) If a person fails to pay an administrative penalty as required, the minister may file a certificate with a court that has jurisdiction, and, on filing, the certificate has the same force and effect, and all proceedings may be taken on it, as if it were a judgment of the court with which it is filed."
30914,"Fish And Seafood Act","Provincial","58","Sentencing","order","Minister","discretionary","(2) When sentencing a person convicted of an offence under this Act, the court may order that any fish or aquatic plants in relation to which the offence was committed are forfeited, without compensation to any person, to the government and may be disposed of or destroyed as the minister may direct."
30932,"Fish And Seafood Act","Provincial","59","Regulations respecting application of Act and general prohibitions","regulation; order_in_council","governor; Lieutenant","discretionary","(2) The Lieutenant Governor in Council may prescribe, in a regulation made under subsection (1) (d), products or byproducts of fish or aquatic plants that are not themselves prescribed."
30489,"Fish And Seafood Act","Provincial","6","Possession or distribution of restricted fish or aquatic plants","permit","Officer","discretionary","(3) A licensing officer may issue a permit, with or without terms or conditions, for the purposes of subsection (2) (b)"
31014,"Fish And Seafood Act","Provincial","64","Other regulation-making powers","regulation; order_in_council; exemption","governor; Lieutenant","discretionary","64  (1) The Lieutenant Governor in Council may make regulations exempting a class of persons, fish, aquatic plants, facilities or things from one or more provisions of the regulations."
31716,"Fisheries Act","Federal","10","Allocation of fish","agreement","Agency; agency; Department; Minister","discretionary","10 (1) For the proper management and control of fisheries and the conservation and protection of fish, the Minister may determine a quantity of fish or of fishing gear and equipment that may be allocated for the purpose of financing scientific and fisheries management activities that are described in a joint project agreement entered into with any person or body, or any federal or provincial minister, department or agency."
31717,"Fisheries Act","Federal","10","Quantity in licence","licence","Minister","discretionary","(2) The Minister may specify, in a licence issued under this Act, a quantity of fish or of fishing gear and equipment allocated for the purpose of financing those activities."
31727,"Fisheries Act","Federal","18","Licences for lobster pounds","licence; certificate","Minister; Officer","mandatory","18 (1) No one shall maintain a pound or enclosure in which lobsters, legally caught during the open season, are retained for sale during the close season at a place where the pound or enclosure is located, or for export therefrom, except under a licence from the Minister, and no lobsters shall be taken from any such pound or enclosure and disposed of during the close season at the place where it is located, except under a certificate from a fishery officer or fishery guardian, setting out the pound or enclosure from which the lobsters were taken and that they had been legally caught during the open season."
31730,"Fisheries Act","Federal","21","Devices to prevent escape of fish","authorization; authorization","Minister","discretionary","21 (1) The Minister may authorize the installation and maintenance of fish guards, screens, coverings, netting or other devices in waters to prevent fish held for breeding from escaping or for any other purpose that the Minister considers to be in the public interest."
31734,"Fisheries Act","Federal","23.1","Exception","authorization; authorization","Minister","discretionary; mandatory","(2) The Minister may, subject to any conditions that he or she may specify, authorize a person to fish for a cetacean with the intent to take it into captivity if he or she is of the opinion that the circumstances so require, including when the cetacean is injured or in distress or is in need of care."
31749,"Fisheries Act","Federal","25","Officer's discretion","permit","Officer","discretionary","(3) A fishery officer may permit fishing gear or apparatus to remain in the water, along a beach or within a fishery after the commencement of a close time for any period the fishery officer considers necessary to permit the removal of the gear or apparatus."
31753,"Fisheries Act","Federal","29","Removal","order","Minister; Officer","discretionary","(2) The Minister or a fishery officer may order the removal of or remove any seine, net, weir or other fishing gear or apparatus, or any log, rock or material of any kind that, in the opinion of the Minister or fishery officer, results in an obstruction referred to in paragraph (1)(a) or (b)."
31756,"Fisheries Act","Federal","31","Exception by Minister","notice","Minister","discretionary","(2) The Minister may, by notice published in the Canada Gazette, except any kind or kinds of fish from the operation of all or any part of subsection (1)."
31769,"Fisheries Act","Federal","33.1","Conditions of prosecution","authorization; plan; authorization","Department; Minister","discretionary","(b) unless the Minister, or a person appointed to a position in the Department of Fisheries and Oceans who is authorized by the Minister, considers such proceedings to be necessary to ensure compliance with the fishing plan."
31806,"Fisheries Act","Federal","34.2","Consultation","standard","Agency; agency; Department; Minister","discretionary","(3) Before establishing any standards and codes of practice, the Minister may consult with any provincial government, any Indigenous governing body, any government department or agency or any persons interested in the protection of fish or fish habitat and the prevention of pollution."
31829,"Fisheries Act","Federal","34.3","Regulations","regulation","Minister","discretionary","(7) The Minister may make regulations respecting the flow of water that is to be maintained to ensure the free passage of fish or the protection of fish or fish habitat."
31856,"Fisheries Act","Federal","35.1","Designated project","designation","Minister","discretionary","35.1 (1) The Minister may designate, as a work, undertaking or activity that is associated with a designated project, any work, undertaking or activity that the Minister considers likely to result in the death of fish or the harmful alteration, disruption or destruction of fish habitat."
31857,"Fisheries Act","Federal","35.1","Work, undertaking or activity designated by Minister","designation","Minister","mandatory","(2) The Minister shall designate any work, undertaking or activity that is part of a designated project and that the Minister considers likely to result in the death of fish or the harmful alteration, disruption or destruction of fish habitat."
31862,"Fisheries Act","Federal","35.2","Designation - ecologically significant area","regulation; order_in_council; designation","governor; Minister","discretionary","(2) The Governor in Council may, on the recommendation of the Minister, make regulations designating ecologically significant areas."
31869,"Fisheries Act","Federal","35.2","Fish habitat restoration plan","order; plan","Minister","mandatory","(9) The Minister shall, as soon as feasible, prepare a fish habitat restoration plan for an ecologically significant area, if he or she is of the opinion that fish habitat restoration in that ecologically significant area is required in order to meet any prescribed objectives for the conservation and protection of fish and fish habitat."
31874,"Fisheries Act","Federal","35.2","Regulations","authorization; authorization","Minister","mandatory","(d) prescribing works, undertakings or activities or classes of works, undertakings or activities that the Minister shall not authorize under paragraphs 34.4(2)(b) and 35(2)(b) to be carried on in an ecologically significant area;"
31942,"Fisheries Act","Federal","38","Corrective measures","order; report","inspector; Officer","discretionary","(7.1) If an inspector or fishery officer, whether or not they have been notified under subsection (4), (4.1) or (5) or provided with a report under subsection (7), is satisfied on reasonable grounds that immediate action is necessary in order to take any measures referred to in subsection (6), the inspector or officer may, subject to subsection (7.2), take any of those measures at the expense of any person described in paragraph (4)(a) or (b), (4.1)(a) or (b) or (5)(a) or (b) or direct that person to take the measures at their expense."
31952,"Fisheries Act","Federal","39","Search",,"inspector; Officer","discretionary","39 (1) A fishery officer or inspector who has a warrant issued under subsection (2) in which the officer or inspector is named may enter any place or premises, including a vehicle or vessel - other than a private dwelling-place or any part of any place or premises, including a vehicle or vessel, used as a permanent or temporary private dwelling-place - in which the officer or inspector has reasonable grounds to believe that an offence under subsection 40(1), (2) or (3) is being or has been committed and search the place, premises, vehicle or vessel for evidence of the offence."
31957,"Fisheries Act","Federal","39","When warrant not necessary",,"inspector; Officer","discretionary","(4) A fishery officer or inspector may exercise the powers of entry and search referred to in subsection (1) without a warrant issued under subsection (2) if the conditions for obtaining the warrant exist but by reason of exigent circumstances it would not be practical to obtain the warrant."
32051,"Fisheries Act","Federal","42.02","Arrangements respecting fish habitat banks",,"Minister","discretionary","42.02 (1) For the purposes of sections 42.01 to 42.04, the Minister may"
32074,"Fisheries Act","Federal","42.1","Annual report","report","Minister; parliament","mandatory","42.1 (1) The Minister shall, as soon as feasible after the end of each fiscal year, prepare and cause to be laid before each house of Parliament a report on the administration and enforcement of the provisions of this Act relating to fish and fish habitat protection and pollution prevention for that year."
32126,"Fisheries Act","Federal","43","Regulations","authorization; authorization","Officer","discretionary","(viii) authorizing a fishery officer and fishery guardian to exercise their powers with respect to a species that the officer or guardian, as the case may be, has reasonable grounds to believe is an aquatic invasive species, or"
32130,"Fisheries Act","Federal","43","Amendments to list of aquatic invasive species","regulation","Minister","discretionary","(3) The Minister may, by regulation, add species to the list of aquatic invasive species established by regulations made under paragraph (1)(n) or remove species from that list, and vary the places to which regulations made under paragraph (1)(o) apply."
32132,"Fisheries Act","Federal","43","Regulations exempting certain Canadian fisheries waters","regulation; order_in_council; exemption","governor","discretionary","(5) The Governor in Council may make regulations exempting any Canadian fisheries waters from the application of sections 34.3, 34.4 and 35 and subsections 38(4) and (4.1)."
32136,"Fisheries Act","Federal","43.3","Regulations - Minister","regulation","Minister","discretionary","43.3 (1) The Minister may, for the purposes of the conservation and protection of marine biodiversity and with respect to any area of Canadian fisheries waters that he or she specifies, make regulations"
32148,"Fisheries Act","Federal","44","Prohibition of harvesting of marine plants in certain cases","regulation; licence","Minister","mandatory","44 Except in accordance with the conditions of a licence issued by the Minister under section 45, no person shall harvest marine plants in the coastal waters of Canada in contravention of any regulation made under paragraph 46(1)(a)."
32149,"Fisheries Act","Federal","45","Licences","regulation; licence","Minister","discretionary","45 The Minister may, on receipt of an application made in accordance with the regulations, issue a licence to the applicant for the harvesting of marine plants in the coastal waters of Canada for a term not exceeding one year and on such conditions relating to"
32170,"Fisheries Act","Federal","49","Inspection","regulation","Officer","discretionary","49 (1) Subject to subsection (2), for the purpose of ensuring compliance with this Act and the regulations, a fishery officer or fishery guardian may enter and inspect any place, including any premises, vessel or vehicle, in which the officer or guardian believes on reasonable grounds there is any work or undertaking or any fish or other thing in respect of which this Act or the regulations apply and may"
32175,"Fisheries Act","Federal","49","Operation of data processing systems and copying equipment",,"Officer","discretionary","(1.1) In carrying out an inspection of a place under subsection (1), a fishery officer or fishery guardian may,"
32183,"Fisheries Act","Federal","49","Warrant required to enter dwelling-house",,"Officer","discretionary","(2) Where any place, premises, vessel or vehicle referred to in subsection (1) is a dwelling-house, a fishery officer or fishery guardian may not enter that dwelling-house without the consent of the occupant except under the authority of a warrant issued under subsection (3)."
32189,"Fisheries Act","Federal","49","Stopping and detaining vessel or vehicle",,"Officer","discretionary; mandatory","(4) A fishery officer or fishery guardian may, for the purpose referred to in subsection (1), require any vessel or vehicle to be stopped, require it to be moved to a place where an inspection can be carried out and detain it for a reasonable time. The operator of the vessel or vehicle shall comply with the requirements."
32195,"Fisheries Act","Federal","49.1","Where warrant not necessary",,"Officer","discretionary","(3) Notwithstanding subsection (1), a fishery officer may exercise the power of search referred to in that subsection without a warrant issued under subsection (2) if the conditions for obtaining the warrant exist but by reason of exigent circumstances it would not be practical to obtain the warrant."
32197,"Fisheries Act","Federal","49.1","Powers during search",,"Officer","discretionary","(5) In carrying out a search of a place under this section, a fishery officer may exercise any power mentioned in subsection 49(1), (1.1) or (1.3)."
31668,"Fisheries Act","Federal","5","Designation","designation","Minister; Officer; parliament","discretionary","5 (1) The Minister may designate any persons or classes of persons as fishery officers or fishery guardians for the purposes of this Act and may limit in any manner the Minister considers appropriate the powers that a fishery officer or fishery guardian may exercise under this Act or any other Act of Parliament."
31669,"Fisheries Act","Federal","5","Certificate of designation","designation; certificate","Minister; Officer; parliament","discretionary; mandatory","(2) Each fishery officer and fishery guardian shall be provided with a certificate in a form the Minister considers appropriate certifying their designation as such and, where the powers of a fishery officer or fishery guardian are limited pursuant to subsection (1), specifying the powers that the officer or guardian may exercise under this Act or any other Act of Parliament."
31670,"Fisheries Act","Federal","5","Presentation of certificate","designation; certificate","Officer; parliament","mandatory","(3) On entering any place under this Act or any other Act of Parliament, a fishery officer or fishery guardian shall, on request, show the certificate of designation to the person in charge of the place."
31676,"Fisheries Act","Federal","5.1","Exercise of powers",,"Officer","discretionary","5.1 Every power that may be exercised in Canada by a fishery officer or fishery guardian under this Act may be exercised anywhere this Act applies."
32198,"Fisheries Act","Federal","50","Arrest","regulation","Officer","discretionary","50 Any fishery officer, fishery guardian or peace officer may arrest without warrant a person who that fishery officer, guardian or peace officer believes, on reasonable grounds, has committed an offence against this Act or any of the regulations, or whom he finds committing or preparing to commit an offence against this Act or any of the regulations."
32199,"Fisheries Act","Federal","51","Seizure of fishing vessel, etc.",,"Commission; Officer","discretionary","51 A fishery officer or fishery guardian may seize any fishing vessel, vehicle, fish or other thing that the officer or guardian believes on reasonable grounds was obtained by or used in the commission of an offence under this Act or will afford evidence of an offence under this Act, including any fish that the officer or guardian believes on reasonable grounds"
32202,"Fisheries Act","Federal","52","Entry by fishery officer","authorization; authorization","Officer","discretionary","52 In the discharge of his duties, any fishery officer, fishery guardian or other person accompanying him or authorized to such effect by the fishery officer may enter on and pass through or over private property without being liable for trespass."
32213,"Fisheries Act","Federal","57","Waters for propagation of fish","authorization; authorization","Minister","discretionary","57 The Minister may authorize any river or other water to be set apart for the natural or artificial propagation of fish."
32215,"Fisheries Act","Federal","59","Authority to provinces to grant leases for oyster cultivation","regulation; order_in_council; authorization; authorization","governor; Province","discretionary","59 (1) The Governor in Council may, on such terms and conditions as are agreed on, authorize the government of any province to grant leases of such areas of the sea-coast, bays, inlets, harbours, creeks, rivers and estuaries of the province as the government of the province considers suitable for the cultivation and production of oysters, and any persons to whom such leases are granted by the province, subject to the fishery regulations of Canada, have the exclusive right to the oysters produced or found on the beds within the limits of their respective leases."
31677,"Fisheries Act","Federal","6.1","Measures to maintain fish stocks",,"Minister","mandatory","6.1 (1) In the management of fisheries, the Minister shall implement measures to maintain major fish stocks at or above the level necessary to promote the sustainability of the stock, taking into account the biology of the fish and the environmental conditions affecting the stock."
31678,"Fisheries Act","Federal","6.1","Limit reference point",,"Minister","mandatory","(2) If the Minister is of the opinion that it is not feasible or appropriate, for cultural reasons or because of adverse socio-economic impacts, to implement the measures referred to in subsection (1), the Minister shall set a limit reference point and implement measures to maintain the fish stock above that point, taking into account the biology of the fish and the environmental conditions affecting the stock."
31680,"Fisheries Act","Federal","6.2","Plan to rebuild","plan","Minister","mandatory","6.2 (1) If a major fish stock has declined to or below its limit reference point, the Minister shall develop a plan to rebuild the stock above that point in the affected area, taking into account the biology of the fish and the environmental conditions affecting the stock, and implement it within the period provided for in the plan."
31681,"Fisheries Act","Federal","6.2","Amendment","order; plan","Minister","discretionary","(2) If the Minister is of the opinion that such a plan could result in adverse socio-economic or cultural impacts, the Minister may amend the plan or the implementation period in order to mitigate those impacts while minimizing further decline of the fish stock."
32237,"Fisheries Act","Federal","61","Duty to provide information","designation","Officer","discretionary; mandatory","(4) A person referred to in subsection (1) shall, on the request of any fishery officer or fishery guardian, provide the officer or guardian, or any authority designated by the officer or guardian, with any information relating to a matter mentioned in subsection (2) that the officer or guardian may request."
32239,"Fisheries Act","Federal","61.1","Information required by the Minister","guideline; report","Minister","discretionary; mandatory","61.1 (1) The Minister may, for the purpose of conducting research, creating an inventory of data, establishing objectives and codes of practice, issuing guidelines or assessing or reporting on the state of fisheries, fish or fish habitat, require any specified person to provide him or her with any document and other information that is in that person's possession, or to which the person may reasonably be expected to have access."
31686,"Fisheries Act","Federal","7","Fishery leases and licences","authorization; licence; authorization","Minister","discretionary","7 (1) Subject to subsection (2), the Minister may, in his absolute discretion, wherever the exclusive right of fishing does not already exist by law, issue or authorize to be issued leases and licences for fisheries or fishing, wherever situated or carried on."
31687,"Fisheries Act","Federal","7","Default of payment of fine","licence","Minister; Province","discretionary","(1.1) The Minister may refuse to issue a lease or licence for fisheries or fishing to a person, if, among other things, they are in default of payment of a fine in relation to a contravention of the Act and the proceeds of the fine belong to Her Majesty in Right of Canada or of a province or to any other person or entity."
32269,"Fisheries Act","Federal","71.01","Continued detention not required","order","Officer","discretionary; mandatory","71.01 (1) If a fishery officer is of the opinion that the continued detention of the fish or thing seized under this Act is no longer required for the purpose of any investigation or any proceeding, the fishery officer may apply to a court for an order under subsection (2)."
32365,"Fisheries Act","Federal","79.7","Content of ticket",,"inspector; Officer","discretionary","(b) include a statement, signed by the fishery officer, fishery guardian or inspector who completes the ticket, that the officer, guardian or inspector, as the case may be, has reasonable grounds to believe that the accused committed the offence;"
32369,"Fisheries Act","Federal","79.7","Notice of forfeiture","regulation; notice","inspector; Officer","mandatory","(3) Where any fish or other thing is seized under this Act and proceedings relating to the fish or thing are commenced by way of the ticketing procedure described in subsection (1), the fishery officer, fishery guardian or inspector who completes the ticket shall give written notice to the accused that if the accused pays the fine prescribed by regulation within the period set out in the ticket, the fish or thing, or any proceeds realized from its disposition, shall thereupon be forfeited to Her Majesty."
31689,"Fisheries Act","Federal","8","Fees","regulation; order_in_council; licence","governor; Minister","discretionary","8 (1) Except if fees are prescribed in this Act, the Governor in Council may, by regulation and on the recommendation of the Minister, prescribe the fees that are to be charged for fishery or fishing licences and for fishing quotas."
32433,"Fisheries Act","Federal","86.91","Disclosure by fishery officer, fishery guardian or inspector",,"inspector; Officer","discretionary","(2) A fishery officer, fishery guardian or inspector may disclose to any person any information in a record kept under subsection (1) that it is necessary to disclose in the conduct of the investigation of an offence under this Act."
32434,"Fisheries Act","Federal","86.91","Disclosure to insurance company",,"inspector; Officer","discretionary","(3) A fishery officer, fishery guardian or inspector may disclose to an insurance company any information in a record kept under subsection (1) that it is necessary to disclose for the purpose of the insurance company's investigation of a claim arising out of an offence under this Act that is committed or alleged to have been committed by the alleged offender to whom the record relates."
32469,"Fisheries Act","Federal","87","Regulations","regulation; order_in_council","governor","discretionary","(2) The Governor in Council may make regulations respecting fisheries located in waters other than Canadian fisheries waters applicable to vessels or aircraft subject to the jurisdiction of Canada."
32471,"Fisheries Act","Federal","87.1","Powers of Fisheries Officers - waters and territory of foreign state",,"Officer","discretionary","87.1 Subject to the consent of a foreign state and any conditions that it may impose, every power that may be exercised, and every duty or function that may be performed in Canada by a fishery officer under this Act may be exercised or performed on or over the waters that are subject to the jurisdiction of a foreign state or on the state's territory, or in a port of the foreign state, in relation to any fishing vessel that is subject to the jurisdiction of Canada."
31696,"Fisheries Act","Federal","9.1","Powers of Minister","order","Minister","discretionary; mandatory","9.1 (1) The Minister may, if he or she is of the opinion that prompt measures are required to address a threat to the proper management and control of fisheries and the conservation and protection of fish, make a fisheries management order with respect to any aspect of fisheries in any area of Canadian fisheries waters specified in the order"
31710,"Fisheries Act","Federal","9.4","Amendment of order","order","Minister","discretionary","9.4 (1) The Minister may amend a fisheries management order, other than its term, if he or she is of the opinion that the measures specified in the order are inadequate to address the threat referred to in subsection 9.1(1)."
32506,"Fisheries Development Act","Federal","7","Advisory committees","order","Advisory; Minister","discretionary","7 (1) The Minister may, in order to carry out the purposes and provisions of this Act, establish such advisory committees as he deems necessary and appoint the members thereof."
33016,"Fishing And Recreational Harbours Act","Federal","16","Application for order directing forfeiture","order","Minister","discretionary","16 (1) Where, at the time any vessel or goods are seized under this Act, no person appears to be in possession thereof or to have the right to the possession thereof, the Minister may apply to any court of competent jurisdiction for an order directing the forfeiture of the vessel or goods to Her Majesty in right of Canada."
33026,"Fishing And Recreational Harbours Act","Federal","19","Application for order authorizing sale","order; authorization; authorization","Minister","discretionary","19 (1) The Minister may, before the expiration of twenty-one days from the day of the seizure of any vessel or goods under this Act, apply to any court of competent jurisdiction for an order authorizing the sale of the vessel or goods."
33046,"Fishing And Recreational Harbours Act","Federal","27","Appointment of officers or employees","regulation","Minister","discretionary; mandatory","27 For the purposes of this Act, the Minister may appoint and fix the remuneration of such officers or employees as the Minister thinks proper for the operation, administration and management of any scheduled harbours, and the officers or employees so appointed shall perform such duties or functions as the Minister may direct or as may be prescribed by regulations made under this Act."
32956,"Fishing And Recreational Harbours Act","Federal","5","Minister may undertake projects",,"Minister","discretionary","5 (1) The Minister may undertake projects for the acquisition, development, construction, improvement or repair of any scheduled harbour or any fishing or recreational harbour to which this Act applies."
33890,"Flood Relief Act","Provincial","1","Authority for flood control measures","order_in_council","governor; Lieutenant","discretionary","1  The Lieutenant Governor in Council may"
33905,"Flood Relief Act","Provincial","3","Boards for flood areas",,"Board","discretionary; mandatory","(3) A board may appoint required employees and set and pay their remuneration."
33909,"Flood Relief Act","Provincial","4","Report and audit","order_in_council","Auditor; Board; governor; Lieutenant","mandatory","(2) Unless the Auditor General is appointed in accordance with the Auditor General Act as the auditor of the board, the Lieutenant Governor in Council must appoint an auditor to audit the accounts of the board at least once each year."
34379,"Foreign Missions And International Organizations Act","Federal","1","Article 71Nationals or permanent residents of the receiving State",,"Officer","discretionary; mandatory","1 Except in so far as additional facilities, privileges and immunities may be granted by the receiving State, consular officers who are nationals of or permanently resident in the receiving State shall enjoy only immunity from jurisdiction and personal inviolability in respect of official acts performed in the exercise of their functions, and the privilege provided in paragraph 3 of Article 44. So far as these consular officers are concerned, the receiving State shall likewise be bound by the obligation laid down in Article 42. If criminal proceedings are instituted against such a consular officer, the proceedings shall, except when he is under arrest or detention, be conducted in a manner which will hamper the exercise of consular functions as little as possible."
33992,"Foreign Missions And International Organizations Act","Federal","10","Disposal of forfeited items",,"Minister","discretionary","(2) Any thing or document forfeited under subsection (1) may be disposed of in such manner as the Minister of Foreign Affairs may direct."
34226,"Foreign Missions And International Organizations Act","Federal","2","Article 17Performance of diplomatic acts by consular officers","agreement","Officer","discretionary; mandatory","2 A consular officer may, after notification addressed to the receiving State, act as representative of the sending State to any inter-governmental organization. When so acting, he shall be entitled to enjoy any privileges and immunities accorded to such a representative by customary international law or by international agreements; however, in respect of the performance by him of any consular function, he shall not be entitled to any greater immunity from jurisdiction than that to which a consular officer is entitled under the present Convention."
34735,"Forest Act","Provincial","1.1","Delegation of minister's powers and duties",,"Minister","discretionary","(3) A delegate, if not prohibited by a direction of the minister under subsection (1) (b), may subdelegate the power or duty to"
34849,"Forest Act","Provincial","10","Apportioning cut","agreement","Minister","discretionary","10  (1) The minister may specify that a portion of the allowable annual cut determined for the Crown land in a timber supply area under section 8 (1) (a) is available for granting under a form of agreement referred to in section 12."
37035,"Forest Act","Provincial","100","Scaling",,"Minister","discretionary","(3) The minister may appoint"
37252,"Forest Act","Provincial","113","Timber cruise",,"Minister","discretionary; mandatory","113  (1) If Crown timber is to be disposed of under this Act, the minister or timber sales manager may require that the person who requests the disposal of the timber provide, at the person's own expense, a cruise of the timber by a cruiser approved by the minister or timber sales manager."
37322,"Forest Act","Provincial","119","Road permit content - right to harvest timber in right-of-way","authorization; permit; authorization","Minister","mandatory","119  (1) In this section and in section 119.1, ""roadway timber"", in relation to a road authorized to be constructed under a road permit, means Crown timber that the minister is satisfied must be cut to construct the road."
37366,"Forest Act","Provincial","119.5","Issuance of road use permit to eligible holder","authorization; permit; authorization","Minister","discretionary","119.5  The minister may, on application by an eligible holder, issue a road use permit authorizing the eligible holder to use a forest service road if the minister is satisfied that use of the road by the applicant will not"
37370,"Forest Act","Provincial","119.6","Issuance of road use permit for natural resource development purpose","authorization; permit; authorization","Minister","discretionary","(2) The minister may, on application by a person other than an eligible holder, issue a road use permit authorizing the person to use a forest service road for a natural resource development purpose if the minister is satisfied that use of the road under the permit will not"
37376,"Forest Act","Provincial","120.1","Declaration of forest service road",,"Minister","discretionary","120.1  (1) The minister may declare a road on Crown land to be a forest service road if any of the following applies:"
37381,"Forest Act","Provincial","120.1","Declaration of forest service road","permit","Minister","mandatory","(2) If a road referred to in subsection (1) (a) is declared to be a forest service road, the minister must issue a road use permit in relation to the road to the holder of the road permit."
37478,"Forest Act","Provincial","130","Lien","certificate","Minister","discretionary","(4) If default is made in the payment of all or part of the money due and payable, the revenue minister may issue, and file with a court having jurisdiction, a certificate stating"
37611,"Forest Act","Provincial","142.11","Officials",,"commissioner","discretionary","(3) The commissioner may delegate, with or without conditions, any of the commissioner's powers, functions or duties under this Part to a person or a class of persons."
37759,"Forest Act","Provincial","142.9","Appeal to revenue minister",,"Minister","discretionary","(5) The revenue minister may, in writing and with or without conditions, delegate any of the revenue minister's powers, functions or duties under this section to a person or a class of persons."
37961,"Forest Act","Provincial","151","Regulations","agreement","Minister","discretionary","(i)  the circumstances in which the minister may change a boundary or increase the area of a community forest agreement,"
37962,"Forest Act","Provincial","151","Regulations","agreement","Minister","mandatory","(ii)  the factors the minister must consider before changing a boundary or increasing the area of a community forest agreement, and"
37999,"Forest Act","Provincial","151","Regulations","regulation; order_in_council; agreement","governor; Lieutenant","discretionary","(11) The Lieutenant Governor in Council may make regulations respecting deposits and security of any kind, including but not limited to money, to be provided by the applicant for or the holder of an agreement listed in section 12 or a pulpwood agreement, to ensure the performance of an obligation under this Act or the agreement, the Forest and Range Practices Act, the Wildfire Act or the Forest Practices Code of British Columbia Act."
38021,"Forest Act","Provincial","151.1","Regulation making power to establish forest districts","designation","Minister","discretionary","(7) The minister may designate a person employed in the ministry of the minister responsible for the administration of this Act to be the custodian of the database under subsection (4) (b) with the title of Custodian of the Forest Administrative Boundaries Database."
38349,"Forest Act","Provincial","169","Specifying Crown land as a designated area","regulation; order_in_council","governor; Lieutenant","discretionary","169  (1) The Lieutenant Governor in Council, by regulation, may"
38369,"Forest Act","Provincial","170","What is the effect of specifying a designated area?","order; plan; designation; permit; licence","Minister","discretionary","(4) If a permit, licence or plan is suspended or varied under subsection (2) (a) and the Crown land to which the suspension or variation relates ceases to be a designated area, the minister may, by order,"
38378,"Forest Act","Provincial","170","What is the effect of specifying a designated area?","authorization; plan; designation; permit; licence; authorization","Minister","mandatory","then, subject to subsection (6), after the Crown land to which the direction pertains ceases to be a designated area, or after an earlier date, if any, ordered in writing by the minister, the issuing authority must issue the permit, licence or plan, or, in the case of one previously issued as authorized under subsection (2) (b) (ii), must amend the permit, licence or plan to give effect as nearly as practicable to the original application or submission."
38409,"Forest Act","Provincial","173","Allowable annual cut and allowable harvest in a designated area","order; authorization; designation; agreement; licence; authorization","Minister","discretionary","(6) The minister, by written order, may reduce the allowable annual cut authorized for a community forest agreement area, first nations woodland licence area or woodlot licence area if all or part of the area is a designated area."
38487,"Forest Act","Provincial","181","Designation for access purpose or non-timber production purpose","regulation; order_in_council; designation","governor; Lieutenant","discretionary","181  The Lieutenant Governor in Council may, by regulation, designate an area of Crown land as a special purpose area so that the Crown land may be used for one of the following purposes:"
38490,"Forest Act","Provincial","182","Designation for first nation purpose, BCTS licence purpose or community forest agreement purpose","regulation; order_in_council; designation","governor; Lieutenant","discretionary","182  (1) The Lieutenant Governor in Council may, by regulation, designate an area of Crown land as a special purpose area so that Crown land or timber may be used for any one or more of the purposes referred to in this section."
38929,"Forest Act","Provincial","243","Compensation for cutting permit issued for community forest agreement or woodlot licence","regulation; agreement; permit; licence","Minister","discretionary","243  (1) The minister may compensate the holder of a cutting permit issued for a community forest agreement or woodlot licence if the minister is satisfied that the impact and other requirements specified in the regulations are met."
35129,"Forest Act","Provincial","25","Permanent transfer to adjacent timber supply area","licence","Minister","mandatory","(2) The minister must not give a direction under subsection (1) transferring the right to harvest timber under a forest licence from one timber supply area to an adjacent timber supply area, unless"
35326,"Forest Act","Provincial","39.1","Change in boundary or area","licence","Minister","discretionary","39.1  (1) The minister may change the boundary or area of a tree farm licence with the consent of its holder."
35352,"Forest Act","Provincial","43","Consolidation and subdivision of pulpwood agreements","agreement","Minister","discretionary","(4) The minister may refuse to replace or amend, under subsection (3), one or more pulpwood agreements"
35371,"Forest Act","Provincial","43.2","Applications for community forest agreements","agreement","Minister","mandatory","(4) The minister must evaluate applications for a community forest agreement in accordance with prescribed requirements."
35372,"Forest Act","Provincial","43.2","Applications for community forest agreements",,"Minister","discretionary","(5) After evaluating applications under subsection (4), the minister may"
35376,"Forest Act","Provincial","43.2","Applications for community forest agreements","agreement","Minister","discretionary","(6) If an applicant whose application is approved under subsection (5) does not enter into the community forest agreement, the minister may"
35380,"Forest Act","Provincial","43.2","Applications for community forest agreements","agreement","Minister","mandatory","(7) Subject to subsection (8), the minister must enter into a community forest agreement with every applicant whose application is approved under subsection (5) or (6)."
35381,"Forest Act","Provincial","43.2","Applications for community forest agreements","plan; agreement","Minister","mandatory","(8) The minister must not enter into a community forest agreement until a management plan is approved by the minister for the proposed community forest agreement area."
35382,"Forest Act","Provincial","43.2","Applications for community forest agreements","reserve","Minister","discretionary","(9) The minister may reserve from disposition under this Act the timber in the area described in the advertising, pending"
35421,"Forest Act","Provincial","43.4","Replacement of community forest agreements","order; agreement","Minister","discretionary","(4.1) Despite subsection (4), if the holder of a community forest agreement, or a related person of the holder, has not paid an amount owing under an order made under Division 3 of Part 6 of the Forest and Range Practices Act against the holder or related person, and the due date for paying the amount has passed, the minister may decline to offer a replacement for the community forest agreement until the holder or related person pays the amount."
35429,"Forest Act","Provincial","43.4","Replacement of community forest agreements","regulation; agreement","Minister","discretionary","(6) In accordance with the regulations, and with the consent of the person to whom a community forest agreement is offered under this section, the minister may change the boundary or area in the offered community forest agreement from the boundary or area of the existing community forest agreement."
35441,"Forest Act","Provincial","43.51","Direct award of community forest agreements","agreement","Minister","discretionary","(1) The minister may enter into a community forest agreement"
35444,"Forest Act","Provincial","43.51","Direct award of community forest agreements","agreement","Minister","discretionary","(2.1) After a community forest agreement has been entered into under subsection (1) with a first nation or its representative, the minister may, if it furthers the objectives set out in subsection (1) (a), and with the consent of the holder of the community forest agreement, increase the area covered by the community forest agreement."
35446,"Forest Act","Provincial","43.52","Change in area or boundary","regulation; agreement","Minister","discretionary","43.52  In accordance with the regulations, and with the consent of the holder of the agreement, the minister may change the boundary or increase the area of a community forest agreement."
35497,"Forest Act","Provincial","43.56","Replacement of first nations woodland licences","regulation; licence","Minister","discretionary","(3) In accordance with the regulations, and with the consent of the person to whom a first nations woodland licence is offered under this section, the minister may change the boundary or area in the offered first nations woodland licence from the boundary or area of the existing first nations woodland licence."
35505,"Forest Act","Provincial","43.57","Change in area or boundary","regulation; licence","Minister","discretionary","43.57  In accordance with the regulations and with the consent of the holder of the licence, the minister may change the boundary or area of a first nations woodland licence."
35647,"Forest Act","Provincial","47.1","Change in area or boundary","regulation; licence","Minister","discretionary","47.1  (1) In accordance with the regulations, if any, and with the consent of the holder of the woodlot licence, the minister may change the boundary or area of a woodlot licence."
35827,"Forest Act","Provincial","49.1","Free use permit in area subject to area-based licence","authorization; permit; licence; authorization","Minister","discretionary","(2) With the consent of the holder of an area-based licence, the minister may enter into a free use permit authorizing the holder of the permit to harvest timber from Crown land within the area subject to the area-based licence."
36131,"Forest Act","Provincial","54.7","Disposition of private land subject to tree farm licence or woodlot licence","licence","Minister","mandatory","54.7  (1) The minister's prior written consent must be obtained for the disposition of private land or an interest in private land if the private land or interest is subject to a tree farm licence or to a woodlot licence."
36132,"Forest Act","Provincial","54.7","Disposition of private land subject to tree farm licence or woodlot licence",,"Minister","discretionary","(2) The minister may attach conditions to a consent given under subsection (1)."
36143,"Forest Act","Provincial","57","Exchanges of rights","order_in_council; licence","governor; Lieutenant; Minister","discretionary","57  (1) The minister, with the consent of the Lieutenant Governor in Council, may enter into, in exchange for the surrender of a timber licence, a new timber licence describing Crown land the timber on which is not otherwise encumbered."
36144,"Forest Act","Provincial","57","Exchanges of rights","order_in_council","governor; Lieutenant","discretionary","(2) Despite section 95 of the Land Act, the Lieutenant Governor in Council may accept under that section, in exchange for Crown land, private forest land of greater or lesser value."
36145,"Forest Act","Provincial","57","Exchanges of rights",,"Minister","discretionary; mandatory","(3) Before a transaction is completed under subsection (1) or (2), the minister must obtain a current appraisal of the value of the lands or timber, as the case may be, involved in the transaction, prepared by an independent appraiser appointed by the minister."
34777,"Forest Act","Provincial","6","Wilderness areas","order_in_council; designation","governor; Lieutenant","discretionary","6  The Lieutenant Governor in Council may designate any Crown land in a Provincial forest as a wilderness area, cancel such designation or amend the boundaries of a wilderness area."
36285,"Forest Act","Provincial","70","Reductions in allowable annual cut","agreement; licence; notice","Chief","discretionary","(2) In a notice served on the holder of an agreement that is a major licence, a community forest agreement, a first nations woodland licence or a woodlot licence, the chief forester, subject to subsection (3), may reduce the allowable annual cut"
36295,"Forest Act","Provincial","70","Reductions in allowable annual cut","agreement; licence; notice","Minister","mandatory","(4) In a notice served on the holder of an agreement that is a major licence, a community forest agreement, a first nations woodland licence or a woodlot licence, the minister, subject to subsection (5), must reduce the allowable annual cut"
36702,"Forest Act","Provincial","79","Continuing liability","regulation","Minister","discretionary","(1.2) Subject to the regulations under subsection (1.4), if any, the minister or timber sales manager may impose requirements he or she considers necessary or desirable to be met by the holder as conditions of entering onto the Crown land, including that the holder provide security."
36857,"Forest Act","Provincial","85","Applications",,"Minister","mandatory","85  (1) On application that identifies private land on which there is timber, in a form required by the minister, and on payment of the fee, if any, required by the minister, the registrar must"
40889,"Forest And Range Practices Act","Provincial","118","Power to enter into agreements","designation; agreement","Minister","discretionary","(a.1) an official designated by the minister may enter into an agreement with a person to develop, maintain or remove a range development,"
40890,"Forest And Range Practices Act","Provincial","118","Power to enter into agreements","designation; agreement","Minister","discretionary","(b) an official designated by the minister may enter into agreements for the control and disposal of insects, diseases, animals and abiotic factors on forest land and for sharing costs of control and disposal,"
40955,"Forest And Range Practices Act","Provincial","124","Powers of investigation",,"Board","discretionary","(3) The board may not investigate conduct occurring before the commencement of Forest Practices Code of British Columbia Act."
41028,"Forest And Range Practices Act","Provincial","136","Forest Practices Board continued","regulation; order_in_council","governor; Lieutenant","discretionary","(6) The Lieutenant Governor in Council may determine the remuneration, reimbursement of expenses and other conditions of employment of persons appointed under the regulations to carry out audits."
41029,"Forest And Range Practices Act","Provincial","136","Forest Practices Board continued",,"Board","mandatory","(7) Board members must faithfully, honestly and impartially perform their duties."
41032,"Forest And Range Practices Act","Provincial","137","Panels of the board",,"Board","discretionary","(3) A panel of the board has the jurisdiction of the board and may exercise the powers and perform the duties and functions of the board."
41034,"Forest And Range Practices Act","Provincial","138","Board staff",,"Board","discretionary","138  (1) Employees necessary to carry out the powers and duties of the board may be appointed under the Public Service Act."
41092,"Forest And Range Practices Act","Provincial","140.7","Appeal to court",,"Commission; Minister","discretionary","140.7  (1) A party to an appeal, or the minister, may appeal the decision of the commission to the Supreme Court on a question of law or jurisdiction."
41145,"Forest And Range Practices Act","Provincial","149.1","Ungulate winter range, wildlife habitat areas and general wildlife measures","regulation; order_in_council","governor; Lieutenant","discretionary","149.1  (1) The Lieutenant Governor in Council may make regulations"
41154,"Forest And Range Practices Act","Provincial","149.1","Ungulate winter range, wildlife habitat areas and general wildlife measures",,"Minister","discretionary","(2) The minister responsible for the Wildlife Act may not establish an objective referred to in subsection (1) (a) (i) or (ii) for an area unless the objective is consistent with the objectives set by government that pertain to the area."
39714,"Forest And Range Practices Act","Provincial","15.3","Exemption from requirement to publish a forest operations map","exemption","Minister","discretionary","15.3  The minister, in writing, may exempt a person from section 15.1 or 15.2 if the minister considers that timber should be harvested without delay because the timber is in danger of being"
41155,"Forest And Range Practices Act","Provincial","150","Community watersheds","regulation; order_in_council","governor; Lieutenant","discretionary","150  (1) The Lieutenant Governor in Council may make regulations"
41160,"Forest And Range Practices Act","Provincial","150","Community watersheds","regulation; order_in_council","governor; Lieutenant","discretionary","(2) The Lieutenant Governor in Council may make regulations respecting community watersheds, including but not limited to prescribing requirements in relation to community watersheds."
41161,"Forest And Range Practices Act","Provincial","150.1","Watersheds with significant downstream fisheries values and significant watershed sensitivity","regulation; order_in_council; authorization; authorization","governor; Lieutenant; Minister","discretionary","150.1  (1) The Lieutenant Governor in Council may make regulations authorizing the minister responsible for the Wildlife Act to"
41166,"Forest And Range Practices Act","Provincial","150.1","Watersheds with significant downstream fisheries values and significant watershed sensitivity",,"Minister","discretionary","(2) The minister responsible for the Wildlife Act may not specify an objective referred to in subsection (1) (b) for an area unless the objective is consistent with the objectives set by government that pertain to the area."
41167,"Forest And Range Practices Act","Provincial","150.2","Lakeshore management zones and objectives","regulation; order_in_council","governor; Lieutenant","discretionary","150.2  (1) The Lieutenant Governor in Council may make regulations"
41172,"Forest And Range Practices Act","Provincial","150.2","Lakeshore management zones and objectives",,"Minister","discretionary","(2) The minister may not specify an objective referred to in subsection (1) (b) for an area unless the objective is consistent with the objectives set by government that pertain to the area."
41206,"Forest And Range Practices Act","Provincial","151.1","Forest operations maps","regulation; order_in_council","governor; Lieutenant","discretionary","151.1  The Lieutenant Governor in Council may make regulations respecting forest operations maps under Division 3.1 of Part 2, including but not limited to regulations"
41216,"Forest And Range Practices Act","Provincial","151.2","Dispute resolution - forest landscape plans","regulation; order_in_council; plan","governor; Lieutenant","discretionary","151.2  (1) The Lieutenant Governor in Council may make regulations respecting the resolution of disputes under sections 2.26 and 2.27 relating to the preparation and establishment of forest landscape plans, including, without limitation, regulations respecting the following:"
41223,"Forest And Range Practices Act","Provincial","153","Practices and planning - community forest agreements, woodlot licences","regulation; order_in_council","governor; Lieutenant","discretionary","153  (1) The Lieutenant Governor in Council may make regulations respecting"
41226,"Forest And Range Practices Act","Provincial","153","Practices and planning - community forest agreements, woodlot licences","regulation; order_in_council","governor; Lieutenant","discretionary","(2) Without limiting subsection (1), the Lieutenant Governor in Council may make regulations respecting the following:"
41235,"Forest And Range Practices Act","Provincial","153","Practices and planning - community forest agreements, woodlot licences","regulation; order_in_council; licence","governor; Lieutenant","discretionary","(3) The Lieutenant Governor in Council may make regulations respecting first nations woodland licences, first nations woodland licence areas and holders of first nations woodland licences, including regulations"
41258,"Forest And Range Practices Act","Provincial","156.1","Forest practices","regulation; order_in_council","governor; Lieutenant","discretionary","156.1  (1) The Lieutenant Governor in Council may make regulations respecting forest practices, including but not limited to the following:"
41266,"Forest And Range Practices Act","Provincial","156.1","Forest practices","regulation; order_in_council; authorization; designation; authorization","governor; Lieutenant; Minister","discretionary","(2) The Lieutenant Governor in Council may make regulations authorizing the minister to designate an area as a wildland urban interface area."
41267,"Forest And Range Practices Act","Provincial","157","Silvicultural systems and silviculture treatments","regulation; order_in_council","governor; Lieutenant","discretionary","157  (1) The Lieutenant Governor in Council may make regulations respecting silvicultural systems and silviculture treatments."
41268,"Forest And Range Practices Act","Provincial","157","Silvicultural systems and silviculture treatments","regulation; order_in_council","governor; Lieutenant","discretionary","(2) Without limiting subsection (1), the Lieutenant Governor in Council may make regulations respecting"
41306,"Forest And Range Practices Act","Provincial","164","Intervention and remediation","regulation; order_in_council","governor; Lieutenant","discretionary","164  (1) The Lieutenant Governor in Council may make regulations respecting compliance with this Act and remediation related to a forest practice or range practice."
41307,"Forest And Range Practices Act","Provincial","164","Intervention and remediation","regulation; order_in_council","governor; Lieutenant","discretionary","(2) Without limiting subsection (1), the Lieutenant Governor in Council may make regulations respecting"
41308,"Forest And Range Practices Act","Provincial","164","Intervention and remediation","regulation; authorization; agreement; authorization","Minister","mandatory","(a) the power of the minister to require the holder of an agreement under the Forest Act or the Range Act to take action to achieve a requirement of this Act or the regulations or to prevent damage to the environment if the damage is associated with a forest practice, range practice or range authorization,"
41317,"Forest And Range Practices Act","Provincial","167","Forest Practices Board","regulation; order_in_council","Board; governor; Lieutenant","discretionary","167  (1) The Lieutenant Governor in Council may make regulations respecting the Forest Practices Board."
41318,"Forest And Range Practices Act","Provincial","167","Forest Practices Board","regulation; order_in_council","governor; Lieutenant","discretionary","(2) Without limiting subsection (1), the Lieutenant Governor in Council may make regulations respecting the following:"
41331,"Forest And Range Practices Act","Provincial","168","Botanical forest products","regulation; order_in_council","governor; Lieutenant","discretionary","168  (1) The Lieutenant Governor in Council may make regulations respecting botanical forest products."
41332,"Forest And Range Practices Act","Provincial","168","Botanical forest products","regulation; order_in_council","governor; Lieutenant","discretionary","(2) Without restricting subsection (1), Lieutenant Governor in Council may make regulations respecting:"
41372,"Forest And Range Practices Act","Provincial","170","Forest Practices Advisory Council","regulation; order_in_council","governor; Lieutenant","discretionary","(2) Without limiting subsection (1), the Lieutenant Governor in Council may make regulations respecting the following:"
41395,"Forest And Range Practices Act","Provincial","173","Regulation making powers respecting pilot projects","regulation; order_in_council; framework","governor; Lieutenant","discretionary","173  (1) The Lieutenant Governor in Council may make regulations respecting pilot projects to experiment with ways to improve the regulatory framework for forest practices or range practices."
39276,"Forest And Range Practices Act","Provincial","2.21","Chief forester may establish forest landscape plan","order; plan","Chief","discretionary","2.21  (1) The chief forester may, by order, establish a forest landscape plan for the following land:"
39290,"Forest And Range Practices Act","Provincial","2.23","Consultation and cooperation with Indigenous peoples","plan","Chief","mandatory","2.23  Before establishing a forest landscape plan, the chief forester must consult and cooperate with Indigenous peoples whose rights could be affected by the establishment of the forest landscape plan."
39291,"Forest And Range Practices Act","Provincial","2.24","Consultation and cooperation with Indigenous governing body","authorization; plan; authorization; notice","Chief","discretionary; mandatory","2.24  (1) For the purposes of section 2.23, the chief forester must, before preparing a forest landscape plan, provide notice to any Indigenous governing body that is authorized to act on behalf of Indigenous peoples whose rights could be affected by the establishment of the forest landscape plan."
39292,"Forest And Range Practices Act","Provincial","2.24","Consultation and cooperation with Indigenous governing body","plan; notice","Chief","mandatory","(2) On providing notice under subsection (1) to an Indigenous governing body, the chief forester must attempt to establish, with the Indigenous governing body, a process for consultation and cooperation in the preparation of the forest landscape plan."
39293,"Forest And Range Practices Act","Provincial","2.24","Consultation and cooperation with Indigenous governing body","plan; notice","Chief","mandatory","(3) If a process for consultation and cooperation is established under subsection (2) with an Indigenous governing body within 60 days of the provision of notice under subsection (1) to the Indigenous governing body, the chief forester must implement the process before establishing the forest landscape plan."
39294,"Forest And Range Practices Act","Provincial","2.25","Consultation and cooperation with Indigenous governing body if process not established","plan; notice","Chief","mandatory","2.25  (1) If a process for consultation and cooperation in the preparation of a forest landscape plan is not established under section 2.24 (2) with an Indigenous governing body referred to in that subsection within 60 days of the provision of notice, the chief forester must,"
39306,"Forest And Range Practices Act","Provincial","2.26","Dispute resolution facilitation","notice","Chief","mandatory","(2) If a dispute arises between the chief forester and an Indigenous governing body to which notice was provided under section 2.24 (1) relating to a matter described in section 2.25 (5) and the chief forester and the Indigenous governing body cannot resolve the dispute, the chief forester must appoint an individual to facilitate the resolution of the dispute."
39307,"Forest And Range Practices Act","Provincial","2.26","Dispute resolution facilitation",,"Chief","mandatory","(3) Before appointing a facilitator, the chief forester must consider any comments of the Indigenous governing body referred to in subsection (2) respecting the appointment."
39328,"Forest And Range Practices Act","Provincial","2.3","Extension of forest landscape plan","order; plan","Chief","discretionary","2.3  (1) The chief forester may, by order, extend the term of a forest landscape plan on one or more occasions."
39331,"Forest And Range Practices Act","Provincial","2.31","Report on forest landscape plans","plan; report","Chief","mandatory","(2) Within 2 years after the end of a reporting period for a forest landscape plan, the chief forester must publish a report on a ministry website setting out the extent to which the outcomes identified in the plan have been achieved during the reporting period."
39332,"Forest And Range Practices Act","Provincial","2.32","Plans, studies, analyses and information","order; plan; report","Chief","discretionary; mandatory","2.32  (1) The chief forester may, by order, for the purposes of preparing or amending a forest landscape plan or preparing a report under section 2.31 in relation to a forest landscape plan, require a person referred to in subsection (2) of this section to take one or more of the following actions, as the chief forester considers adequate:"
39339,"Forest And Range Practices Act","Provincial","2.33","Notice of decisions in relation to forest landscape plans","order; plan; agreement; notice","Chief","mandatory","2.33  (1) The chief forester must give notice to the holder of an agreement that grants rights to harvest timber in a forest landscape area if, in relation to the forest landscape plan, the chief forester makes an order that"
39345,"Forest And Range Practices Act","Provincial","2.34","Requirement to keep records of forest landscape plans","plan","Chief","mandatory","2.34  (1) The chief forester must keep a record of each forest landscape plan and of each of the following, as applicable, that relates to the plan:"
39352,"Forest And Range Practices Act","Provincial","2.34","Requirement to keep records of forest landscape plans",,"Chief","mandatory","(2) The chief forester must, in a manner the chief forester considers adequate, make available to a person on request a copy of each record referred to in subsection (1)."
39353,"Forest And Range Practices Act","Provincial","2.34","Requirement to keep records of forest landscape plans","plan","Chief","mandatory","(3) During the term of a forest landscape plan, the chief forester must publish on a ministry website"
39417,"Forest And Range Practices Act","Provincial","2.38","Engagement on and review of forest operations plans","plan","Minister","discretionary","(3) If the minister requests a person to resubmit a forest operations plan or amendment to address changes requested by the minister, the minister may relieve the person from the requirements under subsections (1) and (2) for the purposes of resubmitting the plan or amendment."
39418,"Forest And Range Practices Act","Provincial","2.39","Approval of forest operations plans","plan","Minister","discretionary","2.39  (1) Subject to section 2.4, the minister may approve a forest operations plan or an amendment to a forest operations plan if satisfied of all of the following:"
39424,"Forest And Range Practices Act","Provincial","2.39","Approval of forest operations plans","authorization; plan; permit; authorization","Minister","discretionary","(2) Subject to subsection (3), the minister may, in approving a forest operations plan or amendment, impose a condition under section 112 (1) that the holder, by the date specified by the minister, deactivate a road authorized under a road permit or cutting permit held by the holder, including a road that is located outside of the forest operations area."
39427,"Forest And Range Practices Act","Provincial","2.4","Approval of forest operations plans that are inconsistent with forest landscape plans","plan","Minister","discretionary","2.4  (1) If a forest operations plan is inconsistent with a forest landscape plan, or would be inconsistent with a forest landscape plan as a result of an amendment to the forest operations plan, the minister may not approve the forest operations plan or amendment unless the minister is satisfied of all of the following:"
39466,"Forest And Range Practices Act","Provincial","2.45","Mandatory amendments to forest operations plan","plan; exemption","Minister","discretionary","(4) In prescribed circumstances, the minister may exempt a person from a requirement to amend a plan under subsection (1)."
39792,"Forest And Range Practices Act","Provincial","20.26","Additional parties to plans","plan; licence","Minister","discretionary","20.26  (1) Subject to subsections (2) and (3), if a forest operations plan, forest stewardship plan or woodlot licence plan has been approved by the minister, a person may be added or removed as a party to the plan only if an amendment to add or remove the person as a party to the plan is approved by the minister."
41642,"Forest And Range Practices Act","Provincial","205","Grandparenting range use plans","regulation; order_in_council","governor; Lieutenant","discretionary","(3) The Lieutenant Governor in Council by regulation may substitute a date that is no later than December 31, 2007 for the date referred to in subsection (1) (c)."
41683,"Forest And Range Practices Act","Provincial","214","Mandate of board re: transition","regulation; plan; approval; review","Board; Minister","discretionary","(3) In accordance with the regulations, the board may request the minister to review the approval of, or the giving effect to, a forest development plan or range use plan or an amendment to either if"
39842,"Forest And Range Practices Act","Provincial","22.1","Use of forest service roads for timber harvesting, silviculture or natural resource development purposes","exemption","Minister","discretionary","(2) The minister may grant an exemption to a person for the purposes of subsection (1) (b) if satisfied that the person's use of the forest service road will not"
39871,"Forest And Range Practices Act","Provincial","22.11","Use of forest resource roads for timber harvesting, silviculture or natural resource development purposes","exemption","Minister","discretionary","(3) The minister may grant an exemption to a person for the purposes of subsection (1) (c) or (2) (e) if satisfied that the person's use of the forest resource road will not unnecessarily impact forest resources."
39942,"Forest And Range Practices Act","Provincial","23.1","Significant road work in relation to forest service roads","authorization; authorization","Minister","discretionary","(2) The minister may, on application, authorize a person to carry out significant road work in relation to a forest service road."
39946,"Forest And Range Practices Act","Provincial","23.1","Significant road work in relation to forest service roads","authorization; authorization","Minister","discretionary","(4) If a person is authorized under subsection (2) to carry out significant road work in relation to a forest service road, the minister may authorize the person to use sand, gravel, rock or other materials in the road right of way for the purposes of carrying out the significant road work."
39999,"Forest And Range Practices Act","Provincial","27","Forest health emergency","order","Minister","discretionary","(2) The minister may order"
40066,"Forest And Range Practices Act","Provincial","32","Range use plan and range stewardship plan required","authorization; plan; agreement; authorization","Minister","discretionary","(2) The minister may authorize the holder of an agreement under the Range Act to prepare a range stewardship plan"
40069,"Forest And Range Practices Act","Provincial","32","Range use plan and range stewardship plan required",,"Minister","mandatory","(3) Without restricting subsection (2), in determining whether a person has demonstrated competence the minister must consider"
40115,"Forest And Range Practices Act","Provincial","37","Approval of a range use plan or range stewardship plan","plan","Minister","mandatory","37  (1) The minister must approve a range use plan, a range stewardship plan or an amendment to either if the minister determines that the plan or amendment"
40118,"Forest And Range Practices Act","Provincial","37","Approval of a range use plan or range stewardship plan","regulation; plan; standard; approval","Minister","mandatory","(2) A range use plan, a range stewardship plan or an amendment to either that is submitted to the minister for approval must be considered to have conformed to this Act, the regulations, the standards and the objectives set by government if the plan or amendment conforms to the relevant provisions of this Act, the regulations, the standards and the objectives as they were 4 months before the date of the submission of the plan or amendment to the minister."
40119,"Forest And Range Practices Act","Provincial","37","Approval of a range use plan or range stewardship plan","regulation; order; order_in_council; plan; standard; approval","governor; Lieutenant; Minister","discretionary; mandatory","(2.1) The Lieutenant Governor in Council, by order, may declare that a range use plan, a range stewardship plan or an amendment to either that is submitted to the minister for approval, despite subsection (2), must immediately conform to some or all of this Act, the regulations, the standards and the objectives set by government as set out in the order."
40120,"Forest And Range Practices Act","Provincial","37","Approval of a range use plan or range stewardship plan","plan; approval","Advisory; Committee; Minister","discretionary","(3) The minister or the person seeking approval of a range use plan, a range stewardship plan or an amendment to either may refer the plan to an advisory committee for its recommendations, and the minister may consider those recommendations when making a determination under subsection (1)."
40121,"Forest And Range Practices Act","Provincial","37","Approval of a range use plan or range stewardship plan","plan","Minister","mandatory","(4) The minister must give reasons for refusing to approve a range use plan, a range stewardship plan or an amendment to either."
40128,"Forest And Range Practices Act","Provincial","38","Mandatory amendments","plan","Minister","mandatory","(4) The holder of a range stewardship plan described in subsection (2) (a) or a range use plan mentioned in subsection (2) (b) who knows or reasonably ought to know that the actions specified in the plan are not sufficient to deal with issues identified by the minister must amend the plan so that it is sufficient to deal with those issues."
40129,"Forest And Range Practices Act","Provincial","38","Mandatory amendments","order; plan","Minister","mandatory","(5) The holder of a range use plan or range stewardship plan, if and as directed by order of the minister, must prepare and submit an amendment to the plan to take into account prescribed circumstances."
40130,"Forest And Range Practices Act","Provincial","39","Cumulative impacts require plan amendment","plan; agreement","Minister","discretionary","39  (1) At the request of a holder of an agreement under the Range Act, the minister may determine whether range use plans or range stewardship plans held by other holders of agreements under the Range Act prevent or are likely to prevent the holder making the request from"
40133,"Forest And Range Practices Act","Provincial","39","Cumulative impacts require plan amendment","order; plan; agreement; approval","Minister","discretionary; mandatory","(2) If the determination under subsection (1) is that the requesting holder is prevented or is likely to be prevented from doing the things described in subsection (1) (a) or (b), the minister by order may require one or more of the other holders of agreements referred to in subsection (1) to prepare and submit for the minister's approval the appropriate amendments to one or more range use or range stewardship plans so that the holder making the request does not continue to be prevented from doing those things."
40134,"Forest And Range Practices Act","Provincial","39","Cumulative impacts require plan amendment","plan","Minister","mandatory","(3) Before making a determination under this section, the minister must give the holders of range use plans or range stewardship plans affected an opportunity to be heard."
40141,"Forest And Range Practices Act","Provincial","41","Review and comment","plan; review","Minister","discretionary","(2) Despite subsection (1), the minister may approve a range use plan or an amendment to one that has not been made available for review and comment if"
40144,"Forest And Range Practices Act","Provincial","42","Proportional objectives","plan","Minister","discretionary","42  In prescribed circumstances, the minister may establish targets for sharing, in specified proportions between or among the holders of range use plans and range stewardship plans, the responsibility to achieve objectives set by government."
40229,"Forest And Range Practices Act","Provincial","51","Range developments","order","Minister","discretionary","(8) If satisfied that a range development is not effective, or is no longer needed for its original purpose, the minister may order the person responsible for the range development to remove it and rehabilitate areas that were affected by it."
40253,"Forest And Range Practices Act","Provincial","52.1","Authorization for silviculture, stand tending, forest health or another purpose",,"Minister","discretionary","(2) If the minister requires security under subsection (1) (c), the minister may specify"
40259,"Forest And Range Practices Act","Provincial","52.1","Authorization for silviculture, stand tending, forest health or another purpose","authorization; authorization","Minister","discretionary","(4) The minister may revoke or vary an authorization under section 52 (1) (b)."
40306,"Forest And Range Practices Act","Provincial","58","Protection of recreation and range resources on Crown land","order","Minister","discretionary","(2) The minister may make different orders under subsection (1) for different uses and locations."
40307,"Forest And Range Practices Act","Provincial","58","Protection of recreation and range resources on Crown land","order; notice","Minister","mandatory","(3) The minister must post a notice of an order under subsection (1) in the area to which the order applies."
43763,"Forest Practices Code Of British Columbia Act","Provincial","205","Provincial forest","regulation; order_in_council","governor; Lieutenant","discretionary","205  (1) The Lieutenant Governor in Council may make regulations respecting the use of a wilderness area or other Crown land in a Provincial forest or a portion of a Provincial forest."
43864,"Freshwater Fish Marketing Act","Federal","3","Appointment of Chairperson and President","order_in_council","Chairperson; governor; Office","mandatory","(2) The Chairperson and the President shall each be appointed by the Governor in Council to hold office during pleasure for such term as the Governor in Council considers appropriate."
43865,"Freshwater Fish Marketing Act","Federal","3","Appointment of directors","order_in_council; approval","Chairperson; governor; Minister; Office","mandatory","(3) Each director, other than the Chairperson and the President, shall be appointed by the Minister, with the approval of the Governor in Council, to hold office during pleasure for a term not exceeding four years that will ensure, as far as possible, the expiration in any one year of the terms of office of not more than one half of the directors."
43866,"Freshwater Fish Marketing Act","Federal","3","Appointment","order_in_council","governor; Lieutenant; Province","mandatory","(4) A director of the Corporation for a participating province shall be appointed on the recommendation of the lieutenant governor in council of the participating province."
43870,"Freshwater Fish Marketing Act","Federal","3","Temporary substitute directors","order_in_council","Chairperson; governor","discretionary","(8) If any director of the Corporation, other than the Chairperson or the President, is absent or unable to act, the Governor in Council may appoint a temporary substitute director on such conditions as the Governor in Council prescribes."
44141,"Greenbelt Act","Provincial","3","Preservation of greenbelt land","order; order_in_council; reserve","governor; Lieutenant","discretionary","(a) the Lieutenant Governor in Council may, by order, reserve Crown land as greenbelt land,"
44159,"Greenbelt Act","Provincial","6","Disposition of greenbelt land",,"Minister","mandatory","(2) On disposal, the minister must delete the record of that land from the greenbelt register."
44165,"Greenbelt Act","Provincial","8","Management of greenbelt land",,"Minister","discretionary","(3) The minister may, in writing, delegate the management of greenbelt land."
45199,"Hydro And Power Authority Act","Provincial","28","Financial reporting and auditing",,"Auditor","mandatory","(2) Unless the Auditor General is appointed in accordance with the Auditor General Act as the auditor of the authority, the authority must appoint an auditor to audit the accounts of the authority at least once each year."
45259,"Hydro And Power Authority Act","Provincial","34","Taxation","order_in_council; approval","governor; Lieutenant","discretionary","(1) With the approval of the Lieutenant Governor in Council, the authority may make annual grants to the Surveyor of Taxes with respect to a rural area and to municipalities and other local governments within the territorial jurisdiction of which the authority generates, transmits or sells electric power or otherwise carries on business."
45292,"Hydro And Power Authority Act","Provincial","36","Pension arrangements","order_in_council; plan; agreement","governor; Lieutenant","discretionary","(5) Despite any requirement or agreements existing and applicable to any superannuation or retirement plan or scheme for the benefit of any officers or employees of the authority or corporation formed by amalgamation under this Act or a partnership formed under this Act, the Lieutenant Governor in Council may rescind the appointment of any trustee under any plan or scheme and appoint a trustee or trustees in place of that trustee."
45056,"Hydro And Power Authority Act","Provincial","4","Directors","order_in_council","governor; Lieutenant","mandatory","(2) The Lieutenant Governor in Council must appoint one or more of the directors to chair the authority."
45070,"Hydro And Power Authority Act","Provincial","9","Executive committee","order_in_council","Committee; governor; Lieutenant","discretionary; mandatory","9  (1) The Lieutenant Governor in Council may appoint an executive management committee of the authority that is composed of not more than 5 directors, and that must, subject to the direction of the directors of the authority, manage the operations of the authority."
45929,"Impact Assessment Act","Federal","114","International agreements and arrangements","agreement; assessment","Minister","discretionary","(2) The Minister and the Minister of Foreign Affairs may enter into agreements or arrangements with any jurisdiction referred to in paragraphs (h) and (i) of the definition jurisdiction in section 2 respecting assessments of environmental effects, including for the purposes of implementing the provisions of any international agreement or arrangement respecting the assessment of environmental effects to which the Government of Canada is a party."
45940,"Impact Assessment Act","Federal","117","Appointment",,"Advisory; Chairperson; Minister","mandatory","(2) The Minister must appoint members to the advisory council, including a chairperson."
45429,"Impact Assessment Act","Federal","12","Agency's obligation - offer to consult","designation; assessment","Agency; agency","discretionary; mandatory","12 For the purpose of preparing for a possible impact assessment of a designated project, the Agency must offer to consult with any jurisdiction that has powers, duties or functions in relation to an assessment of the environmental effects of the designated project and any Indigenous group that may be affected by the carrying out of the designated project."
46019,"Impact Assessment Act","Federal","132","Suspension on application","order; review","Officer","discretionary","(2) A review officer may, on application made by a person or entity to whom an order is given, suspend the operation of the order if the review officer considers it appropriate and, in that case, impose on all persons or entities subject to the order conditions that are reasonable in the circumstances and consistent with the protection of the environment, human life or health or public safety."
45432,"Impact Assessment Act","Federal","14","Agency's obligation - summary of issues","designation","Agency; agency","mandatory","14 (1) The Agency must provide the proponent of a designated project with a summary of issues with respect to that project that it considers relevant, including issues that are raised by the public or by any jurisdiction or Indigenous group that is consulted under section 12, and with any information or knowledge made available to it by a federal authority that the Agency considers appropriate."
46081,"Impact Assessment Act","Federal","153","Agency continued","assessment","Agency; agency; Minister","mandatory","153 (1) The Canadian Environmental Assessment Agency is continued as the Impact Assessment Agency of Canada. The Impact Assessment Agency must advise and assist the Minister in exercising the powers and performing the duties and functions conferred on him or her by this Act."
46083,"Impact Assessment Act","Federal","154","Delegation to Agency","authorization; authorization","Agency; agency; Minister; Officer","discretionary","154 (1) The Minister may, subject to any terms and conditions that the Minister specifies, delegate to an officer or employee of the Agency any of the powers, duties and functions that the Minister is authorized to exercise or perform under this Act."
46106,"Impact Assessment Act","Federal","157","Appointment",,"Agency; agency; Committee","discretionary; mandatory","(2) The Agency may appoint any person with relevant knowledge or experience as a member of the expert committee. The membership of the committee must include at least one Indigenous person."
46109,"Impact Assessment Act","Federal","158","Appointment",,"Advisory; Agency; agency; Committee","discretionary","(2) The Agency may appoint any person with relevant knowledge or experience as a member of the advisory committee."
45450,"Impact Assessment Act","Federal","16","Limitation","designation; assessment","Agency; agency","discretionary; mandatory","(2.1) The Agency may decide that an impact assessment is required only if it is satisfied that the carrying out of the designated project may cause adverse effects within federal jurisdiction or direct or incidental adverse effects."
46119,"Impact Assessment Act","Federal","160","Acting President - other person",,"Minister","discretionary","(4) Subject to subsection (5), the Minister may appoint a person other than the Executive Vice-president to act as the President in the interim."
46121,"Impact Assessment Act","Federal","161","Executive Vice-president","order_in_council","Agency; agency; governor; Office; Officer","discretionary","161 (1) The Governor in Council may appoint an officer to be the Executive Vice-president of the Agency and to hold office during pleasure."
45452,"Impact Assessment Act","Federal","17","Minister's obligation","designation; notice; assessment","Agency; agency; Minister; parliament","mandatory","17 (1) If, before the Agency provides the proponent of a designated project with a notice of the commencement of the impact assessment of the designated project under subsection 18(1), a federal authority advises the Minister that it will not be exercising a power conferred on it under an Act of Parliament other than this Act that must be exercised for the project to be carried out in whole or in part, or the Minister is of the opinion that it is clear that the designated project would cause unacceptable environmental effects within federal jurisdiction, the Minister must provide the proponent with a written notice that he or she has been so advised or is of that opinion. The written notice must set out the reasons why the federal authority will not exercise its power or the basis for the Minister's opinion."
46142,"Impact Assessment Act","Federal","174","Commencement of legal proceedings",,"Agency; agency","discretionary","174 Any action, suit or other legal proceeding in respect of an obligation or liability incurred by the former Agency may be brought against the Agency in any court that would have had jurisdiction if the action, suit or other legal proceeding had been brought against the former Agency."
45460,"Impact Assessment Act","Federal","18","Extension of time limit",,"Agency; agency","discretionary","(3) The Agency may, on request of any jurisdiction referred to in paragraphs (c) to (g) of the definition jurisdiction in section 2, extend the time limit referred to in subsection (1) by any period up to a maximum of 90 days, to allow it to cooperate with that jurisdiction with respect to the Agency's obligations under subsection (1)."
46151,"Impact Assessment Act","Federal","181","Continuance or termination of environmental assessment","designation; assessment; study","Agency; agency","discretionary","(3) If the proponent fails to provide the information or studies within the time limit referred to in subsection (2) or within any extension of that time limit or notifies the Agency that it will fail to do so, the Agency may decide that the environmental assessment of the designated project is to be continued as an impact assessment under this Act or is to be terminated."
46156,"Impact Assessment Act","Federal","183","Power of Agency","designation; assessment; review; study","Agency; agency; Minister","discretionary; mandatory","(2.1) If, within one year after the day on which this subsection comes into force, the proponent of a designated project referred to in subsection (1) fails to collect the information or undertake the studies required by the Agency under section 39 of the 2012 Act, the Agency may, despite subsection (1), decide that the environmental assessment of that project is to be continued as an impact assessment under this Act as if the impact assessment had been referred by the Minister to a review panel under subsection 36(1) of this Act."
46162,"Impact Assessment Act","Federal","185.1","Non-application of this Act","designation; assessment","Agency; agency","mandatory","185.1 (1) This Act does not apply to a designated project, as defined in subsection 2(1) of the 2012 Act, that is a designated project, as defined in section 2 of this Act, if the former Agency determined that no environmental assessment was required under the 2012 Act or that section 128 of that Act applied to the project."
45520,"Impact Assessment Act","Federal","28","Extension of time limit by Minister","designation","Agency; agency; Minister","discretionary","(6) The Minister may extend the time limit referred to in subsection (2) or any time limit established under subsection (5) by any period - up to a maximum of 90 days - that is necessary to take into account circumstances that are specific to the designated project or to allow the Agency to cooperate with a jurisdiction referred to in section 21."
45521,"Impact Assessment Act","Federal","28","Extension of time limit by Governor in Council","order_in_council; designation","Agency; agency; governor; Minister","discretionary","(7) The Governor in Council may, on the recommendation of the Minister, extend the time limit extended under subsection (6) by any period that is necessary to take into account circumstances that are specific to the designated project or to allow the Agency to cooperate with a jurisdiction referred to in section 21."
45525,"Impact Assessment Act","Federal","29","Delegation","designation; report; assessment","Agency; agency","discretionary","29 The Agency may delegate to any person, body or jurisdiction referred to in paragraphs (a) to (g) of the definition jurisdiction in section 2 the carrying out of any part of the impact assessment of the designated project and the preparation of the report with respect to the impact assessment of the designated project."
45528,"Impact Assessment Act","Federal","31","Minister's power","designation; assessment","Minister","discretionary","31 (1) Subject to sections 32 and 33, the Minister may, on request of a jurisdiction referred to in any of paragraphs (c) to (g) of the definition jurisdiction in section 2 that has powers, duties or functions in relation to an assessment of the effects of a designated project and before the expiry of the time limit referred to in subsection 18(1), or any extension of that time limit, do one of the following:"
45555,"Impact Assessment Act","Federal","35","Information","designation; agreement; assessment","Agency; agency; Minister","discretionary; mandatory","35 If, with respect to the assessment of the effects of a designated project in respect of which the Minister has approved a substitution, the Agency is of the opinion that information is required for the purpose of ensuring that the factors set out in subsection 22(1) will be considered or for the purposes of subsection 60(1) or (1.1), it may require the proponent of that project to provide the information to the Minister or may make a request to the jurisdiction that is following or followed the process - or to any jurisdiction that is undertaking or undertook activities under an agreement or arrangement referred to in paragraph 114(1)(f) in relation to the assessment of effects of that project - to provide that information to the Minister."
45569,"Impact Assessment Act","Federal","37","Extension of time limit by Minister","designation; review","Minister","discretionary","(3) The Minister may extend the time limit established under paragraph (1)(a) by any period - up to a maximum of 90 days - that is necessary to take into account circumstances that are specific to the designated project or to allow the review panel to cooperate with a jurisdiction referred to in section 21."
45570,"Impact Assessment Act","Federal","37","Extension of time limit by Governor in Council","order_in_council; designation; review","governor; Minister","discretionary","(4) The Governor in Council may, on the recommendation of the Minister, extend the time limit extended under subsection (3) by any period that is necessary to take into account circumstances that are specific to the designated project or to allow the review panel to cooperate with a jurisdiction referred to in section 21."
45588,"Impact Assessment Act","Federal","39","Other jurisdiction","designation; agreement; assessment; review","Minister","discretionary","(3) When the Minister refers the impact assessment of a designated project to a review panel, the Minister and the Minister of Foreign Affairs may enter into an agreement or arrangement with any jurisdiction referred to in paragraph (h) or (i) of the definition jurisdiction in section 2 that has powers, duties or functions in relation to an assessment of the environmental effects of the designated project respecting the joint establishment of a review panel and the manner in which the impact assessment of the designated project is to be conducted by that panel."
45591,"Impact Assessment Act","Federal","40","Document establishing review panel","review","Board; Minister","mandatory","(2) When the Minister is required to refer the proposal to a review panel, he or she and the Mackenzie Valley Environmental Impact Review Board must, in writing, jointly establish a review panel and prescribe the manner of its examination of the impact of the proposal on the environment."
45593,"Impact Assessment Act","Federal","40","Coordination with environmental impact review","assessment; review","Minister","mandatory","(4) The Minister must, to the extent possible, ensure that any assessment of the proposal required by subsection (3) is coordinated with any environmental impact review of the proposal under the Mackenzie Valley Resource Management Act."
45597,"Impact Assessment Act","Federal","41","Terms of reference and appointment of members","designation; notice; assessment; review","Agency; agency; Minister","mandatory","41 (1) If the impact assessment of a designated project is referred to a review panel, the Minister must - within 45 days after the day on which the notice referred to in subsection 19(4) with respect to the designated project is posted on the Internet site - establish the panel's terms of reference and the Agency must, within the same period, appoint as a member one or more persons who are unbiased and free from any conflict of interest relative to the designated project and who have knowledge or experience relevant to the designated project's anticipated effects or have knowledge of the interests and concerns of the Indigenous peoples of Canada that are relevant to the assessment."
45605,"Impact Assessment Act","Federal","42","Provisions of agreement","designation; notice; review","Agency; agency; Chairperson","mandatory","(c) the Agency must - within 45 days after the day on which the notice referred to in subsection 19(4) with respect to the designated project is posted on the Internet site - appoint the chairperson, or a co-chairperson, and at least one other member of the review panel; and"
45610,"Impact Assessment Act","Federal","43.1","Agreement - referral under paragraph 43(a)","designation; agreement; assessment; review","Commission; Minister","discretionary","43.1 (1) The Minister may, when referring an impact assessment of a designated project to a review panel under paragraph 43(a), enter into an agreement or arrangement with respect to the impact assessment with the President of the Canadian Nuclear Safety Commission and any jurisdiction referred to in paragraphs (a) to (g) of the definition jurisdiction in section 2."
45611,"Impact Assessment Act","Federal","43.1","Agreement - referral under paragraph 43(b)","designation; agreement; assessment; review","commissioner; Minister; Regulator","discretionary","(2) The Minister may, when referring an impact assessment of a designated project to a review panel under paragraph 43(b), enter into an agreement or arrangement with respect to the impact assessment with the Lead Commissioner of the Canadian Energy Regulator and any jurisdiction referred to in paragraphs (a) to (g) of the definition jurisdiction in section 2."
45612,"Impact Assessment Act","Federal","44","Terms of reference - Nuclear Safety and Control Act","designation; notice; assessment; review","Agency; agency; Chairperson; Commission; Minister","mandatory","44 (1) When the Minister refers an impact assessment of a designated project that includes activities regulated under the Nuclear Safety and Control Act to a review panel, the Minister must - within 45 days after the day on which the notice referred to in subsection 19(4) with respect to the designated project is posted on the Internet site - establish the panel's terms of reference in consultation with the President of the Canadian Nuclear Safety Commission and the Agency must, within the same period, appoint the chairperson and at least two other members."
45618,"Impact Assessment Act","Federal","47","Terms of reference - Canadian Energy Regulator Act","designation; notice; assessment; review","Agency; agency; Chairperson; commissioner; Minister; Regulator","mandatory","47 (1) When the Minister refers an impact assessment of a designated project that includes activities regulated under the Canadian Energy Regulator Act to a review panel, the Minister must - within 45 days after the day on which the notice referred to in subsection 19(4) with respect to the designated project is posted on the Internet site - establish the panel's terms of reference in consultation with the Lead Commissioner of the Canadian Energy Regulator and the Agency must, within the same period, appoint the chairperson and at least two other members."
45630,"Impact Assessment Act","Federal","50","Establishment of roster","review","Commission","discretionary","(b) a roster of persons who are members of the Canadian Nuclear Safety Commission and who may be appointed as members of a review panel established under subsection 44(1);"
45631,"Impact Assessment Act","Federal","50","Establishment of roster","review","Regulator","discretionary","(c) a roster of persons who are commissioners under the Canadian Energy Regulator Act and who may be appointed as members of a review panel established under subsection 47(1)."
45701,"Impact Assessment Act","Federal","64","Conditions - adverse effects within federal jurisdiction","order_in_council; designation; report","governor; Minister","discretionary; mandatory","64 (1) The Minister must, based on any determination made by the Minister under subsection 60(1) or any determination made by the Governor in Council under section 62, as the case may be, establish any conditions that the Minister considers appropriate in relation to the adverse effects within federal jurisdiction that are indicated in the report. The proponent of the designated project must comply with those conditions."
45716,"Impact Assessment Act","Federal","65","Time limit - Governor in Council's decision","order_in_council; report","governor; Minister","mandatory","(4) If the Governor in Council makes a determination under paragraph 62(a) that the adverse effects within federal jurisdiction - and the direct or incidental adverse effects - that are indicated in the report are not likely to be, to some extent, significant or makes a determination under paragraph 62(b), the Minister must issue the decision statement no later than 90 days after"
45719,"Impact Assessment Act","Federal","65","Extension of time limit by Minister","designation","Minister","discretionary","(5) The Minister may extend the time limit referred to in subsection (3) or (4) by any period - up to a maximum of 90 days - that is necessary to take into account circumstances that are specific to the designated project or to facilitate cooperation with a jurisdiction referred to in section 21."
45720,"Impact Assessment Act","Federal","65","Extension of time limit by Governor in Council","order_in_council; designation","governor; Minister","discretionary","(6) The Governor in Council may, on the recommendation of the Minister, extend the time limit extended under subsection (5) by any period that is necessary to take into account circumstances that are specific to the designated project or to facilitate cooperation with a jurisdiction referred to in section 21."
45401,"Impact Assessment Act","Federal","7","Schedule 3","order; order_in_council","governor","discretionary","(2) The Governor in Council may, by order, amend Schedule 3 to add or remove a component of the environment or a health, social or economic matter."
45411,"Impact Assessment Act","Federal","9","Minister's power to designate","regulation; order; designation","Minister","discretionary","9 (1) The Minister may, on request or on the Minister's own initiative, by order, designate a physical activity that is not prescribed by regulations made under paragraph 109(b) if, in the Minister's opinion, the carrying out of that physical activity may cause adverse effects within federal jurisdiction or direct or incidental adverse effects."
45412,"Impact Assessment Act","Federal","9","Factors","order","Minister","discretionary","(2) If the Minister is of the opinion that the carrying out of the physical activity may cause adverse effects within federal jurisdiction or direct or incidental adverse effects, the Minister may, in deciding whether to make an order, consider"
45801,"Impact Assessment Act","Federal","92","Regional assessments - region entirely on federal lands","authorization; authorization; assessment","Agency; agency; Committee; Minister","discretionary","92 The Minister may establish a committee - or authorize the Agency - to conduct a regional assessment of the effects of existing or future physical activities carried out in a region that is entirely on federal lands."
45803,"Impact Assessment Act","Federal","93","Regional assessments - other regions",,"Minister","discretionary","(a) the Minister may"
45806,"Impact Assessment Act","Federal","93","Regional assessments - other regions","agreement; assessment","Committee; Minister","discretionary","(b) the Minister and the Minister of Foreign Affairs may enter into an agreement or arrangement with any jurisdiction referred to in paragraph (h) or (i) of that definition respecting the joint establishment of a committee to conduct the assessment and the manner in which the assessment is to be conducted."
45807,"Impact Assessment Act","Federal","93","Committee - foreign state or international organization of states","agreement","Committee; Minister","mandatory","(2) If an agreement or arrangement referred to in paragraph (1)(b) is entered into, the Minister must establish - or approve - the committee's terms of reference and appoint as a member of the committee one or more persons, or approve their appointment."
46350,"Integrated Pest Management Act","Provincial","13","Integrated Pest Management Committee",,"Committee; Minister","discretionary","13  (1) The minister may appoint an Integrated Pest Management Committee consisting            of"
46356,"Integrated Pest Management Act","Provincial","13","Integrated Pest Management Committee",,"Committee","mandatory","(4) The committee must"
46401,"Integrated Pest Management Act","Provincial","17","Inspections",,"inspector","discretionary","(a) inspect, analyze, sample or test a pesticide or any equipment or container              that the inspector believes has been, is being or may be used, to contain, prepare,              mix or apply a pesticide;"
46422,"Integrated Pest Management Act","Provincial","19","Inspection of vehicles","regulation","inspector","discretionary","(2) For the purposes of ensuring compliance with this Act and the regulations, if an            inspector has reasonable grounds to believe that a vehicle is being used to transport a            pesticide, an inspector may"
46640,"Integrated Pest Management Act","Provincial","41","Transitional regulations","regulation; order_in_council","governor; Lieutenant","discretionary","41  (1) The Lieutenant Governor in Council may make regulations the Lieutenant Governor            in Council considers necessary or advisable for the orderly transition from the            application of the Pesticide Control Act to its            replacement by this Act."
46313,"Integrated Pest Management Act","Provincial","8","Minister's orders",,"Minister","discretionary","8  (1) If the minister is satisfied that an unreasonable adverse effect has resulted or            is likely to result from a pesticide use or the manner in which a pesticide is used,            handled, released, transported, stored, disposed of or sold, the minister may do one or            more of the following:"
47867,"International Boundary Waters Treaty Act","Federal","21.01","Order - Schedule 3","order; order_in_council","governor; Minister","discretionary","21.01 (1) The Governor in Council may, by order, on the Minister's recommendation, amend Schedule 3 by adding, deleting or amending the name of any transboundary waters."
48006,"International Boundary Waters Treaty Act","Federal","42","Article V","authorization; permit; authorization","Dominion; Province","discretionary","Footnote *The United Kingdom, by the Dominion of Canada, or the Province of Ontario, may authorize and permit the diversion within the Province of Ontario of the waters of said river above the Falls of Niagara, for power purposes, not exceeding in the aggregate a daily diversion at the rate of thirty-six thousand cubic feet of water per second."
48013,"International Boundary Waters Treaty Act","Federal","42","Article VIII","approval","Commission","mandatory","This International Joint Commission shall have jurisdiction over and shall pass upon all cases involving the use or obstruction or diversion of the waters with respect to which under Articles III and IV of this treaty the approval of this Commission is required, and in passing upon such cases the Commission shall be governed by the following rules or principles which are adopted by the High Contracting Parties for this purpose:"
48018,"International Boundary Waters Treaty Act","Federal","42","Article VIII","approval","Commission","discretionary; mandatory","The Commission in its discretion may make its approval in any case conditional upon the construction of remedial or protective works to compensate so far as possible for the particular use or diversion proposed, and in such cases may require that suitable and adequate provision, approved by the Commission, be made for the protection and indemnity against injury of any interests on either side of the boundary."
48019,"International Boundary Waters Treaty Act","Federal","42","Article VIII","approval","Commission","discretionary; mandatory","In cases involving the elevation of the natural level of waters on either side of the line as a result of the construction or maintenance on the other side of remedial or protective works or dams or other obstructions in boundary waters or in waters flowing therefrom or in waters below the boundary in rivers flowing across the boundary, the Commission shall require, as a condition of its approval thereof, that suitable and adequate provision, approved by it, be made for the protection and indemnity of all interests on the other side of the line which may be injured thereby."
48030,"International Boundary Waters Treaty Act","Federal","42","Article XII",,"Commission; commissioner","discretionary; mandatory","The International Joint Commission shall meet and organize at Washington promptly after the members thereof are appointed, and when organized the Commission may fix such times and places for its meetings as may be necessary, subject at all times to special call or direction by the two Governments. Each Commissioner, upon the first joint meeting of the Commission after his appointment, shall, before proceeding with the work of the Commission, make and subscribe a solemn declaration in writing that he will faithfully and impartially perform the duties imposed upon him under this treaty, and such declaration shall be entered on the records of the proceedings of the Commission."
48031,"International Boundary Waters Treaty Act","Federal","42","Article XII",,"Commission","discretionary; mandatory","The United States and Canadian sections of the Commission may each appoint a secretary, and these shall act as joint secretaries of the Commission at its joint sessions, and the Commission may employ engineers and clerical assistants from time to time as it may deem advisable. The salaries and personal expenses of the Commission and of the secretaries shall be paid by their respective Governments, and all reasonable and necessary joint expenses of the Commission, incurred by it, shall be paid in equal moieties by the High Contracting Parties."
48032,"International Boundary Waters Treaty Act","Federal","42","Article XII",,"Commission","discretionary; mandatory","The Commission shall have power to administer oaths to witnesses, and to take evidence on oath whenever deemed necessary in any proceeding, or inquiry, or matter within its jurisdiction under this treaty, and all parties interested therein shall be given convenient opportunity to be heard, and the High Contracting Parties agree to adopt such legislation as may be appropriate and necessary to give the Commission the powers above mentioned on each side of the boundary, and to provide for the issue of subpoenas and for compelling the attendance of witnesses in proceedings before the Commission. The Commission may adopt such rules of procedure as shall be in accordance with justice and equity, and may make such examination in person and through agents or employees as may be deemed advisable."
48668,"Land Act","Provincial","10","Application for Crown land",,"Minister","discretionary","(3) Despite subsection (1), the minister may refuse to receive an application for Crown land if"
48673,"Land Act","Provincial","10.1","When no application for Crown land may be made","order","Minister","discretionary","10.1  (1) The minister may, by order, specify that no application for Crown land may be made in respect of one or more of the following:"
49183,"Land Act","Provincial","101","Examination of claim",,"Minister","discretionary; mandatory","101  (1) If a person claims an interest in Crown land, the minister may require the person to file with the minister a statement of the person's claim within a specified time."
49184,"Land Act","Provincial","101","Examination of claim",,"Minister","discretionary; mandatory","(2) The minister must examine and consider the claim and may confirm or reject all or part of it and make the disposition of the Crown land the minister considers advisable."
49202,"Land Act","Provincial","106","Land revested in government",,"Minister","discretionary","(2) Despite anything in this Act, the minister may transfer, on terms and conditions the minister considers appropriate, the administration of Crown land to any ministry of the government or may accept a transfer of Crown land from any ministry of the government to the minister's ministry."
49208,"Land Act","Provincial","108","Registers",,"commissioner","mandatory","108  (1) The commissioner of each land recording district must keep a register of applications for a disposition filed with the commissioner under this Act, which must include for each application its number, the applicant's name and address and a short description of the Crown land applied for."
48681,"Land Act","Provincial","11","Minister may dispose of Crown land","regulation","Minister","discretionary","11  (1) Subject to compliance with this Act and the regulations, the minister may dispose of surveyed or unsurveyed Crown land by any of the following means, as the minister considers advisable in the public interest, to a person entitled under this Act:"
48689,"Land Act","Provincial","11","Minister may dispose of Crown land",,"Minister","discretionary","(2) The minister may, under subsection (1),"
48695,"Land Act","Provincial","11","Minister may dispose of Crown land",,"Minister","discretionary","(3) In a disposition of Crown land under this section, the minister may impose the terms, covenants, stipulations and reservations the minister considers advisable, and without limiting those powers, the minister may impose some or all of the following terms:"
48711,"Land Act","Provincial","15","Reserves","order; order_in_council; reserve","governor; Lieutenant","discretionary","(2) The Lieutenant Governor in Council may, by order, reserve Crown land from disposition under this Act for any purpose that the Lieutenant Governor in Council considers advisable in the public interest, including for the use of a government body."
48719,"Land Act","Provincial","16","Withdrawal from disposition",,"Minister","discretionary","16  (1) The minister may temporarily withdraw Crown land from disposition under this Act for any purpose the minister considers advisable in the public interest, including for the use of a government body."
48723,"Land Act","Provincial","17","Conditional withdrawal","designation","Minister","discretionary","17  (1) The minister may, if the minister considers it advisable in the public interest, designate a portion of Crown land for a particular use or for the conservation of natural or heritage resources."
48727,"Land Act","Provincial","18","Land below natural water boundary","order; order_in_council","governor; Lieutenant","discretionary; mandatory","18  (1) Except by order of the Lieutenant Governor in Council, on the terms the Lieutenant Governor in Council may specify, unfilled Crown land below the natural boundary of a body of water must not be disposed of by Crown grant under this Act."
48728,"Land Act","Provincial","18","Land below natural water boundary","order","Minister","discretionary; mandatory","(2) Except by order of the minister, on the terms the minister may specify, filled Crown land below the natural boundary of a body of water must not be disposed of by Crown grant under this Act."
48729,"Land Act","Provincial","19","Quarrying land","order","Minister","discretionary; mandatory","19  Except by order of the minister, on the terms the minister may specify, Crown land must not be disposed of by Crown grant under this Act if the minister believes it is suitable for mining, quarrying, digging or removal of building or construction materials, including, without limitation,"
48734,"Land Act","Provincial","20","Limit on area of Crown grant",,"Minister","discretionary","(2) Despite subsection (1), the minister may dispose of an area greater than 520 ha, by Crown grant, for commercial, industrial, railway or airport purposes."
48736,"Land Act","Provincial","21","Limit on area of lease",,"Minister","discretionary","(2) Despite subsection (1), the minister may dispose of, by lease, an area greater than 520 ha for grazing, commercial, industrial, railway, airport or watershed purposes."
48738,"Land Act","Provincial","23","Timbered land",,"Minister","mandatory","23  Unless, in the opinion of the minister, Crown land is required for agricultural settlement and development or other higher economic use, Crown land that is suitable for the production of timber and pulpwood must not be disposed of by Crown grant under this Act."
48740,"Land Act","Provincial","25","Method of payment",,"Minister","discretionary","25  If an applicant purchases Crown land under section 11, the minister may, despite section 48, if the unpaid balance of the purchase price has been secured to the minister's satisfaction, issue a Crown grant before the full purchase price has been paid."
48757,"Land Act","Provincial","31","Transfers to Canada","order_in_council","governor; Lieutenant","discretionary","31  (1) Subject to the terms, reservations and restrictions the Lieutenant Governor in Council considers advisable, the Lieutenant Governor in Council may transfer the administration, control and benefit of Crown land to the government of Canada either in perpetuity or for a specified period, and with or without consideration."
48795,"Land Act","Provincial","38","Lease",,"Minister","discretionary","38  The minister may issue a lease of Crown land subject to the terms and reservations the minister considers advisable, including an option to purchase the land."
48796,"Land Act","Provincial","39","Licence of occupation","licence","Minister","discretionary","39  The minister may issue a licence to occupy and use Crown land, called a ""licence of occupation"", subject to the terms and reservations the minister considers advisable."
48808,"Land Act","Provincial","41","Failure to complete survey",,"Minister","discretionary; mandatory","41  If an application for a disposition of unsurveyed Crown land has been approved subject to completion of a satisfactory survey, the minister may disallow the application if the survey is not completed in the time required by the minister or as extended by the Surveyor General."
48837,"Land Act","Provincial","47","Delay on new disposition",,"Minister","discretionary","47  The minister may, in the minister's discretion, withhold from disposition, for a period of not longer than one year, Crown land in a cancelled or abandoned disposition."
48884,"Land Act","Provincial","53","Procedure to cancel defective grants",,"Minister","discretionary","(b) the minister may substitute other Crown land of a value that the minister considers reasonable in the circumstances."
48914,"Land Act","Provincial","59","Trespass on Crown land","notice","Minister","discretionary","59  (1) If a person does anything that is an offence under section 60 (a) to (g), the minister may, on notice to that person, do one or more of the following:"
48922,"Land Act","Provincial","59","Trespass on Crown land","notice","Minister","discretionary; mandatory","(f) require the person to remove any improvements made by the person on the Crown land, to the satisfaction of the minister, within the time specified in the notice and, on failure of the person to comply, the minister may remove the improvements and require the person to pay the cost of removal."
48936,"Land Act","Provincial","59","Trespass on Crown land","authorization; authorization","Minister","discretionary","(8) Anything seized under this section becomes the property of the government and the minister may, at the discretion of the minister, authorize it to be sold, rented, removed or destroyed."
48949,"Land Act","Provincial","61","Enforcement of payment","certificate; notice","Minister","discretionary","(2) If the person fails to pay the money after service or delivery of the notice referred to in subsection (1), the minister may issue and file with a court having jurisdiction a certificate stating"
48955,"Land Act","Provincial","66","Prohibition of use of Crown land in designated areas","regulation; order_in_council; designation","governor; Lieutenant","discretionary","66  (1) The Lieutenant Governor in Council may, by regulation, prohibit a specific use of Crown land in a designated area."
48959,"Land Act","Provincial","67","Garbage on Crown land prohibited",,"Department","discretionary","(3) A member of the Provincial police force or a municipal police department may arrest, without warrant, a person whom the member finds committing an offence under this section, and may detain the person until the person can be brought before a justice to be dealt with according to law."
48973,"Land Act","Provincial","76","Power to order survey",,"Minister","discretionary","76  (1) The minister may cause a survey to be made of Crown land."
48987,"Land Act","Provincial","80","Access to private land","authorization; authorization","Minister","discretionary","80  (1) If the minister considers it advisable, the minister may authorize the Surveyor General to establish a public road allowance through Crown land to give access to privately owned land being subdivided."
49045,"Land Act","Provincial","93.4","Minister may establish Forest and Range Practices Act objectives by order","order; order_in_council; designation","governor; Lieutenant; Minister","discretionary","(2) An order of the minister under subsection (1) may apply in respect of Crown resources or Crown land, whether or not the Crown resources or Crown land are also the subject of a designation made or an objective established by the Lieutenant Governor in Council under this Part."
49046,"Land Act","Provincial","93.5","Consistency among designations and objectives",,"Minister","mandatory","93.5  (1) The minister must not establish an objective under section 93.4 in respect of Crown resources or Crown land unless the objective is consistent with every"
49058,"Land Act","Provincial","93.7","Delegation by minister","regulation; designation","Minister","discretionary","(a) delegate a power or duty of the minister under sections 93.4 to 93.6 or under the regulations to a person, designated by name or position and employed in the ministry of the minister or in another ministry, and this Act applies to the delegate as if the delegate were the minister, except that the delegate may not sub-delegate the power or duty,"
49066,"Land Act","Provincial","93.81","Regulations for this Part","regulation; order_in_council","governor; Lieutenant; Minister","discretionary","93.81  The Lieutenant Governor in Council may make regulations respecting objectives established under section 93.4, including but not limited to regulations prescribing procedures and criteria that are to be followed by the minister or a delegate of the minister in establishing the objectives."
49158,"Land Act","Provincial","95","Powers to exchange","order_in_council","governor; Lieutenant","discretionary","(3) Despite any other Act, if timber on the Crown land and on the other land exchanged under this section are not, under the Forest Act, subject to the same royalty rates, the Lieutenant Governor in Council may, by increasing or decreasing the royalty rate on the timber on the Crown land, equalize the royalty rates."
49159,"Land Act","Provincial","96","Occupational rental",,"Minister","discretionary; mandatory","96  (1) If Crown land is occupied, with or without lawful authority, before the issue of a disposition under this Act, the minister may require payment of rent by the occupier for the period of occupation at a rate the minister determines."
49161,"Land Act","Provincial","97","Minister may delegate; may amend terms",,"Minister","discretionary","97  (1) The minister may delegate in writing, on the terms and conditions the minister considers appropriate, the power to act on the minister's behalf respecting any of the minister's powers or functions under this Act to"
49169,"Land Act","Provincial","97","Minister may delegate; may amend terms","regulation","Minister","discretionary","(2) If an applicant, because of illness or other unforeseen circumstances, does not comply with a provision of this Act, the regulations, or a term, covenant or stipulation in a disposition, the minister may, if the minister considers it advisable, if no other person is or is likely to be prejudiced and if all other provisions of this Act and the regulations have been complied with, extend the time for compliance by the applicant or vary the terms, covenants or stipulations of the disposition."
49339,"Maanulth First Nations Final Agreement Act","Federal","10","Powers of Minister of Fisheries and Oceans","agreement","Minister","discretionary","10 Despite section 7 of the Fisheries Act, the Minister of Fisheries and Oceans may, on behalf of Her Majesty in right of Canada, enter into and implement the Maa-nulth Harvest Agreement referred to in paragraph 10.2.1 of the Agreement, including any amendments made to it."
50573,"Mines Act","Provincial","12","Mine reclamation fund","regulation; order_in_council","governor; Lieutenant","discretionary; mandatory","(2) The Lieutenant Governor in Council may, by regulation, establish a fund to be known as the mine reclamation fund into which must be paid security, that is in the form of money, given by the owner, agent or manager of a mine under section 10."
50575,"Mines Act","Provincial","12","Mine reclamation fund",,"Minister","discretionary","(4) The minister may requisition payments from an account in the fund"
50578,"Mines Act","Provincial","13","Variance of regulations or code for individual mine","regulation; code","Chief; Committee; inspector","discretionary","13  (1) On receiving a written application from the manager, the occupational health and safety committee or the local union requesting the suspension or variance of a provision of the regulations or of the code, the chief inspector may suspend or vary the provision if the chief inspector is of the opinion that the provision does not operate in the best interest of, or is not necessary to, health and safety in an individual mine."
50579,"Mines Act","Provincial","13","Variance of regulations or code for individual mine",,"Chief; inspector","mandatory","(2) The chief inspector must ensure that the parties affected by the application are advised of the application for, and the subsequent decision respecting, a variance."
50580,"Mines Act","Provincial","13","Variance of regulations or code for individual mine",,"Chief; inspector","mandatory","(3) The chief inspector must maintain a register of all variances."
50598,"Mines Act","Provincial","15","Inspections","designation","inspector","mandatory","(2) If an inspector is making a health and safety inspection, on arrival at the mine the inspector must request the manager to arrange for the worker co-chair or designate and the management co-chair or designate each to appoint a representative to accompany the inspector on the inspection."
50605,"Mines Act","Provincial","15","Inspections","regulation; order; code; permit","inspector","discretionary","(4.1) If an inspector believes on reasonable grounds that a person has contravened or is contravening an order under this section or a provision of the Act, the code, the regulations or a permit and that the contravention has a detrimental environmental impact, the inspector may order the owner, agent, manager, permittee or any other person apparently in charge in, on or about a mine to do any of the following:"
50610,"Mines Act","Provincial","15","Inspections","order","inspector","mandatory","(5) If an inspector is of the opinion that a delay in remedying a hazard would be dangerous to persons, property or the environment, the inspector must issue an order"
50619,"Mines Act","Provincial","16","Order not to interfere with public works, etc.","order","inspector","discretionary","16  An inspector may order the operation of a mine to be conducted in a manner that will not interfere with a public work, public service, public utility, highway or railway, or with a pipeline as defined in section 1 (2) of the Energy Resource Activities Act or an adjacent mine property."
50629,"Mines Act","Provincial","17","Chief inspector's authority to cause work to be done","notice","Minister","discretionary","(5) With or without payment and on conditions the minister may impose, the minister may cancel the notice registered under subsection (4) and, on that happening, the mine may be transferred or otherwise dealt with."
50478,"Mines Act","Provincial","2.1","Chief auditor","designation","Auditor; Chief; Minister","mandatory","2.1  (1) The minister must designate in writing a person appointed under the Public Service Act, as the chief auditor."
50489,"Mines Act","Provincial","2.4","Chief auditor's authority to delegate",,"Auditor; Chief","discretionary","2.4  (1) Subject to subsection (2), the chief auditor may delegate in writing to any person a power or duty of the chief auditor under this Act."
50490,"Mines Act","Provincial","2.4","Chief auditor's authority to delegate",,"Auditor; Chief","discretionary","(2) The chief auditor may not delegate a power or duty to any of the following persons:"
50501,"Mines Act","Provincial","2.5","Audits","order","Auditor; Chief","discretionary","(3) If, in inspecting a place under subsection (1), the chief auditor identifies a hazard and is of the opinion that a delay in remedying the hazard would be dangerous to persons, property or the environment, the chief auditor may issue an order"
50513,"Mines Act","Provincial","3","Chief inspector","designation","Chief; inspector; Minister","mandatory","3  The minister must designate in writing a person appointed under the Public Service Act, as the Chief Inspector of Mines."
50665,"Mines Act","Provincial","30","Posting of reports and orders","order; report","inspector","mandatory","30  (1) Each manager must post in a conspicuous place at the mine all inspection reports and orders issued by an inspector and must maintain them there for 30 days."
50672,"Mines Act","Provincial","34","Health, safety and reclamation code committee","code","Committee; Minister","mandatory","34  (1) The minister must establish a health, safety and reclamation code committee consisting of the members the minister appoints."
50674,"Mines Act","Provincial","34","Health, safety and reclamation code committee","code","Committee","discretionary; mandatory","(3) The committee must prepare a code dealing with all aspects of health, safety and reclamation in the operation of a mine and may amend the code from time to time as required."
50675,"Mines Act","Provincial","34","Health, safety and reclamation code committee","code; approval","inspector","discretionary; mandatory","(4) A provision of the code may specify that the approval or consent of an inspector or some other person is required before a specified action may be taken."
50681,"Mines Act","Provincial","35","Enforcement of Act, regulations, code, permit or order","regulation; order; code; permit","inspector","discretionary","35  (1) If an inspector finds that a mine is not being operated in accordance with an order under section 15 or a provision of the Act, the regulations, the code or a permit, the inspector may order the owner, agent, manager, permittee or person apparently in charge in, on or about a mine to comply with the order or provision."
50746,"Mines Act","Provincial","38","Power to make regulations","approval","inspector","discretionary; mandatory","(c) specify that the approval or consent of an inspector or some other person is required before a specified action may be taken, and, without limiting this section, may require approval or consent before a specified type of equipment is used at a mine or continues to be used in specified circumstances,"
50749,"Mines Act","Provincial","38","Power to make regulations","regulation","Chief; inspector","discretionary","(4) If a regulation is made that results in a limitation, restriction or prohibition on exploration or development or results in the closure of a mining operation, the chief inspector may, on conditions ordered by the chief inspector, consent to"
50515,"Mines Act","Provincial","5","Power to appoint inspectors",,"Chief; inspector","discretionary","5  The chief inspector may appoint persons as inspectors for the purposes of this Act."
50516,"Mines Act","Provincial","6","Chief inspector's authority to delegate",,"Chief; inspector","discretionary","6  The chief inspector may delegate in writing to an inspector any of the powers conferred on the chief inspector under this Act."
50529,"Mines Act","Provincial","8.2","Chief permitting officer","designation","Chief; Minister; Officer","mandatory","8.2  The minister must designate in writing a person appointed under the Public Service Act, as the chief permitting officer."
50530,"Mines Act","Provincial","8.3","Chief permitting officer's authority to delegate",,"Chief; inspector; Officer","discretionary","8.3  The chief permitting officer may delegate in writing to an inspector any of the powers conferred on the chief permitting officer under this Act."
50531,"Mines Act","Provincial","9","Advisory committee","permit; approval; review","Advisory; Chief; Committee; Officer","mandatory","9  The chief permitting officer must establish and chair an advisory committee and must establish regional advisory committees to review applications for mine approvals and reclamation permits, referred to them by the chief permitting officer, to assist the chief permitting officer in carrying out the duties of the chief permitting officer under this Act."
52905,"Natural Resource Compliance Act","Provincial","2","Natural resource officers - designation","regulation; designation","Minister","discretionary","2  (1) Subject to the regulations, if any, the minister may designate in writing persons or a class of persons as natural resource officers."
52906,"Natural Resource Compliance Act","Provincial","2","Natural resource officers - designation","designation","Minister","discretionary","(2) In designating natural resource officers under subsection (1), the minister may"
52912,"Natural Resource Compliance Act","Provincial","2","Natural resource officers - designation","designation","Minister","discretionary","(3) The minister may vary or revoke a designation."
52913,"Natural Resource Compliance Act","Provincial","3","Natural resource officers - powers and duties",,"Minister; Officer","discretionary","3  (1) Despite any other enactment, but subject to the limitations, terms and conditions, if any, imposed by the minister under section 2 (2), a natural resource officer may"
53501,"Oceans Act","Federal","35.1","Exceptions","authorization; designation; protected_area; authorization","Province","discretionary; mandatory","(b) marine scientific research activities that are consistent with the purpose of the designation of the marine protected area and that are authorized under federal laws or laws of a province, if required to be so authorized."
53535,"Oceans Act","Federal","39.1","Conveyance",,"Officer","discretionary","(2) For the purposes of carrying out the inspection, the enforcement officer may stop a conveyance or direct that it be moved to any place, including in Canadian waters or the exclusive economic zone of Canada, where the inspection can be carried out."
53544,"Oceans Act","Federal","39.2","Direction of ship to place",,"Board; Commission; Officer","discretionary","39.2 An enforcement officer may direct a ship to move to any place in Canadian waters or the exclusive economic zone of Canada if they have reasonable grounds to believe that the ship or a person on board the ship has committed, is committing or is about to commit an offence under this Act in Canadian waters or the exclusive economic zone of Canada and that the ship was, is being or is about to be used in connection with the commission of the offence."
53545,"Oceans Act","Federal","39.21","Detention order to ship","order","Board; Commission; Officer","discretionary","39.21 (1) An enforcement officer may make a detention order in relation to a ship if they have reasonable grounds to believe that the ship or a person on board the ship has committed an offence under this Act in Canadian waters or the exclusive economic zone of Canada and that the ship was used in connection with the commission of the offence."
53556,"Oceans Act","Federal","39.22","Compliance order","order","Commission; Officer","discretionary","39.22 (1) If an enforcement officer has reasonable grounds to believe that a person is committing an offence under this Act - or is about to commit an offence under this Act - the enforcement officer may issue a compliance order directing any person described in subsection (3) to take, at their own expense, any of the measures referred to in subsection (4) that the enforcement officer believes are reasonable in the circumstances, and consistent with the protection and preservation of the marine environment and with public safety, in order to cease the commission of the offence or to refrain from committing it."
56158,"Park Act","Provincial","10","Class C parks boards","regulation; park","Board","mandatory","(3) A park board must conduct its proceedings and manage, administer, regulate and control the park under its jurisdiction in accordance with this Act and the regulations."
56218,"Park Act","Provincial","15","Disposal of timber","park","Conservancy","mandatory","15  All timber cut on or removed from any park, conservancy or recreation area must be disposed of in accordance with the Forest Act."
56261,"Park Act","Provincial","22","Restoration deposit may be required","authorization; park; permit; authorization","Conservancy; Minister","discretionary; mandatory","22  Before issuing a park use permit or resource use permit, the minister or the minister's authorized agent may require the person to whom it is intended to issue the permit to pay to the government a sum that the minister or that agent considers sufficient to defray the cost of the restoration or repair of the park, conservancy or recreation area concerned necessitated by the use authorized by the permit."
56266,"Park Act","Provincial","27","Minister may accept gifts","reserve; park","Minister","discretionary","27  (1) The minister, on behalf of the government, may accept gifts or bequests of money or other property for purposes of parks, conservancies, recreation areas, ecological reserves or areas protected under the Environment and Land Use Act and administered by the minister."
56281,"Park Act","Provincial","27.3","Recovery of administrative penalties","certificate","Minister","discretionary; mandatory","(2) If a person fails to pay an administrative penalty as required under section 27.1, the minister may file a certificate in a court that has jurisdiction and, on filing, the certificate has the same force and effect, and all proceedings may be taken on it, as if it were a judgment of the court with which it is filed."
56032,"Park Act","Provincial","3","Duties and responsibilities of minister","park","Minister","mandatory","3  (1) Except as otherwise provided in this Act, the minister has jurisdiction over, and must manage and administer, all matters concerning parks, conservancies and recreation areas and public and private use and conduct in them, including all of the following:"
56400,"Park Act","Provincial","31.1","Transitional - validation of existing permits in conservancies","authorization; park; permit; authorization","Conservancy; Minister","discretionary","31.1  (1) Despite section 9 (10) (d), the minister may issue a park use permit authorizing a person who, on the establishment date for a conservancy, holds"
56404,"Park Act","Provincial","31.1","Transitional - validation of existing permits in conservancies","park; permit","Minister","discretionary","(2) The minister may renew, cancel, amend or approve the transfer of a park use permit issued under subsection (1)."
56040,"Park Act","Provincial","4","Directors, officers, employees and park rangers",,"Minister","discretionary","4  (1) The minister may appoint one or more directors and other officers and employees under the Public Service Act to assist the minister in the performance of duties and the exercise of powers under this Act."
56041,"Park Act","Provincial","4","Directors, officers, employees and park rangers","park","Minister","discretionary","(2) The minister may appoint persons, or persons within a class of persons, to be park rangers."
56045,"Park Act","Provincial","4","Directors, officers, employees and park rangers","park","Minister","discretionary","(4) In appointing park rangers under subsection (2), the minister may"
56062,"Park Act","Provincial","5","Classification of parks, conservancies and recreation areas","order_in_council","governor; Lieutenant","discretionary","5  (1) The Lieutenant Governor in Council may"
56066,"Park Act","Provincial","5","Classification of parks, conservancies and recreation areas","order_in_council; park","governor; Lieutenant","discretionary; mandatory","(2) Even though the power conferred on the Lieutenant Governor in Council by subsection (1) is expressed as being permissive, the Lieutenant Governor in Council must exercise that power to the extent and as often as may be necessary to ensure that the total area of parks and recreation areas"
56075,"Park Act","Provincial","5","Classification of parks, conservancies and recreation areas","order; order_in_council; park","governor; Lieutenant","discretionary","(5) The Lieutenant Governor in Council may, by order, extend the boundaries of any park, or consolidate 2 or more of the parks, referred to in subsection (3)."
56077,"Park Act","Provincial","5","Classification of parks, conservancies and recreation areas","order; order_in_council","Conservancy; governor; Lieutenant","discretionary","(7) The Lieutenant Governor in Council, by order, may extend the boundaries of any conservancy, or consolidate 2 or more of the conservancies, established or continued under the Protected Areas of British Columbia Act."
56088,"Park Act","Provincial","6","Additional powers for Crown land","order; order_in_council; authorization; authorization","governor; Lieutenant; Minister","discretionary","the Lieutenant Governor in Council may, by order made under this and any other applicable Act, authorize the minister to manage and administer the land, or the trail, path or waterway, or the interest of the government in it."
56090,"Park Act","Provincial","7","Power to modify boundaries","order_in_council; park","Conservancy; governor; Lieutenant","discretionary","7  (1) The Lieutenant Governor in Council may cancel, reestablish or revise the boundaries of any park, conservancy or recreation area established under this Act to"
56774,"Parks Canada Agency Act","Federal","10","Appointment","order_in_council","Chief; governor; Office; Officer","discretionary; mandatory","10 (1) The Governor in Council shall appoint an officer, to be called the Chief Executive Officer, to hold office during pleasure for a term of not more than five years, which term may be renewed for one or more further terms."
56776,"Parks Canada Agency Act","Federal","11","Absence or incapacity","order_in_council; approval","Chief; governor; Minister; Office; Officer","discretionary","11 In the event of the absence or incapacity of the Chief Executive Officer or a vacancy in that office, the Minister may appoint any person to exercise the powers and perform the duties and functions of the Chief Executive Officer, but no person may be so appointed for a term of more than ninety days without the approval of the Governor in Council."
56780,"Parks Canada Agency Act","Federal","12","Delegation","regulation","Chief; Officer","discretionary","(4) The Chief Executive Officer may delegate to any person any power, duty or function conferred on the Chief Executive Officer under this Act or any other Act or regulation."
56796,"Parks Canada Agency Act","Federal","17","Principal office",,"Agency; agency; Office","mandatory","17 The principal office of the Agency shall be in the National Capital Region described in the schedule to the National Capital Act."
56838,"Parks Canada Agency Act","Federal","30","Delegation",,"Agency; agency; Minister","discretionary","30 The Minister may delegate to the Agency any power, duty or function conferred on the Minister under sections 23 to 25 and 28."
56839,"Parks Canada Agency Act","Federal","31","Report - heritage areas and programs","program; park; report","Agency; agency; Chief; Minister; Officer; parliament","mandatory","31 At least every five years, the Chief Executive Officer shall provide the Minister with a report, to be tabled in each House of Parliament, on the state of national parks, national historic sites, national marine conservation areas and other protected heritage areas and heritage protection programs, and on the Agency's performance in carrying out its responsibilities under section 6."
56840,"Parks Canada Agency Act","Federal","32","Management plans","plan; park","Chief; Minister; Officer; parliament","mandatory","32. (1) In addition to the duties in relation to management plans under the Canada National Parks Act and the Canada National Marine Conservation Areas Act, the Chief Executive Officer shall, within five years after the establishment of a national historic site or other protected heritage area, other than the Rouge National Urban Park, or within five years after the coming into force of this section, whichever is later, provide the Minister with a management plan for that national historic site or other protected heritage area in respect of any matter that the Minister deems appropriate, including, but not limited to, commemorative and ecological integrity, resource protection or visitor use, and that plan shall be tabled in each House of Parliament."
56745,"Parks Canada Agency Act","Federal","5","Exercise of powers conferred on Minister","regulation; program; park","Agency; agency; Minister","discretionary; mandatory","5 (1) Subject to any direction given by the Minister, the Agency may exercise the powers and shall perform the duties and functions that relate to national parks, national historic sites, national marine conservation areas, other protected heritage areas and heritage protection programs that are conferred on, or delegated, assigned or transferred to, the Minister under any Act or regulation."
56746,"Parks Canada Agency Act","Federal","5","Officers and employees",,"Agency; agency; Minister; Officer","discretionary; mandatory","(2) An officer or employee of the Agency may exercise any power and perform any duty or function referred to in subsection (1) if the officer or employee is appointed to serve in the Agency in a capacity appropriate to the exercise of the power or the performance of the duty or function, and in so doing, shall comply with any general or special direction given by the Minister."
56753,"Parks Canada Agency Act","Federal","6","System plans","plan; park","Agency; agency","mandatory","(2) The Agency shall ensure that there are long-term plans in place for establishing systems of national parks, national historic sites and national marine conservation areas."
56762,"Parks Canada Agency Act","Federal","7","Additions to or deletions from the schedule","regulation; order; order_in_council; program; park","governor; parliament","discretionary","7 (1) The Governor in Council may, by order, add to or delete from the schedule any Act of Parliament or regulation or part of an Act or regulation that relates to national parks, national historic sites, national marine conservation areas or other protected heritage areas or heritage protection programs."
56763,"Parks Canada Agency Act","Federal","7","Additions to or deletions from schedule","regulation; order; order_in_council","governor; parliament","discretionary","(2) For the purposes of section 6.1, the Governor in Council may, by order, add to or delete from the schedule any Act of Parliament or regulation made under an Act of Parliament, or part of such an Act or regulation, that relates to the environment."
57785,"Pest Control Products Act","Federal","10","Specification for unregistered products and uses",,"Minister","discretionary","10 (1) The Minister may specify maximum residue limits for an unregistered pest control product or its components or derivatives, or for a registered pest control product or its components or derivatives with respect to a use that is not provided for by its registration, whether or not an application under subsection (2) is made for that purpose."
57787,"Pest Control Products Act","Federal","10","Evaluation of health risks",,"Minister","mandatory","(3) When specifying maximum residue limits for a pest control product or its components or derivatives pursuant to subsection (1), the Minister shall evaluate only the health risks of the product or its components or derivatives."
57789,"Pest Control Products Act","Federal","11","Relevant factors",,"Minister","mandatory","(2) If a decision referred to in paragraph 28(1)(a) or (b) is being made or has been made in relation to a pest control product, the Minister shall, in evaluating and determining whether the health risks associated with maximum residue limits for that pest control product or its components or derivatives are acceptable under subsection (1),"
57800,"Pest Control Products Act","Federal","14","Determination by Minister","review","Minister","mandatory","14 After considering any information reported under section 12 or 13, the Minister shall determine whether a special review of the registration of the pest control product should be initiated."
57804,"Pest Control Products Act","Federal","16","Minister's discretion to initiate re-evaluation",,"Minister","discretionary; mandatory","16 (1) The Minister may initiate the re-evaluation of a registered pest control product if the Minister considers that, since the product was registered, there has been a change in the information required, or the procedures used, for the evaluation of the health or environmental risks or the value of pest control products of the same class or kind."
57806,"Pest Control Products Act","Federal","16","Minister required to initiate re-evaluation",,"Minister","mandatory","(a) if a decision of a type referred to in paragraph 28(1)(a) or (b) was made in relation to a pest control product on or after April 1, 1995, the Minister shall initiate a re-evaluation of that product no later than one year after 15 years have elapsed since the most recent decision of that type; and"
57807,"Pest Control Products Act","Federal","16","Minister required to initiate re-evaluation",,"Minister","mandatory","(b) if the most recent decision of a type referred to in paragraph 28(1)(a) or (b) was made in relation to a pest control product before April 1, 1995, the Minister shall initiate a re-evaluation of that product no later than April 1, 2005 or the date that is one year after 15 years have elapsed since that decision, whichever date is later."
57813,"Pest Control Products Act","Federal","16","If active ingredients not equivalent","regulation; permit","Minister","mandatory","(5.1) If the active ingredients of the registered pest control product that is subject to the re-evaluation are not equivalent to the active ingredients in another registrant's registered pest control product, the Minister shall, subject to and in accordance with the regulations, permit the registrant whose product is subject to the re-evaluation to use or rely on information provided by the other registrant if the Minister is satisfied that the information is necessary for the re-evaluation."
57814,"Pest Control Products Act","Federal","16","Evaluation of pest control product","regulation","Minister","mandatory","(6) After the re-evaluation is initiated, the Minister shall, in accordance with the regulations, if any, conduct any evaluations that the Minister considers necessary with respect to the health or environmental risks or the value of the pest control product and shall carry out the consultations required by section 28."
57815,"Pest Control Products Act","Federal","17","Initiation of special review by Minister","review","Minister","mandatory","17 (1) The Minister shall initiate a special review of the registration of a pest control product if the Minister has reasonable grounds to believe that the health or environmental risks of the product are, or its value is, unacceptable."
57816,"Pest Control Products Act","Federal","17","Special review where OECD ban","review","Minister","mandatory","(2) Without limiting the generality of subsection (1), when a member country of the Organisation for Economic Co-operation and Development prohibits all uses of an active ingredient for health or environmental reasons, the Minister shall initiate a special review of registered pest control products containing that active ingredient."
57817,"Pest Control Products Act","Federal","17","Special review where information from department or province","review","Agency; agency; Department; Minister","mandatory","(3) Without limiting the generality of subsection (1), the Minister shall initiate a special review of the registration of a pest control product if a federal or provincial government department or agency has provided information to the Minister that relates to the health or environmental risks or the value of the product and if, after considering the information provided, the Minister has reasonable grounds to believe that the health or environmental risks of the product are, or its value is, unacceptable."
57820,"Pest Control Products Act","Federal","17","Scope of special review","review","Minister","mandatory","(6) For the purposes of this section, the Minister shall initiate a special review only in relation to the aspect of the pest control product that prompted the special review."
57821,"Pest Control Products Act","Federal","17","Addition of aspect","review","Minister","discretionary","(7) If the Minister has initiated a re-evaluation of, or a special review in relation to, a pest control product, the Minister may, at any time before the decision statement is made public under subsection 28(5), expand the scope of the re-evaluation or special review to include any aspect of the product that would otherwise prompt a new special review under subsection (1), (2) or (3)."
57823,"Pest Control Products Act","Federal","17.1","Discretion of Minister - aspect already covered","review","Minister","discretionary","17.1 (1) Despite section 17, the Minister may decide not to initiate a special review in relation to a pest control product if a re-evaluation of, or a special review in relation to, the product has already been initiated that includes the aspect of the product that would otherwise prompt a special review."
57824,"Pest Control Products Act","Federal","17.1","Discretion of Minister - previous decision statement","review","Minister","discretionary","(2) Despite subsection 17(2), the Minister may decide not to initiate a special review of a registered pest control product under that subsection if"
57836,"Pest Control Products Act","Federal","18","If active ingredients not equivalent","regulation; permit; review","Minister","mandatory","(3.1) If the active ingredients of a registered pest control product that is subject to the special review are not equivalent to the active ingredients in another registrant's registered pest control product, the Minister shall, subject to and in accordance with the regulations, permit the registrant whose product is subject to the special review to use or rely on information provided by the other registrant if the Minister is satisfied that the information is necessary for the special review."
57837,"Pest Control Products Act","Federal","18","Evaluation of pest control product","regulation; review","Minister","mandatory","(4) After the special review is initiated, the Minister shall, in accordance with the regulations, if any, evaluate only the aspects of the pest control product that are within the scope of the special review and shall carry out the consultations required by section 28."
57842,"Pest Control Products Act","Federal","19","Scientific approach",,"Minister","mandatory","(2) In evaluating the health and environmental risks of a pest control product and in determining whether those risks are acceptable, the Minister shall"
57848,"Pest Control Products Act","Federal","19","Government policy to be given effect in evaluation","policy","Minister","mandatory","(3) In evaluating the health and environmental risks and the value of a pest control product, the Minister shall give effect to government policy."
57849,"Pest Control Products Act","Federal","19","Comparative risk and value assessment","regulation","Minister","discretionary","(4) In determining whether the health and environmental risks and the value of a pest control product are acceptable, the Minister may, in accordance with the regulations, if any, take into account information regarding the risks and value of other pest control products that are registered for the same use."
57851,"Pest Control Products Act","Federal","20","Cancellation or amendment",,"Minister","discretionary","20 (1) The Minister may cancel or amend the registration of a pest control product if"
57856,"Pest Control Products Act","Federal","20","Refusal to consider applications",,"Minister","discretionary","(4) If the registration of a pest control product is cancelled or amended under paragraph (1)(a), the Minister may, for a prescribed period, refuse to consider any application made in respect of that product by the registrant."
57857,"Pest Control Products Act","Federal","21","Confirmation",,"Minister","mandatory","21 (1) If the Minister considers that the health and environmental risks and the value of a pest control product are acceptable after any required evaluations and consultations have been completed, the Minister shall confirm the registration."
57858,"Pest Control Products Act","Federal","21","Amendment or cancellation",,"Minister","mandatory","(2) If the Minister does not consider that the health or environmental risks or value of a pest control product are acceptable, the Minister shall"
57865,"Pest Control Products Act","Federal","21","Continued possession, etc., of existing stocks",,"Minister","discretionary","(5) When cancelling the registration of a pest control product under this section or any other provision of this Act, the Minister may"
57877,"Pest Control Products Act","Federal","24","Amendment with consent",,"Minister","discretionary","24 The Minister may, with the written consent of the registrant, amend the registration of a pest control product for the purpose of reducing its health or environmental risks or increasing its value."
57878,"Pest Control Products Act","Federal","25","Breach of conditions",,"Minister","discretionary","25 The Minister may cancel or amend the registration of a pest control product if the registrant does not comply with the conditions of registration."
57883,"Pest Control Products Act","Federal","27","Implementation of international agreement","order; order_in_council; agreement","governor","discretionary","27 The Governor in Council may, by order, cancel or amend the registration of a pest control product or a class of pest control products if the Governor in Council considers it necessary to do so to implement an international agreement."
57909,"Pest Control Products Act","Federal","33","Export control list","order; order_in_council","governor","discretionary","33 (1) The Governor in Council may, by order, establish a Pest Control Products Export Control List consisting of pest control products that meet the prescribed criteria."
57912,"Pest Control Products Act","Federal","33","Authorization","authorization; authorization","Minister","discretionary","(4) The Minister may authorize an applicant to export a pest control product to a specified country if"
57923,"Pest Control Products Act","Federal","34","Amendment, suspension or cancellation","authorization; authorization","Minister","discretionary","34 (1) The Minister may amend, suspend or cancel an authorization to export a pest control product if the Minister"
57943,"Pest Control Products Act","Federal","39","Confirmation, reversal or variation of decision","review","Minister","mandatory","39 (1) After considering the recommendations of a review panel, the Minister shall confirm, reverse or vary the decision under review, but the confirmation, reversal or variation must not result in the registration, either initial or continued, of a pest control product unless the Minister considers that its health and environmental risks and its value are acceptable."
57951,"Pest Control Products Act","Federal","41","Authorization","regulation; authorization; authorization","Minister","discretionary","41 (1) The Minister may, in accordance with the regulations and subject to any conditions that the Minister may specify, authorize a person to use an unregistered pest control product for a specified purpose."
57952,"Pest Control Products Act","Federal","41","Conditions","authorization; authorization","Minister","mandatory","(2) The Minister shall authorize the use of a pest control product if the Minister considers that use of the product for the specified purpose in accordance with any conditions specified does not pose unacceptable health or environmental risks."
57960,"Pest Control Products Act","Federal","42","Register","regulation; review","Minister","mandatory","42 (1) The Minister shall establish and maintain a Register of Pest Control Products in accordance with the regulations, if any, that contains information about pest control products, including information about applications, registrations, re-evaluations and special reviews."
58097,"Pest Control Products Act","Federal","52","Inspector may seize",,"inspector","discretionary","52 An inspector may seize and detain any pest control product or other thing that the inspector has reasonable grounds to believe"
58101,"Pest Control Products Act","Federal","53","Storage, movement and disposition",,"inspector","discretionary","53 (1) An inspector may, in respect of a pest control product or other thing seized under this Act,"
58112,"Pest Control Products Act","Federal","53","Interference with seized things","authorization; authorization","inspector","mandatory","(4) Except with the authorization of an inspector, no person shall move, alter or interfere with a pest control product or other thing seized under this Act."
58123,"Pest Control Products Act","Federal","53.3","Duty of inspector","regulation","inspector","mandatory","(3) If the inspector decides under subsection (1) not to give the owner or importer or the person having possession, care or control of the pest control product the opportunity to take a measure in respect of it, the inspector shall exercise, in respect of the product, any of the powers conferred by the provisions of this Act, other than this section, or of the regulations."
58124,"Pest Control Products Act","Federal","53.3","Measures that may be taken and notice",,"inspector","discretionary; mandatory","(4) However, if the inspector decides under subsection (1) to give the owner or importer, or the person having possession, care or control of the pest control product the opportunity to take a measure in respect of it, the inspector, or any other inspector who is informed of the decision, shall decide whether the owner or importer, or the person having possession, care or control of it may remove it from Canada at their expense, consent to its forfeiture or take either of these measures, and shall notify or cause to be notified the owner or importer, or the person having possession, care or control of the product that they may take that measure within the period specified by the inspector or other inspector, as the case may be."
58125,"Pest Control Products Act","Federal","53.3","Forfeiture",,"Minister","discretionary","(5) If a person is notified under subsection (4) that they may consent to the forfeiture of the pest control product and the person consents to its forfeiture, the product is forfeited to Her Majesty in right of Canada and may be disposed of, as the Minister may direct, at the person's expense."
58127,"Pest Control Products Act","Federal","54","Forfeiture","notice","Minister","discretionary","(2) If the pest control product is not removed from Canada, or destroyed, within the period specified in the notice?-?or, if no period is specified, within 90 days after the day on which the notice was delivered?-?it is, despite section 53.1, forfeited to Her Majesty in right of Canada and may be disposed of, as the Minister may direct, at the expense of the person to whom the notice was delivered."
58148,"Pest Control Products Act","Federal","54.1","Disposition",,"Minister","discretionary","(3) A seized pest control product or other thing that is forfeited under subsection (1) may be disposed of, as the Minister may direct, at the expense of its owner or the person having possession, care or control of it at the time of its seizure."
58160,"Pest Control Products Act","Federal","56.1","Disposition",,"Minister","discretionary","(3) A pest control product or other thing that is forfeited under subsection (1) may be disposed of, as the Minister may direct, at the expense of its owner or the person having possession, care or control of it at the time of its seizure."
58172,"Pest Control Products Act","Federal","58","Disposal of samples","regulation","inspector","discretionary","58 A sample taken under this Act or the regulations may be disposed of as an inspector or analyst may direct."
58173,"Pest Control Products Act","Federal","59","Inspectors may take measures to control risks","regulation","inspector; Minister","discretionary","59 (1) Despite subsection 6(8), an inspector may take any measures described in subsection (2) if he or she has reasonable grounds to believe that there has been a contravention of this Act or the regulations and that a pest control product, or any other thing that has been treated or contaminated by a pest control product, poses a health or environmental risk that the Minister considers is unacceptable."
58200,"Pest Control Products Act","Federal","61","Application for court order","order; authorization; authorization; notice","inspector; Minister","discretionary","61 If a person fails to comply with an order in respect of which notice has been delivered under subsection 53(2), 57(3) or 59(3), the Minister may apply to the Federal Court or any other court of competent jurisdiction for an order requiring the person to comply with the notice or authorizing an inspector to take any measures the court considers necessary to ensure compliance with the notice."
58265,"Pest Control Products Act","Federal","67","Regulations re WTO Agreement","regulation; order_in_council; agreement","governor","discretionary","(3) Without limiting the authority conferred by subsection (1), the Governor in Council may make any regulations that the Governor in Council considers necessary for the purpose of implementing, in relation to pest control products, Article 39(3) of the Agreement on Trade-related Aspects of Intellectual Property Rights set out in Annex 1C to the WTO Agreement."
58267,"Pest Control Products Act","Federal","67.1","Interim orders","regulation; order","Minister","discretionary; mandatory","67.1 (1) The Minister may make an interim order that contains any provision that may be contained in a regulation made under this Act if the Minister believes that immediate action is required to deal with a significant risk, direct or indirect, to health, safety or the environment."
57752,"Pest Control Products Act","Federal","7","Application to Minister","regulation","Minister","mandatory","7 (1) An application to register a pest control product or to amend the product's registration must be made to the Minister in the form and manner directed by the Minister and must include any information or other thing that is required by the regulations to accompany the application."
57753,"Pest Control Products Act","Federal","7","Use of information provided by registrants","regulation; permit","Minister","mandatory","(2) If the Minister determines that the active ingredient of the applicant's pest control product is equivalent to the active ingredient of a registered pest control product, the Minister shall, subject to and in accordance with the regulations, permit the applicant to use or rely on any information referred to in subsection (1) that has been provided by any registrant if the Minister is satisfied that the information"
57757,"Pest Control Products Act","Federal","7","Evaluation of pest control product",,"Minister","mandatory","(3) If the Minister is satisfied that the application has been made in accordance with subsection (1), (2) or (2.1), the Minister shall"
57766,"Pest Control Products Act","Federal","7","Scientific approach",,"Minister","mandatory","(7) In evaluating the health and environmental risks of a pest control product and in determining whether those risks are acceptable, the Minister shall"
57772,"Pest Control Products Act","Federal","7","Government policy to be given effect in evaluation","policy","Minister","mandatory","(8) In evaluating the health and environmental risks and the value of a pest control product, the Minister shall give effect to government policy."
57773,"Pest Control Products Act","Federal","7","Comparative risk and value assessment","regulation","Minister","discretionary","(9) In determining whether the health and environmental risks and the value of a pest control product are acceptable, the Minister may, in accordance with the regulations, if any, take into account information regarding the risks and value of other pest control products that are registered for the same use."
58309,"Pest Control Products Act","Federal","75","Analysis and examination",,"inspector","discretionary","75 (1) An inspector may submit to an analyst for analysis or examination any pest control product or other thing seized by the inspector, any sample taken from that product or thing, or any other sample taken by the inspector."
57775,"Pest Control Products Act","Federal","8","Registration or amendment","regulation","Minister","mandatory","8 (1) If the Minister considers that the health and environmental risks and the value of the pest control product are acceptable after any required evaluations and consultations have been completed, the Minister shall register the product or amend its registration in accordance with the regulations, if any, by"
57779,"Pest Control Products Act","Federal","8","Conditions relating to label","regulation","Minister","discretionary","(2) The Minister may specify conditions relating to the label of a pest control product, otherwise than in accordance with the regulations, if the Minister is satisfied that the purposes of this Act can be met by so doing."
57780,"Pest Control Products Act","Federal","8","Provision of safety information to workplaces","regulation","Minister","mandatory","(3) Without limiting the generality of paragraph (1)(a), the Minister shall specify, as a condition of registration, the requirement for product safety information, including a material safety data sheet for the product, to be provided to workplaces where the pest control product is used or manufactured, in accordance with the regulations made under paragraph 67(1)(s)."
57781,"Pest Control Products Act","Federal","8","Denial of application",,"Minister","mandatory","(4) The Minister shall deny an application referred to in subsection 7(1) if the Minister does not consider that the health or environmental risks of a pest control product are, or its value is, acceptable."
57784,"Pest Control Products Act","Federal","9","Specification at time of registration decision",,"Minister","mandatory","9 When making a decision regarding the registration of a pest control product, the Minister shall, if necessary, specify any maximum residue limits for the product or for its components or derivatives that the Minister considers appropriate in the circumstances."
59522,"Private Managed Forest Land Act","Provincial","11","Minister may order audit of council performance",,"Auditor","mandatory","(3) If requested by the auditor appointed under subsection (1), the council must submit records in its possession that are relevant to the audit."
59590,"Private Managed Forest Land Act","Provincial","24","Right of entry of government","authorization; authorization","Minister","discretionary","24  (1) For any purpose related to the management of critical wildlife habitat on private managed forest land, the minister responsible for the administration of the Wildlife Act or any person authorized in writing by the minister may enter on private managed forest land at any reasonable time if the minister has reasonable grounds to believe that critical wildlife habitat is present on private managed forest land."
59785,"Private Managed Forest Land Act","Provincial","46","Transitional - council members",,"Minister","mandatory","(2) The minister must appoint a chair of the council for a term of no longer than 6 months and set the other terms of appointment of the chair."
59786,"Private Managed Forest Land Act","Provincial","46","Transitional - council members",,"Minister","discretionary","(3) The minister may appoint council members for a term of no longer than 6 months and set the other terms of appointment of the council members."
59465,"Private Managed Forest Land Act","Provincial","6","Council members",,"Minister","mandatory","(4) Council members appointed by the minister or by the owners must be knowledgeable in matters relating to"
59469,"Private Managed Forest Land Act","Provincial","6","Council members","designation","Minister","discretionary","(6) If, within 60 days after the expiry of the term of the chair, the council members do not appoint a new chair, the minister may appoint an additional person to the council, designate that person to be the chair and set the terms of the chair's appointment, as long as"
61451,"Professional Governance Act","Provincial","118","General power to make regulations",,"Board; Office","mandatory","(vi)  prescribing the manner by which a person appointed as a board member must take and sign an oath of office and exceptions to this requirement for the purposes of section 28 [oath of office];"
61506,"Professional Governance Act","Provincial","119","Regulations may delegate and may provide for discretion or be different","regulation; order_in_council","governor; Lieutenant","discretionary","119  In making a regulation under this Act, the Lieutenant Governor in Council may do one or more of the following:"
61529,"Professional Governance Act","Provincial","122","Ministerial regulation-making power",,"Board; Office","mandatory","(b) under section 118 (2) (g) (vi), prescribing the manner by which a person appointed as a board member must take and sign an oath of office and exceptions to this requirement for the purposes of section 28 [oath of office];"
60501,"Professional Governance Act","Provincial","24","Term limits",,"Board; Office","discretionary","(5.1) A lay board member whose term of office has expired may continue to hold office until a successor is appointed."
60510,"Professional Governance Act","Provincial","26","Election of registrant board members","regulation; bylaw","Board","discretionary","(4) Subject to subsection (5), a board may temporarily appoint a registrant as a registrant board member until a successor is elected, in accordance with the process and selection principles referred to in section 25 (1), the bylaws and applicable regulations, if"
60516,"Professional Governance Act","Provincial","27","Appointment of board members","regulation; order_in_council","Board; governor; Lieutenant","discretionary","27  (1) The Lieutenant Governor in Council may appoint the lay board members for the board of each regulatory body after a merit-based process."
60517,"Professional Governance Act","Provincial","27","Appointment of board members",,"Board; Minister; Office","discretionary","(2) If there is a vacancy in the office of a lay board member, the minister may temporarily appoint a lay board member for a term of not more than one year."
60518,"Professional Governance Act","Provincial","28","Oath of office","regulation","Board; Committee; Office","mandatory","28  (1) Before taking office as a board member or acting as a member of a committee in respect of a regulatory body, a person elected or appointed as a board member or to a committee must take and sign, by oath or solemn affirmation, an oath of office in the form and manner established by regulation."
60521,"Professional Governance Act","Provincial","29","Required lay board members and quorum",,"Board","mandatory","29  (1) At least one lay board member must be present at any meeting, proceeding or hearing of the board under this Act unless there are no lay board members appointed in respect of the board on the date of the meeting, proceeding or hearing."
60535,"Professional Governance Act","Provincial","31","Registrar and register for regulatory body","regulation","Board; Office","discretionary; mandatory","31  (1) The board of each regulatory body must appoint a registrar and may appoint one or more deputy registrars for the regulatory body, each of whom holds office during the pleasure of the board."
60536,"Professional Governance Act","Provincial","31","Registrar and register for regulatory body","bylaw; authorization; authorization","Board","discretionary","(2) The board may, by bylaw, authorize a deputy registrar or deputy registrars appointed under subsection (1) to exercise the powers and perform the duties of the registrar set out in the bylaws, subject to any limits or conditions specified in the bylaws."
60562,"Professional Governance Act","Provincial","32","Officers and committees",,"Board","discretionary","32  (1) In addition to the registrar and any deputy registrars, a board may establish other offices and appoint other officers, including"
60565,"Professional Governance Act","Provincial","32","Officers and committees","bylaw; authorization; authorization; review","Board; Committee","discretionary","(2) A board may authorize the nomination committee, credentials committee, audit and practice review committee, investigation committee or discipline committee to exercise a power, authority or jurisdiction of the board under this Act, in addition to a power, authority or jurisdiction expressly referred to in this Act in connection with these committees, other than a bylaw-making authority."
60567,"Professional Governance Act","Provincial","32","Officers and committees","authorization; authorization","Board; Committee","discretionary","(4) A board may authorize a committee established under subsection (3) to exercise a power, authority or jurisdiction of the board under this Act, other than"
60654,"Professional Governance Act","Provincial","44","Credentials committee","bylaw; authorization; authorization","Board; Committee","discretionary","(2) The board may authorize the credentials committee to exercise a power, authority or jurisdiction of the board under this Division, other than a bylaw-making authority."
60319,"Professional Governance Act","Provincial","6","Professional Governance Advisory Committee",,"Advisory; Committee; Minister","discretionary","6  (1) The minister may appoint a Professional Governance Advisory Committee consisting of"
60329,"Professional Governance Act","Provincial","6","Professional Governance Advisory Committee",,"Minister","discretionary","(4) The minister may establish the expense allowances or other terms and conditions of a person appointed under subsection (1) (b) (ii)."
60883,"Professional Governance Act","Provincial","68","Investigators","regulation","Committee","discretionary","68  (1) An investigation committee of a regulatory body may appoint persons as investigators for the regulatory body."
60997,"Professional Governance Act","Provincial","76","Conduct in another jurisdiction","regulation; order; authorization; authorization","Board; Committee","discretionary","(2) A discipline committee of a regulatory body may make an order under section 75 (5) respecting a registrant without issuing a citation under section 66 (1) (d) [investigations authorized by board] or conducting a hearing under section 75 if the discipline committee learns that a different governing body has found, or the registrant has admitted to a different governing body, that the registrant committed an act that, in the opinion of the discipline committee, would constitute conduct of concern under this Act."
60998,"Professional Governance Act","Provincial","76","Conduct in another jurisdiction",,"Committee","discretionary","(3) The discipline committee may take action under subsection (2)"
61018,"Professional Governance Act","Provincial","79","Right to counsel","regulation; review","Board; Committee; Officer","discretionary","(2) The board, an employee or officer or a committee of a regulatory body may employ or retain legal or other assistance in exercising any power, authority or jurisdiction conferred under this Act, including the conduct of an audit, practice review or discipline investigation or the issuance of a citation, and may be represented by counsel at a discipline hearing under section 75."
64383,"Railway Act","Provincial","138","Connection of intersecting tracks","order; certificate","Minister","discretionary; mandatory","138  (1) If the lines or tracks of the railway of one company are intersected or crossed by those of another, or on any application for permission to make an intersection or crossing, or in any case in which the tracks or lines of 2 different railways run through or into the same city, town or village, the minister may, on the application of one of the companies, or of a municipal corporation or other public body, or of any person or persons interested, by certificate, order that the lines or tracks of the railways must be so connected at or near the point of intersection or crossing or in or near the city, town or village as to allow the safe and convenient transfer or passing of engines, cars and trains from the tracks or lines of one railway to those of another, and that the connection must be maintained and used."
64384,"Railway Act","Provincial","138","Connection of intersecting tracks","certificate","Minister","discretionary","(2) In and by the certificate providing for the connection, or subsequently, the minister may determine by what company or companies, or other corporations or persons, and in what proportions, the cost of making and maintaining the connections are to be borne, and on what terms traffic is to be transferred by them from the lines of one railway to those of another."
64196,"Railway Act","Provincial","14","Map","approval; certificate","Minister","mandatory","(5) When the map is approved and the application is filed in the ministry, the minister must signify the minister's approval of the projected line of railway by certificate."
64213,"Railway Act","Provincial","16","Approval by minister","plan","Minister","discretionary; mandatory","(3) Before approving any plan, profile or book of reference of a section of a railway, the minister may require a company to submit the plan, profile and book of reference of the whole or of any portion of the remainder of the railway, or further or other information the minister considers expedient."
64390,"Railway Act","Provincial","185","Obligations and liabilities of logging and mining railways","order; authorization; permit; authorization","Minister","discretionary","(5) If it is shown to the satisfaction of the minister that the use of a railway described in subsection (1) for the carriage of passengers and goods is necessary or desirable in order to facilitate development of the natural resources of British Columbia, the minister may grant a permit in writing to the company owning or operating the railway, authorizing the company to receive and carry passengers and goods under this subsection and subsections (6) to (9)."
64397,"Railway Act","Provincial","185","Obligations and liabilities of logging and mining railways",,"Minister","discretionary","(c) contain further reasonable terms and conditions the minister may approve."
64401,"Railway Act","Provincial","185","Obligations and liabilities of logging and mining railways","permit; notice","Minister","discretionary","(9) The minister may, at any time by notice in writing to the company, revoke any permit granted to the company under subsection (5)."
64413,"Railway Act","Provincial","186","Accommodation for traffic","order; certificate","Minister","discretionary","(5) If a company's railway crosses or joins or approaches, in the opinion of the minister, sufficiently near to any other railway on which passengers or mails are transported, the minister may, by the certificate, order the company"
64422,"Railway Act","Provincial","186","Accommodation for traffic","regulation; certificate","Minister","discretionary","(8) The minister may, by certificate, make regulations, applying generally or to any particular railway or any portion of it, imposing charges for default or delay by any company in furnishing accommodation, appliances or means as mentioned, or in receiving, loading, carrying, unloading or delivering traffic."
64425,"Railway Act","Provincial","187","Traffic over connecting lines","order; certificate","Minister","discretionary; mandatory","187  (1) If a line of one railway joins or connects the line or lines of that railway with another, the minister may, by certificate, on application of one of the companies or of a municipal corporation or other public body, order that the railway company that constructed the branch line must provide all reasonable and proper facilities, by means of the branch, for the interchange of freight and livestock traffic, and the empty cars incidental to it, between the lines of that railway and those of the railway with which that branch is so joined or connected, in both directions, and also between the lines of the first mentioned railway and those of other railways connecting with the lines of the first mentioned railway, and all tracks and sidings used by the first mentioned railway for the purpose of loading and unloading cars, and owned or controlled by or connecting with the lines of the company owning or controlling the first mentioned railway, and other tracks and sidings            the minister directs."
64426,"Railway Act","Provincial","187","Traffic over connecting lines","certificate","Minister","discretionary; mandatory","(2) The minister may, by certificate, determine as questions of fact and direct the price per car that must be charged by and paid to the company owning or controlling the first mentioned railway for that traffic."
64232,"Railway Act","Provincial","21","Deposit of plan of completed railway","regulation; order; plan","Minister","discretionary; mandatory","(2) Plans and profiles of the parts of the railway so completed or in operation located in different districts and counties, prepared on the scale, in the manner and form, and signed or authenticated in the manner the minister may, by regulation of general application or by order dealing with a particular case, approve or require, must be deposited in the land title offices for the districts and counties in which the parts are located."
64237,"Railway Act","Provincial","23","Further plans","order; plan","Minister","discretionary; mandatory","23  In addition to the plans, profiles and books of reference, a company must, with all reasonable expedition, prepare and deposit in the ministry any other or further plans, profiles or books of reference of any portion of the railway, or of any siding, station or works of it, that the minister may order or require."
64238,"Railway Act","Provincial","24","Deviations, changes or alterations","plan; approval","Minister","discretionary; mandatory","24  (1) If any deviation, change or alteration is required by a company to be made in the railway or any portion of it as already constructed, or as merely located and approved, a plan, profile and book of reference of the portion of the railway proposed to be changed, showing the deviation, change or alteration proposed to be made, must, in similar manner as provided with respect to the original plan, profile and book of reference, be submitted for the approval of the minister, and may be approved by the minister."
64241,"Railway Act","Provincial","24","Deviations, changes or alterations","regulation; order; plan; exemption","Minister","discretionary; mandatory","(4) The minister may, by regulation of general application or by order dealing with a particular case, exempt a company from submitting the plan, profile and book of reference, as provided in this section, if the deviation, change or alteration is made or to be made for the purpose of lessening a curve, reducing a gradient or otherwise benefiting the railway, or for any other purpose of public advantage, as may seem to the minister expedient, if the deviation, change or alteration does not require the acquisition or leasing of additional property."
64495,"Railway Act","Provincial","255","Power to appoint railway constables",,"commissioner; inspector","discretionary","255  (1) The commissioner of the Provincial police force and any inspector of the force may, on the application of the company, or the application of a clerk or agent of the company, appoint any person recommended for that purpose by the company, clerk or agent to act as constable on and along a railway owned or operated by the company."
64504,"Railway Act","Provincial","257","Dismissal of constable","order","commissioner; Minister","discretionary","257  The minister may by summary order, and the commissioner of the Provincial police force may by summary order, cancel the appointment of and dismiss any constable appointed under this Part."
64247,"Railway Act","Provincial","26","Mines to be protected","approval","Minister","mandatory","26  Unless it has the approval of the minister, a company must not locate the line of its proposed railway, or construct the line or any portion of it, so as to obstruct or interfere with, or injuriously affect the working of or the access or adit to, any mine then open, or for the opening of which preparations are at the time of the location being lawfully and openly made."
64180,"Railway Act","Provincial","3","Special application",,"Minister","discretionary; mandatory","(6) Subject to the Railway Safety Act, a company must not operate a railway in British Columbia except with the consent in writing of the minister and subject to conditions the minister may impose."
64286,"Railway Act","Provincial","36","Use of adjoining land",,"Minister","discretionary","36  (1) A company, either for the purpose of constructing or repairing its railway, or for the purpose of carrying out the requirements of the minister, or in the exercise of the powers conferred on it by the minister, may"
64300,"Railway Act","Provincial","37","Obtaining materials for construction or operation","plan; approval; certificate","Minister","discretionary; mandatory","(2) The minister may, by certificate, approve all or part of the plan and description, and then, and to the extent to which the approval of the minister is obtained, the company may exercise, in respect of the land shown on the plan and mentioned in the description, all the powers conferred by this Act, and the powers may be used to obtain the material or water required and the right of way to the material or water irrespective of the distance of it from the railway of the company."
64666,"Range Act","Provincial","21","Private land agreements","agreement; permit; licence","Minister","discretionary","21  The minister may make entering with an applicant into a grazing licence or grazing permit conditional on the applicant first entering into an agreement with"
64673,"Range Act","Provincial","21.1","Conditions relating to associated private land or associated tenures","permit; licence","Minister","discretionary","21.1  (1) The minister may make entering with a person into a licence or permit conditional on the person, for the duration of the term of the licence or permit,"
64679,"Range Act","Provincial","21.1","Conditions relating to associated private land or associated tenures","permit; licence","Minister","mandatory","(2) The minister must ensure that a condition referred to in subsection (1) is specified in the licence or permit."
64721,"Range Act","Provincial","29","Retention of associated private land or tenures of holder of licence or permit","permit; licence; notice","Minister","discretionary","(3) The minister may cancel a licence or permit without first delivering to the holder of the licence or permit a notice of cancellation if the holder contravenes subsection (2)."
64723,"Range Act","Provincial","29","Retention of associated private land or tenures of holder of licence or permit","permit; licence","Minister","mandatory","(a) the minister must inform the holder of the licence or permit of the decision,"
64725,"Range Act","Provincial","29","Retention of associated private land or tenures of holder of licence or permit","permit; licence; notice","Minister","mandatory","(c) the minister must deliver notice to the holder of the licence or permit, setting out the amendments prepared under paragraph (b), if any."
64729,"Range Act","Provincial","30","Substitutions","permit; licence","Minister","discretionary","(2) On receiving an application under subsection (1), the minister may amend the licence or permit by substituting other land for the holder's associated private land."
64734,"Range Act","Provincial","35","Change in boundary or area","regulation; permit; licence","Minister","discretionary","35  In accordance with the regulations and with the consent of the holder of a licence or permit, the minister may vary the boundary or area of the licence or permit."
64741,"Range Act","Provincial","37","Licence or permit deletions and reductions because of incompatible land use","order","Minister","discretionary","37  The minister by order may"
64744,"Range Act","Provincial","37","Licence or permit deletions and reductions because of incompatible land use",,"Minister","mandatory","if the minister considers that the land deleted is required for a use incompatible with grazing or hay cutting."
64864,"Range Act","Provincial","60","Suspension by minister or natural resource officer","order; authorization; permit; licence; authorization","Minister; Officer","discretionary","60  (1) By order, the minister or a natural resource officer authorized by the minister may suspend all or some of the rights granted under a licence or permit if he or she believes on reasonable and probable grounds that"
64867,"Range Act","Provincial","60","Suspension by minister or natural resource officer","order; authorization; permit; licence; authorization; notice","Minister; Officer","discretionary; mandatory","(2) The minister or a natural resource officer authorized by the minister may make an order under subsection (1) without advance notice, but must deliver notice of the order to the holder of the licence or permit, accompanied by the reasons for the order."
64894,"Range Act","Provincial","68","Continuing liability after expiry, surrender, suspension or cancellation","regulation","Minister","discretionary","(4) Subject to the regulations under subsection (6), if any, the minister may impose requirements he or she considers necessary or desirable to be met by a holder to whom subsection (2) applies as conditions of entering onto the Crown land, including that the holder provide security."
65805,"Riparian Areas Protection Act","Provincial","12","Provincial directives on streamside protection","regulation; order_in_council","governor; Lieutenant","discretionary","12  (1) Subject to subsection (2), the Lieutenant Governor in Council may, by regulation,          establish directives regarding the protection and enhancement of riparian areas          that the Lieutenant Governor in Council considers may be subject to residential,          commercial or industrial development."
65812,"Riparian Areas Protection Act","Provincial","12","Provincial directives on streamside protection",,"Minister","discretionary","(6) On request by a local government, the minister may extend a time period under            subsection            (5)."
66187,"Species At Risk Act","Federal","11","Conservation agreements - species at risk","agreement","Minister","discretionary","11 (1) A competent minister may, after consultation with every other competent minister, and with the Canadian Endangered Species Conservation Council or any of its members if he or she considers it appropriate to do so, enter into a conservation agreement with any government in Canada, organization or person to benefit a species at risk or enhance its survival in the wild."
66194,"Species At Risk Act","Federal","12","Conservation agreements - other species","agreement","Minister","discretionary","12 (1) A competent minister may, after consultation with every other competent minister, and with the Canadian Endangered Species Conservation Council or any of its members if he or she considers it appropriate to do so, enter into an agreement with any government in Canada, organization or person to provide for the conservation of a wildlife species that is not a species at risk."
66720,"Species At Risk Act","Federal","124","Restriction",,"Minister","discretionary; mandatory","124 The Minister, on the advice of COSEWIC, may restrict the release of any information required to be included in the public registry if that information relates to the location of a wildlife species or its habitat and restricting its release would be in the best interests of the species."
66734,"Species At Risk Act","Federal","127","Convening round table",,"Minister","mandatory","127 (1) The Minister must, at least once every two years, convene a round table of persons interested in matters respecting the protection of wildlife species at risk in Canada to advise the Minister on those matters."
66737,"Species At Risk Act","Federal","128","Reports on status of wildlife species","report","Minister; parliament","mandatory","128 Five years after this section comes into force and at the end of each subsequent period of five years, the Minister must prepare a general report on the status of wildlife species. The Minister must have the report tabled in each House of Parliament within the first 15 days that it is sitting after the completion of the report."
66200,"Species At Risk Act","Federal","13","Funding agreements","program; agreement","Minister","discretionary","13 (1) A competent minister may enter into an agreement with any government in Canada, organization or person to provide for the payment of contributions towards the costs of programs and measures for the conservation of wildlife species, including programs and measures under an agreement entered into under subsection 11(1) or 12(1)."
66216,"Species At Risk Act","Federal","15","Functions",,"Minister","discretionary","(e) provide advice to the Minister and the Canadian Endangered Species Conservation Council and perform any other functions that the Minister, after consultation with that Council, may assign."
66225,"Species At Risk Act","Federal","17","Regulations and guidelines","regulation; guideline","Minister","discretionary","17 The Minister may, after consultation with the Canadian Endangered Species Conservation Council and COSEWIC, establish regulations or guidelines respecting the appointment of members and the carrying out of COSEWIC's functions."
66236,"Species At Risk Act","Federal","22","Regulations","regulation; park","Agency; agency; Minister","discretionary","(2) The Minister may, after consultation with the Minister responsible for the Parks Canada Agency, the Minister of Fisheries and Oceans and the Canadian Endangered Species Conservation Council, make regulations respecting the making of applications to COSEWIC under subsection (1) and the dealing with of those applications by COSEWIC."
66242,"Species At Risk Act","Federal","25","Report on response","report; assessment","Minister","mandatory","(3) On receiving a copy of an assessment of the status of a wildlife species from COSEWIC under subsection (1), the Minister must, within 90 days, include in the public registry a report on how the Minister intends to respond to the assessment and, to the extent possible, provide time lines for action."
66244,"Species At Risk Act","Federal","27","Power to amend List","order; order_in_council","governor; Minister","discretionary","27 (1) The Governor in Council may, on the recommendation of the Minister, by order amend the List in accordance with subsections (1.1) and (1.2) by adding a wildlife species, by reclassifying a listed wildlife species or by removing a listed wildlife species, and the Minister may, by order, amend the List in a similar fashion in accordance with subsection (3)."
66250,"Species At Risk Act","Federal","27","Pre-conditions for recommendation",,"Minister","mandatory","(2) Before making a recommendation in respect of a wildlife species or a species at risk, the Minister must"
66253,"Species At Risk Act","Federal","27","Pre-conditions for recommendation","authorization; agreement; authorization","Board","discretionary","(c) if the species is found in an area in respect of which a wildlife management board is authorized by a land claims agreement to perform functions in respect of a wildlife species, consult the wildlife management board."
66257,"Species At Risk Act","Federal","28","Regulations","regulation; park","Agency; agency; Minister","discretionary","(3) The Minister may, after consultation with the Minister responsible for the Parks Canada Agency, the Minister of Fisheries and Oceans and the Canadian Endangered Species Conservation Council, make regulations respecting the making of applications to COSEWIC under subsection (1) and the dealing with of those applications by COSEWIC."
66259,"Species At Risk Act","Federal","29","Emergency listing","order_in_council","governor; Minister","mandatory","29 (1) If the Minister is of the opinion that there is an imminent threat to the survival of a wildlife species, the Minister must, on an emergency basis, after consultation with every other competent minister, make a recommendation to the Governor in Council that the List be amended to list the species as an endangered species."
66273,"Species At Risk Act","Federal","34","Order","order; order_in_council","governor; Minister; Province","discretionary","(2) The Governor in Council may, on the recommendation of the Minister, by order, provide that sections 32 and 33, or either of them, apply in lands in a province that are not federal lands with respect to individuals of a listed wildlife species that is not an aquatic species or a species of birds that are migratory birds protected by the Migratory Birds Convention Act, 1994."
66277,"Species At Risk Act","Federal","34","Consultation","authorization; agreement; authorization","Board","discretionary","(b) if the species is found in an area in respect of which a wildlife management board is authorized by a land claims agreement to perform functions in respect of wildlife species, the wildlife management board."
66285,"Species At Risk Act","Federal","35","Pre-conditions for recommendation","authorization; agreement; authorization","Board","discretionary","(b) if the species is found in an area in respect of which a wildlife management board is authorized by a land claims agreement to perform functions in respect of wildlife species, consult the wildlife management board."
66291,"Species At Risk Act","Federal","37","Preparation - endangered or threatened species","strategy","Minister","mandatory","37 (1) If a wildlife species is listed as an extirpated species, an endangered species or a threatened species, the competent minister must prepare a strategy for its recovery."
66293,"Species At Risk Act","Federal","38","Commitments to be considered","plan; strategy","Minister","mandatory","38 In preparing a recovery strategy, action plan or management plan, the competent minister must consider the commitment of the Government of Canada to conserving biological diversity and to the principle that, if there are threats of serious or irreversible damage to the listed wildlife species, cost-effective measures to prevent the reduction or loss of the species should not be postponed for a lack of full scientific certainty."
66297,"Species At Risk Act","Federal","39","Cooperation with others","authorization; agreement; authorization","Board","discretionary","(c) if the species is found in an area in respect of which a wildlife management board is authorized by a land claims agreement to perform functions in respect of wildlife species, the wildlife management board;"
66300,"Species At Risk Act","Federal","39","Land claims agreement","authorization; strategy; agreement; authorization","Board","discretionary; mandatory","(2) If the listed wildlife species is found in an area in respect of which a wildlife management board is authorized by a land claims agreement to perform functions in respect of wildlife species, the recovery strategy must be prepared, to the extent that it will apply to that area, in accordance with the provisions of the agreement."
66302,"Species At Risk Act","Federal","40","Determination of feasibility","strategy","Minister","mandatory","40 In preparing the recovery strategy, the competent minister must determine whether the recovery of the listed wildlife species is technically and biologically feasible. The determination must be based on the best available information, including information provided by COSEWIC."
66315,"Species At Risk Act","Federal","42","Proposed recovery strategy","strategy","Minister","mandatory","42 (1) Subject to subsection (2), the competent minister must include a proposed recovery strategy in the public registry within one year after the wildlife species is listed, in the case of a wildlife species listed as an endangered species, and within two years after the species is listed, in the case of a wildlife species listed as a threatened species or an extirpated species."
66316,"Species At Risk Act","Federal","42","First listed wildlife species","strategy","Minister","mandatory","(2) With respect to wildlife species that are set out in Schedule 1 on the day section 27 comes into force, the competent minister must include a proposed recovery strategy in the public registry within three years after that day, in the case of a wildlife species listed as an endangered species, and within four years after that day, in the case of a wildlife species listed as a threatened species or an extirpated species."
66320,"Species At Risk Act","Federal","44","Incorporation of existing plans","plan; strategy","Minister","discretionary","(2) The competent minister may incorporate any part of an existing plan relating to a wildlife species into a proposed recovery strategy for the species."
66326,"Species At Risk Act","Federal","48","Cooperation with other ministers and governments","authorization; agreement; authorization","Board","discretionary","(c) if the species is found in an area in respect of which a wildlife management board is authorized by a land claims agreement to perform functions in respect of wildlife species, the wildlife management board;"
66329,"Species At Risk Act","Federal","48","Land claims agreement","authorization; plan; agreement; authorization","Board","discretionary; mandatory","(2) If the listed wildlife species is found in an area in respect of which a wildlife management board is authorized by a land claims agreement to perform functions in respect of wildlife species, an action plan must be prepared, to the extent that it will apply to that area, in accordance with the provisions of the agreement."
66345,"Species At Risk Act","Federal","51","Incorporation of existing plans","plan","Minister","discretionary","(2) The competent minister may incorporate any part of an existing plan relating to a wildlife species into a proposed action plan for the species."
66346,"Species At Risk Act","Federal","53","Regulations","regulation; plan","Minister","mandatory","53 (1) The competent minister must, with respect to aquatic species, species of birds that are migratory birds protected by the Migratory Birds Convention Act, 1994, regardless of where they are located, or with respect to any other wildlife species on federal lands, make any regulations that are necessary in the opinion of the competent minister for the purpose of implementing the measures included in an action plan, but, if the measures relate to the protection of critical habitat on federal lands, the regulations must be made under section 59."
66348,"Species At Risk Act","Federal","53","Consultation","regulation; authorization; agreement; authorization","Board; Minister","discretionary; mandatory","(3) If the competent minister is of the opinion that a regulation would affect an area in respect of which a wildlife management board is authorized by a land claims agreement to perform functions in respect of wildlife species, he or she must consult the wildlife management board before making the regulation."
66355,"Species At Risk Act","Federal","55","Monitoring and reporting","plan; report","Minister","mandatory","55 The competent minister must monitor the implementation of an action plan and the progress towards meeting its objectives and assess and report on its implementation and its ecological and socio-economic impacts five years after the plan comes into effect. A copy of the report must be included in the public registry."
66356,"Species At Risk Act","Federal","56","Codes of practice, national standards or guidelines","guideline; standard","Minister","discretionary","56 The competent minister may, after consultation with the Canadian Endangered Species Conservation Council and any person whom he or she considers appropriate, establish codes of practice, national standards or guidelines with respect to the protection of critical habitat."
66364,"Species At Risk Act","Federal","58","Protected areas","plan; strategy; sanctuary; park; protected_area","Minister","mandatory","(2) If the critical habitat or a portion of the critical habitat is in a national park of Canada named and described in Schedule 1 to the Canada National Parks Act, the Rouge National Urban Park established by the Rouge National Urban Park Act, a marine protected area under the Oceans Act, a migratory bird sanctuary under the Migratory Birds Convention Act, 1994 or a national wildlife area under the Canada Wildlife Act, the competent Minister must, within 90 days after the recovery strategy or action plan that identified the critical habitat is included in the public registry, publish in the Canada Gazette a description of the critical habitat or portion that is in that park, area or sanctuary."
66367,"Species At Risk Act","Federal","58","Obligation to make order or statement","plan; strategy","Minister","mandatory","(5) Within 180 days after the recovery strategy or action plan that identified the critical habitat is included in the public registry, the competent minister must, after consultation with every other competent minister, with respect to all of the critical habitat or any portion of the critical habitat that is not in a place referred to in subsection (2),"
66370,"Species At Risk Act","Federal","58","Habitat of migratory birds","order; order_in_council; sanctuary","governor; Minister","discretionary","(5.1) Despite subsection (4), with respect to the critical habitat of a species of bird that is a migratory bird protected by the Migratory Birds Convention Act, 1994 that is not on federal land, in the exclusive economic zone of Canada, on the continental shelf of Canada or in a migratory bird sanctuary referred to in subsection (2), subsection (1) applies only to those portions of the critical habitat that are habitat to which that Act applies and that the Governor in Council may, by order, specify on the recommendation of the competent minister."
66371,"Species At Risk Act","Federal","58","Obligation to make recommendation","plan; strategy","Minister","mandatory","(5.2) The competent minister must, within 180 days after the recovery strategy or action plan that identified the critical habitat that includes habitat to which the Migratory Birds Convention Act, 1994 applies is included in the public registry, and after consultation with every other competent minister,"
66376,"Species At Risk Act","Federal","58","Consultation","order; authorization; agreement; authorization","Board; Minister","discretionary; mandatory","(8) If the competent minister is of the opinion that an order under subsection (4) or (5.1) would affect an area in respect of which a wildlife management board is authorized by a land claims agreement to perform functions in respect of wildlife species, he or she must consult the wildlife management board before making the order under subsection (4) or the recommendation under subsection (5.2)."
66378,"Species At Risk Act","Federal","59","Regulations re federal lands","regulation; order_in_council","governor; Minister","discretionary","59 (1) The Governor in Council may, on the recommendation of the competent minister after consultation with every other competent minister, make regulations to protect critical habitat on federal lands."
66379,"Species At Risk Act","Federal","59","Obligation to make recommendation","plan; strategy","Minister","mandatory","(2) The competent minister must make the recommendation if the recovery strategy or an action plan identifies a portion of the critical habitat as being unprotected and the competent minister is of the opinion that the portion requires protection."
66383,"Species At Risk Act","Federal","59","Consultation","regulation; authorization; agreement; authorization","Board; Minister","discretionary; mandatory","(6) If the competent minister is of the opinion that a regulation would affect an area in respect of which a wildlife management board is authorized by a land claims agreement to perform functions in respect of wildlife species, he or she must consult the wildlife management board before recommending the making of the regulation."
66384,"Species At Risk Act","Federal","60","Provincial and territorial classifications",,"Minister; Province","mandatory","60 (1) If a wildlife species has been classified as an endangered species or a threatened species by a provincial or territorial minister, no person shall destroy any part of the habitat of that species that the provincial or territorial minister has identified as essential to the survival or recovery of the species and that is on federal lands in the province or territory."
66390,"Species At Risk Act","Federal","61","Application","order; order_in_council","governor; Minister","discretionary","(2) Subsection (1) applies only to the portions of the critical habitat that the Governor in Council may, on the recommendation of the Minister, by order, specify."
66398,"Species At Risk Act","Federal","62","Acquisition of lands","agreement","Minister","discretionary","62 A competent minister may enter into an agreement with any government in Canada, organization or person to acquire any lands or interests in land for the purpose of protecting the critical habitat of any species at risk."
66399,"Species At Risk Act","Federal","63","Progress reports on unprotected portions of critical habitat","plan; strategy; report","Minister","mandatory","63 If in the opinion of the Minister any portion of the critical habitat of a listed wildlife species remains unprotected 180 days after the recovery strategy or action plan that identified the critical habitat was included in the public registry, the Minister must include in that registry a report on the steps taken to protect the critical habitat. The Minister must continue to report with respect to every subsequent period of 180 days until the portion is protected or is no longer identified as critical habitat."
66407,"Species At Risk Act","Federal","65","Preparation of management plan","plan","Minister","discretionary; mandatory","65 If a wildlife species is listed as a species of special concern, the competent minister must prepare a management plan for the species and its habitat. The plan must include measures for the conservation of the species that the competent minister considers appropriate and it may apply with respect to more than one wildlife species."
66411,"Species At Risk Act","Federal","66","Cooperation with other ministers and governments","authorization; agreement; authorization","Board","discretionary","(c) if the species is found in an area in respect of which a wildlife management board is authorized by a land claims agreement to perform functions in respect of wildlife species, the wildlife management board;"
66414,"Species At Risk Act","Federal","66","Land claims agreement","authorization; plan; agreement; authorization","Board","discretionary; mandatory","(2) If the listed wildlife species is found in an area in respect of which a wildlife management board is authorized by a land claims agreement to perform functions in respect of wildlife species, the management plan must be prepared, to the extent that it will apply to that area, in accordance with the provisions of the agreement."
66417,"Species At Risk Act","Federal","68","Proposed management plan","plan","Minister","mandatory","68 (1) Subject to subsection (2), the competent minister must include a proposed management plan in the public registry within three years after the wildlife species is listed as a species of special concern."
66418,"Species At Risk Act","Federal","68","First listed species","plan","Minister","mandatory","(2) With respect to a wildlife species that is set out in Schedule 1 as a species of special concern on the day section 27 comes into force, the competent minister must include a proposed management plan in the public registry within five years after that day."
66422,"Species At Risk Act","Federal","69","Incorporation of existing plans","plan","Minister","discretionary","(2) The competent minister may incorporate any part of an existing plan relating to a wildlife species into a proposed management plan for the species."
66423,"Species At Risk Act","Federal","71","Regulations","regulation; order_in_council; plan","governor; Minister","discretionary","71 (1) The Governor in Council may, on the recommendation of the competent minister, make any regulations with respect to aquatic species or species of birds that are migratory birds protected by the Migratory Birds Convention Act, 1994, regardless of where they are located, or with respect to any other wildlife species on federal lands, that the Governor in Council considers appropriate for the purpose of implementing the measures included in the management plan."
66425,"Species At Risk Act","Federal","71","Consultation","regulation; authorization; agreement; authorization","Board; Minister","discretionary; mandatory","(3) If the competent minister is of the opinion that a regulation would affect an area in respect of which a wildlife management board is authorized by a land claims agreement to perform functions in respect of wildlife species, he or she must consult the wildlife management board before recommending the making of the regulation."
66432,"Species At Risk Act","Federal","73","Powers of competent minister","authorization; agreement; permit; authorization","Minister","discretionary","73 (1) The competent minister may enter into an agreement with a person, or issue a permit to a person, authorizing the person to engage in an activity affecting a listed wildlife species, any part of its critical habitat or the residences of its individuals."
66442,"Species At Risk Act","Federal","73","Consultation","authorization; agreement; permit; authorization","Board; Minister","discretionary; mandatory","(4) If the species is found in an area in respect of which a wildlife management board is authorized by a land claims agreement to perform functions in respect of wildlife species, the competent minister must consult the wildlife management board before entering into an agreement or issuing a permit concerning that species in that area."
66456,"Species At Risk Act","Federal","75","Adding terms and conditions","order; authorization; agreement; permit; licence; authorization","Minister; parliament","discretionary","75 (1) A competent minister may add terms and conditions to protect a listed wildlife species, any part of its critical habitat or the residences of its individuals to any agreement, permit, licence, order or other similar document authorizing a person to engage in an activity affecting the species, any part of its critical habitat or the residences of its individuals that is entered into, issued or made by the competent minister under another Act of Parliament."
66457,"Species At Risk Act","Federal","75","Amending terms and conditions",,"Minister","discretionary","(2) A competent minister may also revoke or amend any term or condition in any of those documents to protect a listed wildlife species, any part of its critical habitat or the residences of its individuals."
66459,"Species At Risk Act","Federal","76","Exemption for existing agreements, permits, etc.","regulation; order; order_in_council; authorization; agreement; permit; licence; authorization","governor; Minister; parliament","discretionary","76 The Governor in Council may, on the recommendation of a competent minister, by order, provide that section 32, 33, 36, 58, 60 or 61, or any regulation made under section 53, 59 or 71, does not apply, for a period of up to one year from the date of listing of a wildlife species, to agreements, permits, licences, orders or other similar documents authorizing persons to engage in an activity affecting the listed wildlife species, any part of its critical habitat or the residences of its individuals that were entered into, issued or made under another Act of Parliament before the species was listed."
66171,"Species At Risk Act","Federal","8","Delegation","park","Agency; agency; Minister; ministers; Province","discretionary","(2) The Minister, the Minister responsible for the Parks Canada Agency or the Minister of Fisheries and Oceans may, after consultation with the other two ministers, delegate to any minister of the Crown in right of Canada or of a province or to any person who is employed by the Government of Canada, the government of a province or any other government in Canada any of that Minister's powers or functions under this Act, relating to its enforcement."
66172,"Species At Risk Act","Federal","8","Agreement and reporting obligation","agreement; report","Minister","mandatory","(3) The delegation must be the subject of an agreement between the delegating minister and the delegate and the agreement must provide that the delegate is to prepare an annual report for the delegating minister on the activities undertaken under the agreement. A copy of the agreement must be included in the public registry within 45 days after it is entered into, and a copy of every annual report must be included in the public registry within 45 days after it is received by the delegating minister."
66477,"Species At Risk Act","Federal","80","Emergency order","order; order_in_council","governor; Minister","discretionary","80 (1) The Governor in Council may, on the recommendation of the competent minister, make an emergency order to provide for the protection of a listed wildlife species."
66177,"Species At Risk Act","Federal","9","Advisory committees to assist Council","park","Agency; agency; Minister","discretionary","(2) The Minister may, after consultation with the Minister responsible for the Parks Canada Agency, the Minister of Fisheries and Oceans and the Canadian Endangered Species Conservation Council, establish one or more committees to advise the Council on matters related to the Council's role."
69271,"Tla'amin Final Agreement Act","Provincial","9","Agricultural Land Reserve","plan; reserve; notice","Commission","mandatory","(2) Despite section 2 of the Agricultural Land Commission Act, on the Effective Date, the Provincial Agricultural Land Commission must amend the land reserve plan in accordance with subsection (1) of this section and provide notice to the Tla'amin Nation and the registrar of titles that the amendment has been made."
71220,"Transport Of Dangerous Goods Act","Provincial","21","Duty to report discharge, emission or escape of dangerous goods",,"inspector","discretionary","the inspector may take the emergency measures or request that the emergency measures be taken by a person the inspector considers qualified to do so."
71221,"Transport Of Dangerous Goods Act","Provincial","21","Duty to report discharge, emission or escape of dangerous goods","order; authorization; authorization","inspector","discretionary; mandatory","(4) Any inspector or other person required, requested or authorized to take reasonable emergency measures under subsection (2) or (3) may enter and have access to any place or property and may do all reasonable things in order to comply with either or both of those subsections."
71223,"Transport Of Dangerous Goods Act","Provincial","22","Evidence of financial responsibility",,"Minister","discretionary; mandatory","22  The minister may require any person who engages in or who proposes to engage in the transportation of dangerous goods to provide evidence of financial responsibility in a form of insurance, an indemnity bond or any other form satisfactory to the minister."
71157,"Transport Of Dangerous Goods Act","Provincial","4","Exemption by permit","designation; permit; exemption","Minister","discretionary","4  (1) The minister, or a person designated by the minister, may issue a permit exempting a person or dangerous goods from one or more provisions of this Act."
71162,"Transport Of Dangerous Goods Act","Provincial","6","Inspectors and analysts","designation","inspector; Minister","discretionary","6  (1) If the minister is of the opinion that a person or the members of a class of persons are qualified to act in the capacity of dangerous goods inspector under this Act, the minister may designate the person or class."
71164,"Transport Of Dangerous Goods Act","Provincial","7","Inspector to show certificate of designation","designation; certificate","inspector","mandatory","7  (1) An inspector must be provided with a certificate, in the prescribed form, of the inspector's designation showing the purposes, classes of dangerous goods, road vehicles or rail vehicles and the buildings or places for which the inspector has been designated."
71172,"Transport Of Dangerous Goods Act","Provincial","8","Powers of inspectors","standard","inspector","mandatory","(3) If an inspector is satisfied, on reasonable and probable grounds, that any dangerous goods are being handled or transported other than in compliance with the applicable prescribed safety marks, safety requirements, safety standards and shipping documents, the inspector must, wherever possible, request the taking of, or take, any measures necessary to remedy the failure to comply."
71544,"Transportation Act","Provincial","31","Officers and employees",,"Board; Chief; Officer","discretionary","31  (1) The board may appoint a chief executive officer of the authority."
71546,"Transportation Act","Provincial","31","Officers and employees","authorization; authorization","Board; Chief; Officer","discretionary","(3) The chief executive officer, to the extent authorized by the board, may appoint officers and employees of the authority necessary to carry on the business and operations of the authority and may define their duties and determine their remuneration."
71555,"Transportation Act","Provincial","33","Financial administration","order_in_council","Auditor; governor; Lieutenant","mandatory","(4) Unless the Auditor General is appointed in accordance with the Auditor General Act as the auditor of the authority, the Lieutenant Governor in Council must appoint an auditor to audit the accounts of the authority at least once each year."
71568,"Transportation Act","Provincial","38","Borrowing powers",,"Board; Officer","discretionary","(2) By resolution, the board may delegate any of its rights, powers and advantages or the powers of the authority under this section to any director or officer of the authority."
71642,"Transportation Act","Provincial","51","Authorization for constructing or reopening access","authorization; authorization","Minister","mandatory","(b) require the person to whom the authorization is provided to construct, upgrade, alter, expand, extend, repair, rehabilitate or protect any improvement that the minister considers necessary to facilitate the required access;"
71686,"Transportation Act","Provincial","56","Forest service roads","order; order_in_council","governor; Lieutenant; Minister","discretionary","(2) Without limiting any right or power the minister responsible for the administration of the Ministry of Forests and Range Act may have in relation to forest service roads, the Lieutenant Governor in Council may, with the consent of the minister and the minister responsible for the administration of the Ministry of Forests and Range Act, order that a forest service road cease to be a forest service road for the purposes of the Forest Act and become, for the purposes of this Act,"
71689,"Transportation Act","Provincial","56","Forest service roads","order; order_in_council","governor; Lieutenant; Minister","discretionary","(3) Without limiting any right or power the minister may have to close a provincial public highway, the Lieutenant Governor in Council may, with the consent of the minister and the minister responsible for the administration of the Ministry of Forests and Range Act, order that a provincial public highway cease to be a provincial public highway and become a forest service road for the purposes of the Forest Act, and, in that event, the provincial public highway is deemed to be closed and discontinued at the time it becomes a forest service road."
71690,"Transportation Act","Provincial","56","Forest service roads","order","Minister","mandatory","(4) Before an order is made under subsection (2) (a) in relation to a forest service road, the minister must consult with the municipal council of the municipality in which the forest service road or a part of it is located."
71706,"Transportation Act","Provincial","59","Transfers to Canada","order_in_council","governor; Lieutenant","discretionary","59  (1) Subject to the terms, reservations and restrictions the Lieutenant Governor in Council considers advisable, the Lieutenant Governor in Council may, despite section 58, transfer the administration, control and benefit of any provincial public highway to the government of Canada, in the same manner and with the same effect as if the transfer were a transfer of Crown land under the Land Act, either in perpetuity or for a specified period, and with or without consideration."
72005,"Transportation Of Dangerous Goods Act, 1992","Federal","10","Certificate of designation","designation; certificate","inspector; Minister","mandatory","(2) The Minister shall give every inspector a certificate of designation showing the matters in respect of which the inspector is designated, including the purposes, classes of dangerous goods, means of containment, means of transport and places for which the inspector is designated."
72041,"Transportation Of Dangerous Goods Act, 1992","Federal","17","Remedying non-compliance - dangerous goods",,"inspector","discretionary","17 (1) An inspector may remove to an appropriate place any dangerous goods, the means of containment being used to handle or transport them or a standardized means of containment, or direct a person to do so, and may detain the thing removed until satisfied that the activity will be done in compliance with this Act, if the inspector believes on reasonable grounds that any of the following activities is being carried out in a way that does not comply with this Act:"
72045,"Transportation Of Dangerous Goods Act, 1992","Federal","17","Direction not to bring into Canada",,"inspector","discretionary","(3) If the dangerous goods or means of containment originates from outside Canada and the inspector believes on reasonable grounds that measures to remedy the non-compliance are not possible or desirable, the inspector may direct that the goods or means of containment not be brought into Canada or that they be returned to their place of origin."
72050,"Transportation Of Dangerous Goods Act, 1992","Federal","19","Grounds for intervention",,"inspector","discretionary","19 (1) If an inspector believes on reasonable grounds that doing so is necessary to prevent an anticipated release of dangerous goods that could endanger public safety, or to reduce any danger to public safety that results or could result from an actual release of dangerous goods, the inspector may do any of the following:"
72063,"Transportation Of Dangerous Goods Act, 1992","Federal","21","Minister may order inquiry","authorization; authorization","Board; Minister","discretionary","21 (1) If a release of dangerous goods from a means of containment being used to handle or transport dangerous goods has resulted in death or injury to any person or damage to any property or the environment, the Minister may direct a public inquiry to be made, subject to the Canadian Transportation Accident Investigation and Safety Board Act, and may authorize any person or persons that the Minister considers qualified to conduct the inquiry."
72077,"Transportation Of Dangerous Goods Act, 1992","Federal","23","Notice for disclosure of information","notice","Minister","discretionary","23 (1) The Minister may, by registered mail, send a written notice to any manufacturer, producer, distributor or importer of any product, substance or organism requesting the disclosure of information relating to its formula, composition or chemical ingredients and any similar information that the Minister considers necessary for the administration or enforcement of this Act."
72132,"Transportation Of Dangerous Goods Act, 1992","Federal","27.1","Security regulations","regulation; order_in_council","governor","discretionary","27.1 (1) The Governor in Council may make regulations respecting the security of the importing, offering for transport, handling or transporting of dangerous goods, including regulations"
72145,"Transportation Of Dangerous Goods Act, 1992","Federal","27.2","Security measures",,"Minister","discretionary","27.2 (1) The Minister may make measures - referred to in this Act as security measures - respecting the security of the importing, offering for transport, handling or transporting of dangerous goods."
72149,"Transportation Of Dangerous Goods Act, 1992","Federal","27.2","Review","review","Minister","mandatory","(3) A security measure comes into force immediately when it is made, but the Minister shall review the security measure within two years after the day on which it is made and within every following two years to determine whether the disclosure of the particular matter that is the subject of the security measure would no longer compromise the security of the importing, offering for transport, handling or transporting of dangerous goods or endanger public safety."
72150,"Transportation Of Dangerous Goods Act, 1992","Federal","27.2","Suspension of s. 27.5(1) and repeal of security measure",,"Minister","mandatory","(4) If the Minister is of the opinion that the disclosure of the particular matter that is the subject of a security measure would no longer compromise the security of the importing, offering for transport, handling or transporting of dangerous goods or endanger public safety, the Minister shall"
72156,"Transportation Of Dangerous Goods Act, 1992","Federal","27.2","Exception",,"Minister","mandatory","(7) Subsection (6) does not apply if, in the opinion of the Minister, the security measure is immediately required for the security of the importing, offering for transport, handling or transporting of dangerous goods or for public safety."
72164,"Transportation Of Dangerous Goods Act, 1992","Federal","27.6","Interim orders","regulation; order","Minister","discretionary; mandatory","27.6 (1) The Minister may make an interim order that contains any provision that may be contained in a regulation under subsection 27.1(1) if the Minister believes that immediate action is required to deal with an immediate threat to the security of the importing, offering for transport, handling or transporting of dangerous goods or to public safety."
72165,"Transportation Of Dangerous Goods Act, 1992","Federal","27.6","Deputy may make interim orders","order; authorization; authorization","Minister","discretionary; mandatory","(2) The Minister may authorize his or her deputy to make, subject to any restrictions or conditions that the Minister specifies, an interim order whenever the deputy believes that immediate action is required to deal with an immediate threat to the security of the importing, offering for transport, handling or transporting of dangerous goods or to public safety."
72190,"Transportation Of Dangerous Goods Act, 1992","Federal","32","Protective directions",,"Minister","discretionary","32 (1) The Minister may, if satisfied of the conditions described in subsection (2), direct a person engaged in importing, offering for transport, handling or transporting dangerous goods, or supplying or importing standardized means of containment, to cease that activity or to conduct other activities to reduce any danger to public safety."
72000,"Transportation Of Dangerous Goods Act, 1992","Federal","9","Notice of defective construction or recall","notice","Minister","discretionary","(2) If the Minister believes on reasonable grounds that any standardized means of containment is unsafe as supplied by the manufacturer or as imported for handling or transporting dangerous goods, the Minister may direct the manufacturer or importer to issue a notice of defective construction or recall to the person to whom it was supplied."
78614,"Tsawwassen First Nation Final Agreement Act","Provincial","10","Power to add Tsawwassen First Nation to Greater Vancouver Water District","regulation; order; agreement","Minister","discretionary; mandatory","(5) The minister may make regulations as required to give effect to an agreement under subsection (2) or an order under subsection (3), as the case may be, including without limitation,"
79193,"Tsawwassen First Nation Final Agreement Act","Provincial","21","Commencement","designation; reserve","Commission","discretionary","33. Clause 31 does not result in a permanent designation of Tsawwassen Lands or Other Tsawwassen Lands as an agricultural land reserve. After the Effective Date, the Agricultural Land Commission may remove that designation in accordance with the Agricultural Land Commission Act."
79559,"Tsawwassen First Nation Final Agreement Act","Provincial","21","Commencement",,"Minister","discretionary","24. In any year in which the Minister determines, in respect of a stock or species of Fish or Aquatic Plants for which there is a Tsawwassen Allocation expressed as a fixed number, that the quantity of that stock or species that is available for harvest is not sufficient to meet all anticipated allocations from that stock or species for food, social or ceremonial purposes, the Minister may reduce any one or more of the allocations for that year."
79597,"Tsawwassen First Nation Final Agreement Act","Provincial","21","Commencement",,"Minister","discretionary","42. The Minister or Tsawwassen First Nation may request that an arbitrator describe a Basic Harvest Entitlement for a Non-Allocated Species under the Tsawwassen Fishing Right as a defined harvest quantity or quota, or a harvest quantity or quota determined by the use of a formula, or a harvest quantity or quota determined by the use of a formula in respect of a defined harvest area within the Tsawwassen Fishing Area or Tsawwassen Intertidal Bivalve Fishing Area."
79711,"Tsawwassen First Nation Final Agreement Act","Provincial","21","Commencement",,"Committee","discretionary","81. Where a regional fisheries committee is proposed or established for aboriginal fisheries in an area that includes all or part of the Tsawwassen Fishing Area or Tsawwassen Intertidal Bivalve Fishing Area and that committee has functions and activities similar to those of the Joint Fisheries Committee, the Parties will determine which functions or activities of the Joint Fisheries Committee can be addressed more effectively by a regional fisheries committee, and will discuss the mechanism for participation by Tsawwassen First Nation in the regional fisheries committee."
79809,"Tsawwassen First Nation Final Agreement Act","Provincial","21","Commencement","order; designation","Minister","discretionary","27. If the Minister determines that, in order to address a conservation risk to a Wildlife species within the Tsawwassen Wildlife Harvest Area, there should be a Total Allowable Wildlife Harvest established for that species, the Minister may designate that species as a Designated Wildlife Species."
79811,"Tsawwassen First Nation Final Agreement Act","Provincial","21","Commencement","designation","Minister","discretionary","29. The Minister may determine that a Wildlife species is no longer a Designated Wildlife Species if the Minister determines that the conservation risk to that Wildlife species within the Tsawwassen Wildlife Harvest Area no longer exists."
80008,"Tsawwassen First Nation Final Agreement Act","Provincial","21","Commencement","park; protected_area","Minister","discretionary","30. After Consultation with Tsawwassen First Nation, the Minister may close to harvesting an area in a National Park or National Marine Conservation Area, for as long as necessary, for purposes of park or marine conservation area management including ecosystem research, protection of representative ecosystems and protection of species or habitats."
78600,"Tsawwassen First Nation Final Agreement Act","Provincial","9","Agricultural land reserve","plan; reserve; notice","Commission","mandatory","(2) Despite section 2 of the Agricultural Land Commission Act, on the Effective Date, the Agricultural Land Commission must amend the land reserve plan in accordance with subsection (1) and provide notice to the Tsawwassen First Nation and the registrar of titles that the amendment has been made."
81933,"Tsawwassen First Nation Final Agreement Act","Provincial","APPENDIX F-4.1","Commencement","authorization; agreement; licence; authorization; approval","Agency; agency; Minister","discretionary; mandatory","(f) this Agreement creates a lease of the Land under the authority provided under the Land Act and does not constitute an approval, licence, authorization or permission under any other enactment and does not interfere with, influence, encroach upon or fetter the jurisdiction, processes or discretion of any minister, public official, agency or decision maker who may be entitled or required to make any other decision or take any other action in regard to your use of the Land;"
85047,"Water Protection Act","Provincial","11","Amendments to register","licence","Comptroller","mandatory","(1) On the disposition to any person of the whole or any part of any land, mine or undertaking to which a registered licence has been made appurtenant under the Water Sustainability Act, the comptroller must,"
85029,"Water Protection Act","Provincial","7","No further authorizations for B.C. water removal","regulation; authorization; permit; authorization; approval","Comptroller","mandatory","7  (1) Despite the Water Sustainability Act and the regulations under that Act, but subject to subsection (2), the comptroller or a water manager must not issue an authorization, change approval or permit that allows a person to"
85383,"Water Sustainability Act","Provincial","10","Use approvals","authorization; authorization; approval","Comptroller","discretionary","10  (1) On application in accordance with section 12 [application and decision maker initiative procedures], the comptroller or a water manager may issue an approval for one or more water use purposes authorizing any of the following to divert or use water from a stream or an aquifer for a term not exceeding 24 months:"
86512,"Water Sustainability Act","Provincial","101","Recovery of penalties","certificate","Comptroller","discretionary; mandatory","(2) If a person fails to pay an administrative monetary penalty as required under this Act, the comptroller may file a certificate in a court that has jurisdiction and, on filing, the certificate has the same force and effect, and all proceedings may be taken on the certificate, as if it were a judgment of the court with which it is filed."
86707,"Water Sustainability Act","Provincial","114","Administration",,"Comptroller; Officer","discretionary","(8) The comptroller may exercise any power or perform any duty given under this Act to a water manager, an engineer or an officer."
86719,"Water Sustainability Act","Provincial","115","Advisory boards",,"Advisory; Board; Minister","discretionary","(3) A person appointed to an advisory board, may, as directed by the minister,"
86881,"Water Sustainability Act","Provincial","127","Regulations respecting licensing, diversion and use of water and related matters","regulation; order_in_council","governor; Lieutenant","discretionary","127  (1) The Lieutenant Governor in Council may make regulations for the purposes of Part 2 [Licensing, Diversion and Use of Water] as follows:"
86932,"Water Sustainability Act","Provincial","127","Regulations respecting licensing, diversion and use of water and related matters","regulation; order_in_council; authorization; authorization","governor; Lieutenant","discretionary","(2) The Lieutenant Governor in Council may make regulations authorizing a person or entity to divert or use, including store, unrecorded water for a period of up to 24 months without holding an authorization authorizing the diversion or use, including, without limitation, the following regulations:"
86941,"Water Sustainability Act","Provincial","127","Regulations respecting licensing, diversion and use of water and related matters","regulation; order_in_council; authorization; authorization; approval","governor; Lieutenant","discretionary","(3) The Lieutenant Governor in Council may make regulations authorizing a person to make changes in and about a stream without holding an authorization or change approval authorizing the changes in and about the stream, including, without limitation, the following regulations:"
86957,"Water Sustainability Act","Provincial","129","Regulations respecting streams and stream protection","regulation; order_in_council","governor; Lieutenant","discretionary","129  (1) The Lieutenant Governor in Council may make regulations"
86963,"Water Sustainability Act","Provincial","130","Regulations respecting groundwater and groundwater works","regulation; order_in_council","governor; Lieutenant","discretionary","130  (1) The Lieutenant Governor in Council may make regulations for the purposes of Division 3 [Wells and Groundwater Protection] of Part 3 [Protecting Water Resources], including, without limitation, the following regulations:"
87002,"Water Sustainability Act","Provincial","130","Regulations respecting groundwater and groundwater works","regulation; order_in_council","governor; Lieutenant","discretionary","(2) The Lieutenant Governor in Council may make regulations respecting sampling and analyzing groundwater for new or altered wells, including, without limitation, the following regulations:"
87009,"Water Sustainability Act","Provincial","131","Regulations respecting measuring, testing and reporting","regulation; order_in_council","governor; Lieutenant","discretionary","131  (1) The Lieutenant Governor in Council may make regulations requiring measurement and testing in relation to the diversion or use of water under this Act, including, without limitation, the following regulations:"
87023,"Water Sustainability Act","Provincial","132","Regulations respecting water sustainability plans","regulation; order_in_council; plan","governor; Lieutenant","discretionary","132  The Lieutenant Governor in Council may make regulations for the purposes of Division 4 [Water Sustainability Plans] of Part 3 [Protecting Water Resources] respecting the preparation of proposed water sustainability plans, as follows:"
87058,"Water Sustainability Act","Provincial","135","Regulations closing or restricting access to water source","regulation; order_in_council; authorization; plan; authorization","governor; Lieutenant","discretionary","(2) Subject to subsection (3), if the Lieutenant Governor in Council considers that there is not sufficient unrecorded water in a specified stream or aquifer to warrant the issuance of any new authorizations in relation to the stream or aquifer, or if recommended in a water sustainability plan, the Lieutenant Governor in Council may make regulations"
87083,"Water Sustainability Act","Provincial","136","Regulations requiring authorizations for domestic use of groundwater","regulation; order_in_council","governor; Lieutenant","discretionary","136  (1) The Lieutenant Governor in Council may make regulations providing that section 6 (4) [use of water - excluded groundwater users] does not apply in relation to a specified aquifer or the aquifers in a specified area"
87112,"Water Sustainability Act","Provincial","140","Transition - groundwater licensing","regulation; order_in_council","governor; Lieutenant","discretionary","(2) Despite sections 12 [application and decision maker initiative procedures], 13 [objections to applications and decision maker initiatives], 14 [powers respecting applications and decision maker initiatives], 17 [sensitive stream mitigation], 18 [quick licensing procedures] and 22 [precedence of rights], the Lieutenant Governor in Council may make regulations"
85538,"Water Sustainability Act","Provincial","21","When final licence may be issued","authorization; licence; authorization","Comptroller","discretionary","21  (1) On application under section 12 [application and decision maker initiative procedures], or on the comptroller's or water manager's own initiative, the comptroller or a water manager may issue to the holder of a conditional licence a final licence authorizing the diversion or use of the quantity of water that the decision maker determines to have been beneficially used for the water uses purposes authorized under, and during the term of, the conditional licence, when"
85617,"Water Sustainability Act","Provincial","26","Amendment or substitution of authorization, change approval or permit","authorization; permit; authorization; approval","Comptroller","discretionary","26  (1) On application by the holder in accordance with section 12 [application and decision maker initiative procedures], or on the comptroller's or water manager's own initiative, the comptroller or a water manager may amend an authorization and a permit issued in relation to the authorization, and the comptroller, a water manager or an engineer may amend a change approval and a permit issued in relation to the change approval, to do any of the following:"
85628,"Water Sustainability Act","Provincial","26","Amendment or substitution of authorization, change approval or permit","authorization; permit; authorization; approval","Comptroller","discretionary","(3) On application, the comptroller or a water manager may amend an authorization and a permit issued in relation to the authorization, and the comptroller, a water manager or an engineer may amend a change approval and a permit issued in relation to the change approval, to make an amendment not referred to in subsection (1), other than an amendment that would increase the quantity of water authorized to be diverted."
85644,"Water Sustainability Act","Provincial","28","Apportionment of rights under licences","permit; licence","Comptroller","discretionary","28  (1) If the land to which a licence, or a permit issued in relation to the licence, is appurtenant consists of more than one parcel owned by different persons, on application by an owner of a parcel of that land in accordance with section 12 [application and decision maker initiative procedures], or on the comptroller's or water manager's own initiative, the comptroller or a water manager may apportion among the owners of the parcels the rights granted and duties imposed under the licence or permit."
85677,"Water Sustainability Act","Provincial","31","Abandonment of rights under an authorization","authorization; authorization","Comptroller","discretionary","31  (1) On application in writing by the holder of an authorization, the comptroller or a water manager may approve the abandonment of all or part of the rights held under the authorization, subject to prescribed terms and conditions and on the terms and conditions the decision maker considers advisable, which terms and conditions may include, but are not limited to,"
85711,"Water Sustainability Act","Provincial","36","Joint construction or use of works may be ordered","order; authorization; authorization","Comptroller","discretionary","36  If satisfied that the joint use of works by 2 or more authorization holders would conserve water or avoid duplication of works, the comptroller or a water manager may order the joint construction or use by specified authorization holders of specified works and set the terms and conditions for the joint construction or use, including, without limitation, providing for construction, operation, maintenance, removal, replacement, deactivation or decommissioning of the works or compensation as among the users."
85736,"Water Sustainability Act","Provincial","39","Water reservations","order_in_council; reserve","governor; Lieutenant","discretionary","the Lieutenant Governor in Council may reserve all or part of the water that is in the stream or the aquifer, and that is unrecorded and unreserved and is not dedicated agricultural water, from being diverted or used under this Act except as provided by section 6 (2), (3) or (4) [use of water]."
85753,"Water Sustainability Act","Provincial","40","Treaty first nation water reservations","order_in_council; agreement","governor; Lieutenant","discretionary; mandatory","40  (1) If the final agreement of a treaty first nation describes a water reservation for water use purposes specified in the agreement, other than a power purpose, that British Columbia is required by the final agreement to establish in favour of the treaty first nation, the Lieutenant Governor in Council may establish that water reservation for those purposes."
85772,"Water Sustainability Act","Provincial","42","Issue of new licence","authorization; licence; authorization","Comptroller","discretionary; mandatory","the comptroller may issue in place of the acquired licence a new licence having the same precedence but authorizing the diversion or use of water for any water use purpose required by the regional district, improvement district or municipality, as applicable."
85773,"Water Sustainability Act","Provincial","43","Water objectives","regulation; order_in_council","governor; Lieutenant","discretionary","43  (1) For the purposes of sustaining water quantity, water quality and aquatic ecosystems in and for British Columbia, the Lieutenant Governor in Council may make regulations"
85800,"Water Sustainability Act","Provincial","45","No new dams on protected rivers","authorization; permit; authorization; approval","Comptroller","mandatory","(2) The comptroller or a water manager must not issue or amend an authorization, change approval or permit to authorize the construction of a bank-to-bank dam anywhere on a protected river."
85822,"Water Sustainability Act","Provincial","47","Remediation orders in relation to foreign matter in stream","order; authorization; authorization","Comptroller","discretionary","(3) The comptroller or a water manager may authorize the government or another person to take the actions necessary to comply with an order under subsection (1), and the person who contravened section 46 (1) is liable to the government or that other person, as applicable, for the costs of complying with the order if any of the following apply:"
86040,"Water Sustainability Act","Provincial","60","Remediation orders in relation to foreign matter in well","order; authorization; authorization","Comptroller","discretionary","(5) The comptroller or a water manager may authorize the government or another person to take the actions necessary to comply with an order under subsection (1), and the person to whom the order was directed is liable for the costs to the government or that other person, as applicable, of complying with the order if"
86108,"Water Sustainability Act","Provincial","65","Order designating area for planning process","order; plan; designation","Minister","discretionary","65  (1) The minister, on request or on the minister's own initiative, by order, may designate an area for the purpose of the development of a water sustainability plan"
86122,"Water Sustainability Act","Provincial","66","Order establishing plan development process","order; plan","Minister","discretionary","66  (1) The minister, by order, may establish the process by which a proposed water sustainability plan for a plan area is to be developed."
86184,"Water Sustainability Act","Provincial","72","Powers for development of plan","order; plan","Minister","discretionary","72  (1) For the purposes of developing a proposed water sustainability plan, the minister, by order, may"
86224,"Water Sustainability Act","Provincial","75","Acceptance of plan","regulation; order; plan","Minister","discretionary","75  (1) If a proposed water sustainability plan submitted to the minister under section 74 (1) does not contain a recommendation that a regulation or order under this or another Act be made in relation to the plan, the minister may accept all or part of the proposed plan as a water sustainability plan."
86225,"Water Sustainability Act","Provincial","75","Acceptance of plan","regulation; order; order_in_council; plan","governor; Lieutenant; Minister","discretionary","(2) If a proposed water sustainability plan submitted to the minister under section 74 (1) contains a recommendation that a regulation or order under this or another Act be made in relation to the plan, the minister may place the following before the Lieutenant Governor in Council:"
86229,"Water Sustainability Act","Provincial","75","Acceptance of plan","regulation; order_in_council; plan","governor; Lieutenant","discretionary","(3) The Lieutenant Governor in Council, by regulation, may accept as a water sustainability plan all or part of a proposed plan placed before the Lieutenant Governor in Council under subsection (2)."
86230,"Water Sustainability Act","Provincial","75","Acceptance of plan","plan","Minister","mandatory","(4) Subject to section 117 (4) [delivery and publication of documents and information], the minister must arrange for a water sustainability plan accepted under this section to be published."
86269,"Water Sustainability Act","Provincial","81","Plan regulations - relationship with other planning processes","regulation; order_in_council; plan","governor; Lieutenant","discretionary","81  For the purposes of a water sustainability plan, the Lieutenant Governor in Council, by regulation, may do one or more of the following:"
86303,"Water Sustainability Act","Provincial","85","Review and amendment of plans","order; plan","Minister","discretionary","85  (1) The minister, by order, may direct that a water sustainability plan be reviewed to determine whether the plan should be amended or cancelled."
86312,"Water Sustainability Act","Provincial","87","Critical environmental flow protection orders","regulation; order","Comptroller","mandatory","87  (1) If an order under section 86 (1) or (3) is in force, the comptroller must, for the purposes of section 22 (9) [precedence of rights], by order, determine in accordance with any applicable regulations, the critical environmental flow threshold for each stream that meets all of the following criteria:"
86316,"Water Sustainability Act","Provincial","87","Critical environmental flow protection orders","order","Comptroller","discretionary","(2) If the comptroller considers that more than one stream in an area to which an order under section 86 (1) or (3) applies is described in subsection (1), the comptroller may determine the critical environmental flow thresholds for the streams based on the degree of benefit the comptroller considers the aquatic ecosystems of the streams would derive from enforcement of the precedence of their critical environmental flow thresholds, in descending order, beginning with the stream that would derive greatest benefit and stopping"
86323,"Water Sustainability Act","Provincial","88","Fish population protection orders","order","Minister","discretionary","88  (1) If the minister considers that the flow of water in a specified stream is or is likely to become so low that the survival of a population of fish in the stream may be or may become threatened, the minister may make an order respecting the diversion, rate of diversion, time of diversion, or use, including storage and time of storage, of water from the specified stream, or a specified aquifer hydraulically connected to the stream, regardless of the precedence set out in section 22 [precedence of rights]."
86324,"Water Sustainability Act","Provincial","88","Fish population protection orders","order","Minister","discretionary","(2) The minister may make an order under subsection (1) only after giving due consideration to the needs of agricultural users."
85375,"Water Sustainability Act","Provincial","9","Licences","authorization; licence; authorization","Comptroller","discretionary","9  On application in accordance with section 12 [application and decision maker initiative procedures], the comptroller or a water manager may issue a licence, authorizing the diversion or use of water for one or more water use purposes, to any of the following:"
86341,"Water Sustainability Act","Provincial","91","Power of comptroller to authorize actions","order; authorization; authorization","Comptroller","discretionary","91  (1) If a person to whom an order of the comptroller, a water manager or an engineer is directed fails to do the things ordered, the comptroller may authorize the government or another person to do those things and the person to whom the order was directed is liable for the costs of the government or that other person, as applicable, of complying with the order."
86344,"Water Sustainability Act","Provincial","91","Power of comptroller to authorize actions","authorization; authorization","Comptroller","discretionary","(4) If the comptroller considers that it is in the public interest that things should be done to mitigate an imminent and significant risk or hazard to public safety, the environment, land or other property, the comptroller may authorize that things be done to reduce or eliminate the risk or hazard, including, without limitation, any of the following actions:"
87949,"Weed Control Act","Provincial","10","Weed control officers",,"inspector; Minister","mandatory","(2) If an inspector is appointed by a council, it must notify the minister in writing of the name of the inspector."
87950,"Weed Control Act","Provincial","10","Weed control officers","regulation","Minister","discretionary; mandatory","(3) If the minister is of the opinion that additional inspectors or weed control officers are required in a municipality for the purpose of effectively enforcing and administering this Act and the regulations in the municipality, the minister may appoint one or more inspectors for that purpose."
87952,"Weed Control Act","Provincial","11","Weed control agreements","agreement","Minister","discretionary","(2) On behalf of the government the minister may enter into an agreement with the council of a municipality for noxious weed control and the costs of noxious weed control in all or part of"
87883,"Weed Control Act","Provincial","3","Appointment and powers of inspectors",,"Minister","discretionary","3  (1) The minister may appoint inspectors for this Act under the Public Service Act."
87889,"Weed Control Act","Provincial","4","Notice to control noxious weeds","notice","inspector","discretionary","4  (1) An inspector may serve a notice directing an occupier, in accordance with the notice, to control noxious weeds growing or located on land, premises or property occupied by the occupier."
87891,"Weed Control Act","Provincial","5","Noxious weed control regulations","regulation; order_in_council","governor; Lieutenant","discretionary","5  The Lieutenant Governor in Council may make regulations"
87912,"Weed Control Act","Provincial","7","Control of noxious weeds by inspector","notice","inspector","discretionary","an inspector may, without notice, take the action considered necessary to enter on any land, premises or property and control noxious weeds."
87913,"Weed Control Act","Provincial","7","Control of noxious weeds by inspector",,"inspector","mandatory","(2) If an inspector controls noxious weeds under subsection (1), the inspector must prepare a signed statement setting out the costs of the control and send the signed statement,"
89912,"Wildlife Act","Provincial","108","Regulations by Lieutenant Governor in Council","order_in_council","governor; Lieutenant; Minister","discretionary","(4) The Lieutenant Governor in Council may delegate a power under subsection (2) or (3) to the minister."
89925,"Wildlife Act","Provincial","109","Regulations by the minister","regulation","Minister","discretionary","(4) The minister may make regulations for the purposes of research or education in relation to preventing the entry and spread of aquatic invasive species in British Columbia, including, without limitation, regulations in relation to any of the following:"
88887,"Wildlife Act","Provincial","4","Power to designate wildlife management areas","regulation; order_in_council; designation; park; protected_area","Conservancy; governor; Lieutenant; Minister","discretionary","(2) With the consent of the Lieutenant Governor in Council, the minister may, by regulation, designate as a wildlife management area land that is under the minister's administration and is not in a park, a conservancy or a recreation area."
88890,"Wildlife Act","Provincial","5","Critical wildlife areas and wildlife sanctuaries","regulation; designation; protected_area","Minister","discretionary","5  (1) If the minister requires land for habitat for a species of wildlife designated as an endangered species or threatened species, the minister may, by regulation, designate land in a wildlife management area as a critical wildlife area."
88891,"Wildlife Act","Provincial","5","Critical wildlife areas and wildlife sanctuaries","regulation; designation; sanctuary; protected_area","Minister","discretionary","(2) The minister may, by regulation, designate land in a wildlife management area as a wildlife sanctuary."
89247,"Wildlife Act","Provincial","52","Issue of angling guide licences","order; plan; licence","Minister","discretionary","(3) Until the publication by the Recreational Fisheries Branch of a plan for managing guiding for fish and angling on a stream or lake or in an area of British Columbia, the minister may order the regional manager to restrict the issue of angling guide licences or endorsements for that stream, lake or area to persons who, on the date of the order, hold an angling guide licence or endorsement for that stream, lake or area."
89249,"Wildlife Act","Provincial","53","Restrictions on guiding for fish and angling","regulation; order_in_council","governor; Lieutenant","discretionary","53  (1) The Lieutenant Governor in Council, by regulation, may do one or more of the following:"
89265,"Wildlife Act","Provincial","53","Restrictions on guiding for fish and angling","regulation; order_in_council","governor; Lieutenant","discretionary","(2) For the purpose of subsection (1) (e), (g), (h), (i), (j), (k) and (l), the Lieutenant Governor in Council may make different regulations for different classes of streams or lakes or for different areas of British Columbia."
88892,"Wildlife Act","Provincial","6","Endangered and threatened species","regulation; order_in_council; designation","governor; Lieutenant","discretionary","6  (1) If the Lieutenant Governor in Council considers that a species of wildlife is threatened with imminent extinction throughout all or a significant portion of its range in British Columbia because of the action of humans, the Lieutenant Governor in Council may, by regulation, designate the species as an endangered species."
88893,"Wildlife Act","Provincial","6","Endangered and threatened species","regulation; order_in_council; designation","governor; Lieutenant","discretionary","(2) If the Lieutenant Governor in Council considers that a species of wildlife is likely to become endangered in British Columbia if the factors affecting its vulnerability are not reversed, the Lieutenant Governor in Council may, by regulation, designate the species as a threatened species."
88894,"Wildlife Act","Provincial","6.4","Designation of controlled alien species and aquatic invasive species","regulation; designation","Minister","discretionary","6.4  If the minister considers that a non-native species described in paragraph (a) or (b) of the definition of ""species"" poses a risk to the health or safety of any person or poses a risk to property, wildlife or wildlife habitat, the minister may make regulations designating the species as"
88897,"Wildlife Act","Provincial","6.5","Regulation of controlled alien species and aquatic invasive species","regulation","Minister","discretionary","6.5  (1) The minister may, by regulation, regulate, prohibit and impose requirements in relation to the following:"
88903,"Wildlife Act","Provincial","6.5","Regulation of controlled alien species and aquatic invasive species","regulation","Minister","discretionary","(2) The minister may, by regulation, regulate, prohibit and impose requirements in relation to any of the following for the purposes of preventing aquatic invasive species from entering into or spreading in British Columbia:"
88914,"Wildlife Act","Provincial","6.5","Regulation of controlled alien species and aquatic invasive species","regulation","Minister","discretionary","(3) The minister may make the following regulations in relation to inspections for the purposes of preventing aquatic invasive species from entering into or spreading in British Columbia:"
88917,"Wildlife Act","Provincial","6.5","Regulation of controlled alien species and aquatic invasive species","regulation","Minister","discretionary","(4) In making regulations under this section, the minister may do one or more of the following:"
88930,"Wildlife Act","Provincial","6.6","Application of this Act to controlled alien species","regulation","Minister","discretionary","(4) The minister may, by regulation, apply a provision of this Act in relation to controlled alien species as if those species were wildlife, animals or fish."
88931,"Wildlife Act","Provincial","6.6","Application of this Act to controlled alien species","regulation; exemption","Minister","discretionary","(5) The minister may, by regulation, exempt controlled alien species from the application of a provision of this Act that applies in relation to animals or fish."
89407,"Wildlife Act","Provincial","74","Seizure of pelt or skin",,"Officer","discretionary","74  A conservation officer or constable may seize a pelt or skin on which he or she believes on reasonable grounds that the royalty payable under section 73 has not been paid."
89429,"Wildlife Act","Provincial","79","Destruction of animals",,"Officer","discretionary","79  (1) An officer may kill an animal, other than a domestic animal, that is at large and is likely to harm persons, property, wildlife or wildlife habitat."
89529,"Wildlife Act","Provincial","87","Arrest","regulation","Officer","discretionary","87  A conservation officer or constable may, without a warrant, arrest a person he or she finds committing an offence against this Act or the regulations."
89530,"Wildlife Act","Provincial","88","Surrender of firearms",,"Officer","discretionary","88  (1) A conservation officer or constable may, if he or she has reasonable and probable grounds to believe that by reason of consumption of alcohol a person who is hunting or carrying a firearm is affected in his or her ability to hunt or handle a firearm safely and responsibly, request that person to surrender any firearms in his or her possession."
89531,"Wildlife Act","Provincial","88","Surrender of firearms",,"Officer","discretionary","(2) A conservation officer or constable may, if he or she has reasonable and probable grounds to believe that a person who is hunting or carrying a firearm is affected by a drug in his or her ability to hunt or handle a firearm safely and responsibly, request that person to surrender any firearms in his or her possession."
89535,"Wildlife Act","Provincial","88","Surrender of firearms",,"Officer","mandatory","(4) A conservation officer or constable must return the firearms surrendered under subsection (3) to the person on"
89547,"Wildlife Act","Provincial","88.1","Dangerous wildlife protection order",,"Officer","discretionary","(2) If a conservation officer believes on reasonable grounds that dangerous wildlife is or may be attracted to any land or premises other than a private dwelling, the conservation officer may, without a warrant, enter and search the land or premises."
89548,"Wildlife Act","Provincial","88.1","Dangerous wildlife protection order","order","Officer","discretionary","(3) If a conservation officer believes on reasonable grounds that the existence or location of an attractant in, on or about any land or premises, other than in a private dwelling, poses a risk to the safety of any person because the attractant is attracting or could attract dangerous wildlife to the land or premises, the conservation officer may issue a dangerous wildlife protection order directing an owner, occupier or person in charge of that land or premises to contain, move or remove the attractant within a reasonable period of time specified in the order."
89556,"Wildlife Act","Provincial","88.1","Dangerous wildlife protection order","order","Officer","discretionary","(6) For the purpose of ensuring that an order issued under subsection (3) is being, or has been, complied with, a conservation officer may, without a warrant, enter and search the land or premises other than a private dwelling that is affected by the order."
89558,"Wildlife Act","Provincial","89","Entering premises","regulation","Officer","discretionary; mandatory","89  (1) For the purpose of ensuring that this Act and the regulations are being complied with, an officer may enter and inspect any premises or enclosure in which live wildlife or live fish is kept but, at the request of the owner or occupier, the officer must produce proof of identity."
89560,"Wildlife Act","Provincial","90","Inspection of firearms","permit","Officer","mandatory","90  (1) A person, when requested to do so, for the purposes of this Act or the Firearm Act, by a conservation officer or constable, must immediately produce and permit inspection of a firearm in his or her possession."
89561,"Wildlife Act","Provincial","90","Inspection of firearms",,"Officer","discretionary","(2) A conservation officer or constable may, for the purposes of this Act or the Firearm Act, inspect a firearm found in or on a vehicle or boat."
89562,"Wildlife Act","Provincial","91","Inspection of camps",,"Officer","discretionary","91  An officer may inspect a camp occupied by a hunter or angler."
89564,"Wildlife Act","Provincial","93","Search without warrant",,"Officer","discretionary","93  A conservation officer or constable may, without a warrant,"
89568,"Wildlife Act","Provincial","94","Seizure",,"Commission; Officer","discretionary","94  (1) A conservation officer or constable may seize wildlife or fish or parts of either wildlife or fish, anything referred to in paragraph (b) and anything found in, on or about a place, building or premises, or in the possession of a person, that might afford evidence of the commission of an offence under this Act, if the conservation officer or constable"
89571,"Wildlife Act","Provincial","94","Seizure",,"Officer","discretionary","(2) A conservation officer may seize wildlife or fish, or parts of either wildlife or fish, in a person's possession if the conservation officer believes on reasonable grounds that the right of property in that wildlife is with the government or remains in the government."
89586,"Wildlife Act","Provincial","95","Power to stop and obtain information",,"Officer","discretionary","(2) An officer may, for the purposes of this Act, stop a person who is driving or operating a vehicle, aircraft or boat to determine whether or not the driver, operator or occupants have been hunting, trapping or angling, and to obtain information about wildlife or game fish possessed by them."
89587,"Wildlife Act","Provincial","95","Power to stop and obtain information",,"Officer","discretionary","(3) An officer may, for the purposes of preventing aquatic invasive species from entering into or spreading in British Columbia, stop any of the following persons to obtain any of the records or information referred to in subsection (4):"
89604,"Wildlife Act","Provincial","95.1","Power to stop and inspect",,"Officer","discretionary","95.1  (1) For the purposes of preventing aquatic invasive species from entering into or spreading in British Columbia, an officer may, without a warrant, stop any of the following persons to conduct an inspection in accordance with subsection (2):"
89612,"Wildlife Act","Provincial","95.1","Power to stop and inspect",,"Officer","discretionary","(2) For the purposes of preventing aquatic invasive species from entering into or spreading in British Columbia, an officer may, without a warrant, do any of the following:"
89693,"Wildlife Act","Provincial","97.2","If live wildlife seized",,"Officer","discretionary","97.2  Despite anything else in this Act, if live wildlife is seized under this Act, a conservation officer may dispose of the wildlife, or have the wildlife disposed of, by returning it to the natural environment if the conservation officer believes on reasonable grounds that the live wildlife is capable of surviving after release."
89694,"Wildlife Act","Provincial","97.3","If perishable wildlife seized",,"Minister; Officer","discretionary","97.3  Despite anything else in this Act, if wildlife is seized under this Act and a conservation officer believes on reasonable grounds that the wildlife may rot, spoil or otherwise perish, the conservation officer may dispose of the wildlife, or have the wildlife disposed of, as the minister directs."
89723,"Wildlife Act","Provincial","97.7","Seizure or destruction of controlled alien species",,"Officer","discretionary","97.7  (1) A conservation officer or constable may seize a species individual of a controlled alien species if the person in possession of the species individual"
89727,"Wildlife Act","Provincial","97.7","Seizure or destruction of controlled alien species",,"Officer","discretionary","(2) A conservation officer or constable may seize or destroy a species individual of a controlled alien species if, in the opinion of the conservation officer or constable, the species individual presents an imminent danger to the health or safety of a person or to property, wildlife or wildlife habitat."
91061,"Wrecked, Abandoned Or Hazardous Vessels Act","Federal","13","Disclosure by Minister or Minister of Fisheries and Oceans","authorization; authorization","Minister; Officer","discretionary","13 (1) The Minister and the Minister of Fisheries and Oceans may, on their own initiative or on request, disclose to each other, to an enforcement officer or to any person authorized to exercise powers or perform duties or functions under this Act any information collected or obtained under this Act, the Fishing and Recreational Harbours Act, the Canadian Navigable Waters Act, the Canada Marine Act or the Canada Shipping Act, 2001, to the extent that the disclosure is necessary for the administration of this Act."
91774,"Wrecked, Abandoned Or Hazardous Vessels Act","Federal","13","ARTICLE 12Compulsory insurance or other financial security","certificate","Board","discretionary; mandatory","13 Notwithstanding the provisions of paragraph 5, a State Party may notify the Secretary-General that, for the purposes of paragraph 12, ships are not required to carry on board or to produce the certificate required by paragraph 2, when entering or leaving a port in its territory, or arriving at or leaving from an offshore facility in its territorial sea, provided that the State Party which issues the certificate required by paragraph 2 has notified the Secretary-General that it maintains records in an electronic format, accessible to all States Parties, attesting the existence of the certificate and enabling States Parties to discharge their obligations under paragraph 12."
91987,"Wrecked, Abandoned Or Hazardous Vessels Act","Federal","14.1","Vessel Remediation Fund","order; order_in_council","governor","discretionary","(h) pay for the costs incurred in relation to any other purpose that the Governor in Council may, by order, specify and that relates to dilapidated vessels, wrecks, abandoned vessels or vessels that pose a hazard."
91156,"Wrecked, Abandoned Or Hazardous Vessels Act","Federal","38","Authorization to take possession","authorization; authorization","Minister","discretionary","38 (1) If any vessel or other thing is wrecked, sunk, partially sunk, stranded, grounded, including on the shore, or abandoned in Canadian waters, the Minister may, for a purpose that he or she specifies and subject to any conditions that he or she considers appropriate, authorize any person to take possession of all or part of the vessel or thing, for the benefit of that person or the public."
91288,"Wrecked, Abandoned Or Hazardous Vessels Act","Federal","67","Emergency zone",,"Minister","discretionary","(4) The Minister of Fisheries and Oceans may, if he or she has reasonable grounds to believe that a vessel or wreck poses a hazard that is grave and imminent, declare an emergency zone, the size of which is reasonable with regard to the seriousness of the situation, and"
91036,"Wrecked, Abandoned Or Hazardous Vessels Act","Federal","7","Delegation - Minister",,"Minister","discretionary","7 (1) The Minister may delegate any of his or her powers, duties or functions under this Act to the Minister of Fisheries and Oceans for any period and under any terms and conditions that the Minister considers appropriate."
91037,"Wrecked, Abandoned Or Hazardous Vessels Act","Federal","7","Delegation - Minister of Fisheries and Oceans",,"Minister","discretionary","(2) The Minister of Fisheries and Oceans may delegate any of his or her powers, duties or functions under this Act to the Minister for any period and under any terms and conditions that the Minister of Fisheries and Oceans considers appropriate."
