"act_name","jurisdiction","Section","Heading","implement_type","responsible_official","discretion_type","Paragraph"
"Agricultural Land Commission Act","Provincial","1","Definitions","agreement","commission","definition; establishment","""agreement in principle"" means a non-binding agreement, negotiated among a first nation government, the Province and Canada in accordance with a process facilitated by the British Columbia Treaty Commission, established under section 3 of the Treaty Commission Act, that"
"Agricultural Land Commission Act","Provincial","1","Definitions","agreement","commission; authority; officer","definition","""authority"" means an agent of the government, a public body or a public officer with whom the commission has an agreement under section 26 (1) (b) or 38;"
"Agricultural Land Commission Act","Provincial","1","Definitions","agreement","commission","definition","(i)  if an agreement under this Act between a first nation government and the commission defines ""owner"" for the purposes of the application of this Act to the settlement lands of the first nation, a person described by that definition, and"
"Agricultural Land Commission Act","Provincial","15","Inclusion of land in agricultural land reserve by the commission","designation","commission","discretionary; designation","15  (1) For the purposes of section 6, the commission may designate land, including Crown land, as agricultural land if the commission is satisfied that the land is suitable for farm use."
"Agricultural Land Commission Act","Provincial","15","Inclusion of land in agricultural land reserve by the commission","designation; agreement","commission; authority","discretionary; prohibited; designation","(2) If the final agreement of a treaty first nation provides that the treaty lands of the treaty first nation may not be designated as agricultural land without the consent of the treaty first nation, the commission may not exercise the authority under subsection (1) in relation to those treaty lands without the consent of the treaty first nation."
"Agricultural Land Commission Act","Provincial","17","Inclusion applications","designation; reserve","commission","discretionary; designation","(3) On application by an owner of land, the commission may designate all or part of the land described in the application as land within the agricultural land reserve if the commission considers that the designation carries out the intent of this Act."
"Agricultural Land Commission Act","Provincial","2","Application of other Acts","regulation; plan","commission","mandatory; requirement","(1.1) Despite subsection (1) and section 3, if a regulation under the Water Sustainability Act requires that the commission consider a water sustainability plan in making decisions in relation to an area that is subject to the water sustainability plan, the commission must comply with the regulation."
"Agricultural Land Commission Act","Provincial","20.3","Soil or fill use","notice","chief; officer","requirement","(ii)  first submits to the chief executive officer the prescribed fee and notice of the person's intent, in the form and manner required by the chief executive officer, and"
"Agricultural Land Commission Act","Provincial","20.3","Soil or fill use","notice","chief; officer","mandatory","(2) If the chief executive officer receives the fee and notice submitted under subsection (1) (c) (ii), the chief executive officer must do one or more of the following:"
"Agricultural Land Commission Act","Provincial","26","Delegation of powers respecting applications","agreement","commission; authority","discretionary","26  (1) The commission may enter into an agreement with any of the following to enable a first nation government or an authority to exercise some or all of the commission's power to decide use or subdivision applications:"
"Agricultural Land Commission Act","Provincial","26","Delegation of powers respecting applications","agreement; report","commission; authority","discretionary; requirement","(2) An agreement under subsection (1) between the commission and an authority may exempt a non-farm use in a specified area within the jurisdiction of the authority from the requirement of an application on the condition that the authority conducts audits and reports to the commission as required by the agreement."
"Agricultural Land Commission Act","Provincial","26","Delegation of powers respecting applications","agreement","authority","mandatory","(3) If an agreement is entered into under subsection (1), the first nation government or authority must, with respect to an application covered by the agreement,"
"Agricultural Land Commission Act","Provincial","26","Delegation of powers respecting applications","agreement","authority","mandatory; requirement","(6) If an authority has the power to decide an application under an agreement entered into under subsection (1), an application that would otherwise be required to be submitted to a local government or first nation government under section 34.1 (1) must be made directly to the authority."
"Agricultural Land Commission Act","Provincial","26","Delegation of powers respecting applications","agreement","commission","mandatory; definition","(8) If the commission enters into an agreement under subsection (1) (c) with a first nation government in relation to settlement lands, that agreement or another agreement under this Act must include a definition of ""owner"" for the purposes of paragraph (b) (i) of the definition of ""owner"" in section 1 (1)."
"Agricultural Land Commission Act","Provincial","27","Chief executive officer may approve some applications","agreement","chief; authority; officer","discretionary; prohibited","(6) The chief executive officer may not exercise a power that has been delegated to a first nation government or an authority by an agreement entered into under section 26."
"Agricultural Land Commission Act","Provincial","32","Boundaries to be amended","reserve","commission","mandatory","32  If land is excluded from the agricultural land reserve under this Act, the commission must do both of the following:"
"Agricultural Land Commission Act","Provincial","34","Application procedure if local government or first nation government review not required","regulation","commission","mandatory","(d) an application for a specific type of use prescribed by regulation as an application that must be filed directly with the commission;"
"Agricultural Land Commission Act","Provincial","35","Waiver of application fees","designation","officer","discretionary; designation","(2) A designated local government officer or an official designated for this purpose by a first nation government may waive an application fee payable under section 34.1 (1) if the designated officer or official considers that a case of hardship exists."
"Agricultural Land Commission Act","Provincial","46","Conflict with bylaws","regulation; order; bylaw","commission","mandatory","(2) A local government in respect of its bylaws and a first nation government in respect of its laws must ensure consistency with this Act, the regulations and the orders of the commission."
"Agricultural Land Commission Act","Provincial","48","Bonding or other security","order; order_in_council","governor_in_council; commission; authority; council","discretionary; requirement","48  The Lieutenant Governor in Council, the commission, a local government, a first nation government or an authority may require that an applicant under this Act whose application has been approved on terms, in order to ensure compliance with the terms, post security in the form of insurance, a bond or another prescribed form of security."
"Agricultural Land Commission Act","Provincial","5","Commission members","order_in_council","governor_in_council; council","mandatory; designation","(a) the Lieutenant Governor in Council must appoint the chair;"
"Agricultural Land Commission Act","Provincial","52.2","Cancellation of remediation order note","notice","chief; officer","mandatory","(a) the chief executive officer must deliver a cancellation notice to the Registrar of Titles, and"
"Agricultural Land Commission Act","Provincial","55.1","Exclusive jurisdiction of commission","order","commission","requirement","55.1  (1) The commission has exclusive jurisdiction to inquire into, hear and determine all those matters and questions of fact, law and discretion arising or required to be determined in an appeal under section 55 and to make any order permitted to be made."
"Agricultural Land Commission Act","Provincial","56","Application of enforcement powers","designation","authority","designation","(b) a person designated by the first nation government or authority to exercise the powers under those sections."
"Agricultural Land Commission Act","Provincial","58","Land use regulations","regulation; order_in_council","governor_in_council; council","mandatory; discretionary","(4) The Lieutenant Governor in Council may make regulations respecting records that must be kept, and the period for which records must be kept, by persons engaging in any of the following:"
"Agricultural Land Commission Act","Provincial","8","Staff of the commission","order_in_council","governor_in_council; chief; commission; council; officer","discretionary; establishment; designation","8  (1) On consultation with the chair of the commission, the Lieutenant Governor in Council may appoint, during pleasure, a chief executive officer of the commission, establish the terms of the appointment and set the remuneration of the chief executive officer."
"Animal Health Act","Provincial","27","Quarantine zone orders","order","chief","discretionary","27  (1) If the chief veterinarian reasonably believes, based on the results of a diagnostic examination, that a reportable disease is present, the chief veterinarian may make an order establishing a quarantine zone on an area described in the order."
"Animal Health Act","Provincial","36","Deemed control zones","order","minister","discretionary","36  (1) If the minister reasonably believes that it is necessary for one or both of the following purposes, the minister may make an order deeming an area described in the order to be a temporary control zone:"
"Animal Health Act","Provincial","36","Deemed control zones","order","minister","discretionary","(3) A control zone order may include any terms and conditions the minister considers necessary for a purpose set out in subsection (1), including one or more of the following:"
"Animal Health Act","Provincial","66","Duties when authority to act ends","designation","chief; inspector","discretionary; designation; requirement","(2) In respect of powers exercised under this Part by a person designated as an inspector under section 62 [emergency inspectors or veterinarians], the chief veterinarian may require a person appointed or retained as an inspector under section 71 [appointment of inspectors] to take one or more actions referred to in subsection (1) of this section on behalf of a person designated under section 62."
"Animal Health Act","Provincial","94","Regulations respecting disease prevention and control","regulation; order_in_council","governor_in_council; council","discretionary","(2) The Lieutenant Governor in Council may make regulations establishing control zones for a purpose described in section 36 (1) [deemed control zones] in respect of a notifiable or reportable disease."
"Assessment Act","Provincial","1","Definitions","assessment","authority","definition; designation","""appraiser"" means a property valuator appointed under the Assessment Authority Act;"
"Assessment Act","Provincial","20.1","Special valuation rules for dams, power plants and substations","order; order_in_council; approval; assessment","governor_in_council; authority; council","discretionary; establishment","(4) For the purposes of this section, subject to the prior approval of the Lieutenant Governor in Council, the assessment authority by order may establish or adopt by reference manuals establishing rates, formulas, rules or principles for the calculation of cost."
"Assessment Act","Provincial","22","Special rules for railway property","regulation; order_in_council","governor_in_council; council","discretionary","22  (1) The Lieutenant Governor in Council may make regulations as follows:"
"Assessment Act","Provincial","22","Special rules for railway property","regulation; order_in_council","governor_in_council; minister; council","discretionary","(3) The Lieutenant Governor in Council may make a regulation under this section only after the minister has consulted with representatives of the Union of British Columbia Municipalities respecting the proposed regulation."
"Assessment Act","Provincial","22","Special rules for railway property","regulation; order_in_council","governor_in_council; council","discretionary","(5) For the 1996 taxation year, the Lieutenant Governor in Council may make a regulation under this section only in relation to taxes under the School Act."
"Assessment Act","Provincial","31","Appointment of property assessment review panels","assessment; review","minister","mandatory; designation","31  (1) The minister must appoint property assessment review panels, each comprised of 3 members, to review and consider"
"Assessment Act","Provincial","31","Appointment of property assessment review panels","designation","minister","mandatory; designation","(2) The minister must appoint and designate one member of each panel as the chair of the panel, after a merit-based process, to hold office for an initial term of 3 to 5 years."
"Assessment Act","Provincial","43","Property assessment appeal board","assessment","board","designation","43  (1) The property assessment appeal board is continued consisting of at least 6 members appointed after a merit-based process as follows:"
"Assessment Act","Provincial","43","Property assessment appeal board","order_in_council; designation","governor_in_council; council","designation","(a) one member appointed and designated by the Lieutenant Governor in Council as the chair;"
"Assessment Act","Provincial","43","Property assessment appeal board","order_in_council; designation","governor_in_council; council","designation","(b) one or more members appointed and designated by the Lieutenant Governor in Council as vice chairs after consultation with the chair;"
"Assessment Act","Provincial","43","Property assessment appeal board","order_in_council","governor_in_council; council","designation","(c) other members appointed by the Lieutenant Governor in Council after consultation with the chair."
"Assessment Act","Provincial","46","General board powers","designation","board","discretionary; designation","(3) The chair may in writing delegate the powers of the board under subsection (2) (a) and (b) to a person designated by the chair."
"Assessment Act","Provincial","66","Assessment authority to provide information to the government","assessment","authority","mandatory","(1) The assessment authority must provide assessment information to the government for purposes of determining tax liability, collecting a tax or, if applicable, requisitioning under the Speculation and Vacancy Tax Act, the Police Act, the School Act and the Taxation (Rural Area) Act, as follows:"
"Assessment Act","Provincial","66","Assessment authority to provide information to the government","assessment","authority","mandatory","(1.1) On request of the government, the assessment authority must provide assessment inventory and valuation information to the government for purposes of determining a school tax refund under section 131.1 of the School Act."
"Assessment Act","Provincial","66","Assessment authority to provide information to the government","assessment","authority","mandatory","(3) Before April 15 in each year, the assessment authority must provide free of charge to regional hospital district boards information setting out the current year net taxable value of all land and improvements in each member municipality, the treaty lands of each treaty first nation and the other rural area, in the district, on both the completed and the revised assessment rolls, for the purpose of requisitioning and raising funds under the Hospital District Act."
"Assessment Act","Provincial","66","Assessment authority to provide information to the government","assessment","authority","mandatory","(4) In the case of the North West Regional Hospital District, in addition to the information provided under subsection (3), the assessment authority must provide free of charge the net taxable value of all land and improvements in Nisg_a'a Lands."
"Assessment Act","Provincial","74","Power to make regulations and bylaws","assessment","authority","requirement","(h) requiring railway corporations, tramway corporations, pipe line corporations, closed circuit television corporations and corporations engaged in the supply, transmission or distribution of gas, water, electricity, telephone services or telegraph services to supply to the assessment authority, by prescribed dates, information respecting the property of the corporation and its operational and other costs required by the assessment authority to determine the actual value of the property;"
"Canada National Marine Conservation Areas Act","Federal","10","Consultation","regulation; policy; protected_area; agreement","minister","mandatory; establishment","10 (1) The Minister shall consult with relevant federal and provincial ministers and agencies, with affected coastal communities, aboriginal organizations, aboriginal governments and bodies established under land claims agreements, and with other persons and bodies that the Minister considers appropriate in the development of marine conservation area policy and regulations, the establishment of any proposed marine conservation area and the modification of any marine conservation area, and any other matters that the Minister considers appropriate."
"Canada National Marine Conservation Areas Act","Federal","10","Progress reports","report","minister","mandatory","(2) At least every two years, the Minister shall cause to be tabled in each House of Parliament a report on the state of marine conservation areas and on progress towards completion of a representative system of marine conservation areas."
"Canada National Marine Conservation Areas Act","Federal","11","Area advisory committees","plan; protected_area; review","minister; committee","mandatory; establishment","11 (1) The Minister shall, for each marine conservation area, establish a management advisory committee to advise the Minister on the formulation, review and implementation of the management plan for the area."
"Canada National Marine Conservation Areas Act","Federal","11","Other advisory committees","policy; protected_area; review","minister","discretionary; establishment","(2) The Minister may establish other advisory committees to review and evaluate any aspect of marine conservation area policy or administration."
"Canada National Marine Conservation Areas Act","Federal","14","Disposal of substances","protected_area; permit","minister","mandatory; authorization","14 (1) No person shall dispose of any substance in waters within a marine conservation area except as authorized by a permit issued by a superintendent pursuant to this Act or, in the case of waters to which subsection 125(1) of the Canadian Environmental Protection Act, 1999 applies, authorized by section 130 of that Act or by a permit issued by the Minister of the Environment pursuant to section 127 or 128 of that Act."
"Canada National Marine Conservation Areas Act","Federal","14","Permits under CEPA, 1999","protected_area; permit","minister","discretionary","(2) No permit may be issued under section 127 or 128 of the Canadian Environmental Protection Act, 1999 for disposal in the waters of a marine conservation area except with the concurrence of the Minister."
"Canada National Marine Conservation Areas Act","Federal","18","Designation of marine conservation area wardens","designation; park; protected_area","minister; agency","discretionary; designation","18 The Minister may designate persons appointed under the Parks Canada Agency Act whose duties include the enforcement of this Act to be marine conservation area wardens"
"Canada National Marine Conservation Areas Act","Federal","19","Designation of enforcement officers","regulation; code; designation","minister; authority","discretionary; designation","19 The Minister may designate persons or classes of persons employed in the public service of Canada or by a provincial, municipal or local authority or an aboriginal government, whose duties include law enforcement, to be enforcement officers for the purpose of the enforcement of specified provisions of this Act or the regulations in specified marine conservation areas, and for that purpose enforcement officers have the powers and are entitled to the protection provided by law to peace officers within the meaning of the Criminal Code."
"Canada National Marine Conservation Areas Act","Federal","19.1","Contraventions Act","regulation; designation","minister; authority","discretionary; designation","19.1 (1) The Minister may designate persons or classes of persons employed in the federal public administration or by a provincial, municipal or local authority or by an aboriginal government for the purpose of the enforcement of this Act or the regulations with respect to offences that have been designated as contraventions under the Contraventions Act."
"Canada National Marine Conservation Areas Act","Federal","19.1","Limitations regarding designations","designation","minister","discretionary; designation","(2) The Minister may specify that a designation is in respect of one or more marine conservation areas or in respect of all or specified offences under this Act that have been designated as contraventions under the Contraventions Act."
"Canada National Marine Conservation Areas Act","Federal","20","Certificate of designation and oath","designation; protected_area; certificate","minister; officer","mandatory; designation","20 (1) Every marine conservation area warden, enforcement officer and person designated under section 19.1 shall be provided with a certificate of designation in a form approved by the Minister and shall take and subscribe an oath prescribed by the Minister."
"Canada National Marine Conservation Areas Act","Federal","23","Perishable things","protected_area","officer","mandatory; discretionary","(3) Where a seized thing is perishable, the marine conservation area warden or enforcement officer may dispose of it or destroy it, and any proceeds of its disposition shall be paid to the lawful owner or person lawfully entitled to possession of the thing, unless proceedings under this Act are commenced within 90 days after its seizure, or shall be retained by the warden or officer pending the outcome of those proceedings."
"Canada National Marine Conservation Areas Act","Federal","27","Orders of court","protected_area","minister","establishment","(e) directing the person to carry out, in the manner established by the Minister, monitoring of the environmental effects of any activity or undertaking on the resources of a marine conservation area or directing the person to pay, in the manner specified by the court, an amount for that purpose;"
"Canada National Marine Conservation Areas Act","Federal","5","Establishment or enlargement","order; order_in_council; protected_area","governor_in_council; council","discretionary","5 (1) Subject to section 7, for the purpose of establishing or enlarging a marine conservation area, consisting of submerged lands and waters within the internal waters, territorial sea or exclusive economic zone of Canada and any coastal lands or islands within Canada, the Governor in Council may, by order, amend Schedule 1 by adding the name and a description of the area or by altering the description of the area."
"Canada National Marine Conservation Areas Act","Federal","5","Judicial finding as to title","order; order_in_council; protected_area","governor_in_council; council","discretionary","(3) If a court of competent jurisdiction finds that Her Majesty in right of Canada does not have clear title to or an unencumbered right of ownership in lands within a marine conservation area, the Governor in Council may, by order, amend Schedule 1 by removing the name and description of the area or by altering the description of the area."
"Canada National Marine Conservation Areas Act","Federal","5","No reduction of area","order_in_council; protected_area","governor_in_council; council","discretionary","(4) Except as provided by subsection (3), no amendment may be made by the Governor in Council to Schedule 1 for the purpose of removing any portion of a marine conservation area."
"Canada National Marine Conservation Areas Act","Federal","6","Establishment or enlargement of reserves","order; order_in_council; reserve","governor_in_council; council","discretionary","6 (1) Subject to section 7, for the purpose of establishing or enlarging a reserve, consisting of submerged lands and waters within the internal waters or territorial sea of Canada and any coastal lands or islands within Canada, the Governor in Council may, by order, amend Schedule 2 by adding the name and a description of the reserve or by altering the description of the reserve."
"Canada National Marine Conservation Areas Act","Federal","6","Judicial finding as to title","order; order_in_council; reserve","governor_in_council; council","discretionary","(3) If a court of competent jurisdiction finds that Her Majesty in right of Canada does not have clear title to or an unencumbered right of ownership in lands within a reserve, the Governor in Council may, by order, amend Schedule 2 by removing the name and description of the reserve or by altering the description of the reserve."
"Canada National Marine Conservation Areas Act","Federal","7","Amendment to be tabled in Parliament","designation","committee","discretionary; designation","and an amendment so laid stands referred to the standing committee of each House that normally considers matters relating to marine conservation areas or to such other committee as that House may designate for the purposes of this section."
"Canada National Marine Conservation Areas Act","Federal","9","Management plans","plan; protected_area; agreement","minister","mandatory; definition; establishment","9 (1) The Minister shall, within five years after a marine conservation area is established, in consultation with relevant federal and provincial ministers and agencies, with affected coastal communities, aboriginal organizations, aboriginal governments and bodies established under land claims agreements, and with other persons and bodies that the Minister considers appropriate, prepare a management plan for the marine conservation area that includes a long-term ecological vision for the marine conservation area and provision for ecosystem protection, human use, zoning, public awareness and performance evaluation, which shall be tabled in each House of Parliament."
"Canada National Marine Conservation Areas Act","Federal","9","Review of management plans by Minister","plan; protected_area; review","minister","mandatory","(2) The Minister shall review the management plan for each marine conservation area at least every 10 years and shall cause any amendments to the plan to be tabled in each House of Parliament."
"Canada National Parks Act","Federal","11","Management plans","plan; park","minister","mandatory; establishment","11 (1) The Minister shall, within five years after a park is established, prepare a management plan for the park containing a long-term ecological vision for the park, a set of ecological integrity objectives and indicators and provisions for resource protection and restoration, zoning, visitor use, public awareness and performance evaluation, which shall be tabled in each House of Parliament."
"Canada National Parks Act","Federal","12","Public consultation","regulation; plan; policy; park; agreement","minister","mandatory; establishment","12 (1) The Minister shall, where applicable, provide opportunities for public participation at the national, regional and local levels, including participation by aboriginal organizations, bodies established under land claims agreements and representatives of park communities, in the development of parks policy and regulations, the establishment of parks, the formulation of management plans, land use planning and development in relation to park communities and any other matters that the Minister considers relevant."
"Canada National Parks Act","Federal","14","Wilderness areas","regulation; order_in_council; park","governor_in_council; council","discretionary","14 (1) The Governor in Council may, by regulation, declare any area of a park that exists in a natural state or that is capable of returning to a natural state to be a wilderness area."
"Canada National Parks Act","Federal","14","Time limit for declaration","order_in_council; plan; park","governor_in_council; minister; council","mandatory","(4) Where a new or amended management plan sets out an area of a park for declaration as a wilderness area, the Minister shall recommend such declaration to the Governor in Council within one year after the plan or amendment is tabled under section 11."
"Canada National Parks Act","Federal","18","Designation of park wardens","regulation; code; designation; park","minister; agency","discretionary; designation","18 The Minister may designate persons appointed under the Parks Canada Agency Act, whose duties include the enforcement of this Act, to be park wardens for the enforcement of this Act and the regulations in any part of Canada and for the preservation and maintenance of the public peace in parks, and for those purposes park wardens are peace officers within the meaning of the Criminal Code."
"Canada National Parks Act","Federal","19","Designation of enforcement officers","regulation; code; designation; park","minister; authority","discretionary; designation","19 The Minister may designate persons or classes of persons employed in the federal public administration or by a provincial, municipal or local authority or an aboriginal government, whose duties include law enforcement, to be enforcement officers for the purpose of the enforcement of specified provisions of this Act or the regulations in relation to specified parks, and for that purpose enforcement officers have the powers and are entitled to the protection provided by law to peace officers within the meaning of the Criminal Code."
"Canada National Parks Act","Federal","19.1","Contraventions Act","regulation; designation","minister; authority","discretionary; designation","19.1 (1) The Minister may designate persons or classes of persons employed in the federal public administration or by a provincial, municipal or local authority or by an aboriginal government for the purpose of the enforcement of this Act or the regulations with respect to offences that have been designated as contraventions under the Contraventions Act."
"Canada National Parks Act","Federal","30","Orders of court","park","minister","establishment","(f) directing the person to carry out, in the manner established by the Minister, monitoring of the environmental effects of any activity or undertaking on park resources or directing the person to pay, in the manner specified by the court, an amount for that purpose;"
"Canada National Parks Act","Federal","33","Contents of community plan","guideline; park","minister","establishment","(b) accord with any guidelines established by the Minister for appropriate activities within the park community;"
"Canada National Parks Act","Federal","33","Amendment of Schedule 4","order; order_in_council; park","governor_in_council; council","discretionary","(4) Subject to section 34, the Governor in Council may, by order, add the description of a park community, the description of its commercial zones and a measure of their maximum floor area referred to in subsection (3) to columns 2, 3 and 4, respectively, of Schedule 4, opposite the name of the community set out in column 1 of that Schedule, but any description or measure so added is not subject to amendment by the Governor in Council."
"Canada National Parks Act","Federal","35","Banff local government","order_in_council; park; agreement","governor_in_council; minister; council","discretionary; authorization","35 The Governor in Council, having authorized the Minister to enter into the Town of Banff Incorporation Agreement dated December 12, 1989, being an agreement for the establishment of a local government body for the town of Banff in Banff National Park of Canada, and to entrust to that body the local government functions specified in the Agreement, may authorize the Minister to further amend the Agreement."
"Canada National Parks Act","Federal","37","Hunting, trapping and fishing permits","regulation; park; permit","board","mandatory","(2) Notwithstanding any regulations made under section 17, permits for hunting, trapping and fishing by members of the Cree Band of Fort Chipewyan in the traditional hunting grounds of Wood Buffalo National Park of Canada shall be issued in accordance with regulations of the Wildlife Advisory Board."
"Canada National Parks Act","Federal","41","Agreement re Gwaii Haanas","order_in_council; reserve; park; agreement","governor_in_council; minister; council","discretionary; authorization","41 (1) The Governor in Council may authorize the Minister to enter into an agreement with the Council of the Haida Nation respecting the management and operation of Gwaii Haanas National Park Reserve of Canada."
"Canada National Parks Act","Federal","41","Resource harvesting and cultural activities","regulation; order_in_council; reserve; park; agreement","governor_in_council; council","discretionary","(2) For the purpose of implementing an agreement referred to in subsection (1), the Governor in Council may make regulations, applicable in the Gwaii Haanas National Park Reserve of Canada, respecting the continuance of traditional renewable resource harvesting activities and Haida cultural activities by people of the Haida Nation to whom subsection 35(1) of the Constitution Act, 1982 applies."
"Canada National Parks Act","Federal","41.1","Land use permits","regulation; designation; reserve; park; permit; authorization","minister; board; agency; officer; inspector","discretionary; designation","(3) The Minister may issue, amend, renew, suspend, cancel, and approve the assignment of, permits and authorizations for the use of lands in the expansion area for the purposes of the mining access roads referred to in subsection (2) and, in relation to such permits and authorizations, subsection 31(3) and sections 59, 62, 71 and 85 to 87 of the Mackenzie Valley Resource Management Act and the regulations made under that Act - other than any regulations respecting time limits and public hearings - apply, with any adaptations that may be necessary, as if the references in those provisions to the federal Minister or a board were references to the Minister responsible for the Parks Canada Agency and the references in those provisions to an inspector were references to the superintendent of the Park Reserve, a park warden or an enforcement officer designated for the purposes of this subsection."
"Canada National Parks Act","Federal","41.1","Water licences","regulation; designation; reserve; park; licence","minister; board; agency; officer; inspector","discretionary; designation","(4) The Minister may issue, amend, renew, suspend or cancel - or approve the assignment of - licences for the use of waters in the expansion area for the purposes of the mining access roads referred to in subsection (2) and, in relation to those licences, subsections 31(3) and 72.03(1), (5) and (6), sections 72.04, 72.1, 72.11, 72.12 and 72.14, subsections 85(1) and (2) and sections 85.1 to 85.3, 86.1 to 87, 89 and 93.2 of the Mackenzie Valley Resource Management Act and the regulations made under that Act apply, with any adaptations that may be necessary, as if the references in those provisions to the federal Minister or a board were references to the Minister responsible for the Parks Canada Agency and the references in those provisions to an inspector were references to the superintendent of the Park Reserve, a park warden or an enforcement officer designated for the purposes of this subsection."
"Canada National Parks Act","Federal","41.3","Canada-Nova Scotia Offshore Energy Regulator","order; reserve; park","board; authority","authorization","41.3 Nothing in this Act prevents any activity in Sable Island National Park Reserve of Canada that is authorized by the Canada-Nova Scotia Offshore Energy Regulator under the Canada-Nova Scotia Offshore Petroleum Resources Accord Implementation and Offshore Renewable Energy Management Act, and no authority under this Act is necessary in order to carry on any activity there that is authorized by that Board under that Act."
"Canada National Parks Act","Federal","41.4","Powers of Minister - Naats'ihch'oh National Park Reserve of Canada","reserve; park; licence","minister","discretionary","41.4 (1) The Minister may enter into leases or licences of occupation of, and easements over, public lands in Naats'ihch'oh National Park Reserve of Canada for the purposes of"
"Canada National Parks Act","Federal","41.4","Land use permits","regulation; designation; reserve; park; permit; authorization","minister; board; agency; officer; inspector","discretionary; designation","(2) The Minister may issue, amend, renew, suspend or cancel - or approve the assignment of - permits and authorizations for the use of public lands in Naats'ihch'oh National Park Reserve of Canada for the purposes of the mining access roads referred to in subsection (1) and, in relation to those permits and authorizations, subsection 31(3) and sections 59, 62, 71 and 85 to 87 of the Mackenzie Valley Resource Management Act and the regulations made under that Act - other than any regulations respecting time limits and public hearings - apply, with any adaptations that may be necessary, as if the references in those provisions to the federal Minister or a board were references to the Minister responsible for the Parks Canada Agency and the references in those provisions to an inspector were references to the superintendent of Naats'ihch'oh National Park Reserve of Canada, a park warden or an enforcement officer designated for the purposes of this subsection."
"Canada National Parks Act","Federal","41.4","Water licences","regulation; designation; reserve; park; licence","minister; board; agency; officer; inspector","discretionary; designation","(3) The Minister may issue, amend, renew, suspend or cancel - or approve the assignment of - licences for the use of waters in Naats'ihch'oh National Park Reserve of Canada for the purposes of the mining access roads referred to in subsection (1) and, in relation to those licences, subsections 31(3) and 72.03(1), (5) and (6), sections 72.04, 72.1, 72.11, 72.12 and 72.14, subsections 85(1) and (2) and sections 85.1 to 85.3, 86.1 to 87, 89 and 93.2 of the Mackenzie Valley Resource Management Act and the regulations made under that Act apply, with any adaptations that may be necessary, as if the references in those provisions to the federal Minister or a board were references to the Minister responsible for the Parks Canada Agency and the references in those provisions to an inspector were references to the superintendent of Naats'ihch'oh National Park Reserve of Canada, a park warden or an enforcement officer designated for the purposes of this subsection."
"Canada National Parks Act","Federal","41.5","Fuel caches","designation; reserve; park","minister","discretionary; designation","(10) A person may store fuel at a location in public lands in Thaidene Nene National Park Reserve of Canada that is designated by the Minister as a fuel cache."
"Canada National Parks Act","Federal","5","Judicial finding as to title","order; order_in_council; park","governor_in_council; council","discretionary","(2) If a court of competent jurisdiction finds that Her Majesty in right of Canada does not have clear title to or an unencumbered right of ownership in lands within a park, the Governor in Council may, by order, amend Schedule 1 by removing the name and description of the park or by altering that description."
"Canada National Parks Act","Federal","5","Gulf Islands National Park Reserve of Canada","reserve; park; agreement","minister; agency","discretionary; definition","In this description, ""Annex C of the Memorandum of Agreement"" means Annex C of the Memorandum of Agreement between Her Majesty the Queen in right of Canada as represented by the Minister of Canadian Heritage for the purposes of the Parks Canada Agency and Her Majesty the Queen in right of British Columbia as represented by the Minister of Sustainable Resource Management and the Minister of Water, Land and Air Protection respecting the establishment of a National Park Reserve of Canada in the Gulf Islands of British Columbia, dated May 9, 2003, which Annex C is posted on the Parks Canada Agency Internet site for Gulf Islands National Park Reserve of Canada and is available for consultation in the office of the superintendent of the Park Reserve."
"Canada National Parks Act","Federal","6","Reserves for parks","order; order_in_council; reserve; park","governor_in_council; council","discretionary","6 (1) Subject to section 7, the Governor in Council may, by order, for the purpose of establishing or enlarging a park reserve, amend Schedule 2 by adding the name and a description of the reserve, or by altering the description of the reserve, if the Governor in Council is satisfied that the government of the province in which the lands to be included in the reserve are situated has agreed to their use for that purpose."
"Canada National Parks Act","Federal","6","Judicial finding as to title","order; order_in_council; reserve; park","governor_in_council; council","discretionary","(3) If a court of competent jurisdiction finds that Her Majesty in right of Canada does not have clear title to or an unencumbered right of ownership in lands within a park reserve, the Governor in Council may, by order, amend Schedule 2 by removing the name and description of the reserve or by altering that description."
"Canada National Parks Act","Federal","6","No reduction of reserve area","order_in_council; reserve; park","governor_in_council; council","discretionary","(4) Except as provided by subsections (2) and (3), no amendment may be made by the Governor in Council to Schedule 2 for the purpose of removing any portion of a park reserve."
"Canada National Parks Act","Federal","7","Amendment to be tabled and referred","designation; reserve; park; agreement; report","committee","mandatory; discretionary; definition; designation","7 (1) Before an amendment is made to Schedule 1 or 2 for a purpose referred to in subsection 5(1) or 6(1), respectively, the proposed amendment shall be tabled in each House of Parliament, together with a report on the proposed park or park reserve that includes information on consultations undertaken and any agreements reached with respect to its establishment, and an amendment so tabled stands referred to the standing committee of each House that normally considers matters relating to parks or to any other committee that that House may designate for the purposes of this section."
"Canada National Parks Act","Federal","8","Ecological integrity","park","minister","mandatory","(2) Maintenance or restoration of ecological integrity, through the protection of natural resources and natural processes, shall be the first priority of the Minister when considering all aspects of the management of parks."
"Canada National Parks Act","Federal","9","Park communities","plan; park; agreement","minister; committee","discretionary; prohibited","9 Powers in relation to land use planning and development in park communities may not be exercised by a local government body, except as provided in the agreement referred to in section 35 and the Agreement for the Establishment of Local Government in the Town of Jasper between Her Majesty the Queen in right of Canada and the Municipality of Jasper, signed by the Minister and the Chairperson of the Jasper Town Committee on June 13 and 25, 2001, respectively, as amended from time to time."
"Canada Oil And Gas Operations Act","Federal","14","Spill-treating agents","regulation","minister","mandatory","(3) Regulations made under subsection (1) respecting a spill-treating agent shall be made on the recommendation of the federal Ministers and the Minister of the Environment."
"Canada Oil And Gas Operations Act","Federal","14.2","List of spill-treating agents","regulation","minister","discretionary; establishment","14.2 The Minister of the Environment may, by regulation, establish a list of spill-treating agents."
"Canada Oil And Gas Operations Act","Federal","17","Production orders","order","chief; officer","discretionary","17 (1) Where the Chief Conservation Officer, on reasonable grounds, is of the opinion that, with respect to an interest in any area to which this Act applies, the capability exists to commence, continue or increase production of oil or gas and that a production order would stop waste, the Chief Conservation Officer may order the commencement, continuation or increase of production of oil or gas at such rates and in such quantities as are specified in the order."
"Canada Oil And Gas Operations Act","Federal","17","Access to files and records","order; designation","chief; officer","mandatory; designation","(4) A person subject to an order under subsection (1) or (2) shall, on request, afford the Chief Conservation Officer or a person designated by the Chief Conservation Officer access to his premises, files and records for all reasonable purposes related to the order."
"Canada Oil And Gas Operations Act","Federal","19","Investigation","order","chief; officer","mandatory","(2) Before making any order under subsection (1), the Chief Conservation Officer shall hold an investigation at which interested persons shall be given an opportunity to be heard."
"Canada Oil And Gas Operations Act","Federal","19","Peremptory order","order","chief; officer","mandatory; discretionary","(3) Notwithstanding subsection (2), the Chief Conservation Officer may, without an investigation, make an order under this section requiring all operations to be shut down if in the opinion of the Chief Conservation Officer it is necessary to do so to prevent damage to persons or property or to protect the environment, but as soon as possible after making such an order and in any event within fifteen days thereafter, the Chief Conservation Officer shall hold an investigation at which interested persons shall be given an opportunity to be heard."
"Canada Oil And Gas Operations Act","Federal","2","Definitions","designation","chief; officer","definition; designation","Chief Conservation Officer means the person designated as the Chief Conservation Officer under section 3.1; (delegue a l'exploitation)"
"Canada Oil And Gas Operations Act","Federal","25","Duty to report spills","regulation; report","chief; officer","mandatory","(2) Where a spill occurs in any area to which this Act applies, any person who at the time of the spill is carrying on any work or activity related to the exploration for or development or production of oil or gas in the area of the spill shall, in the manner prescribed by the regulations, report the spill to the Chief Conservation Officer."
"Canada Oil And Gas Operations Act","Federal","28","Mandatory inquiry","regulation","minister; board","mandatory","(1.1) Where a spill or debris or an accident or incident related to any activity to which this Act applies occurs or is found in any area to which this Act applies and is serious, as defined by regulation, the Minister shall direct that an inquiry referred to in subsection (1) be made, subject to the Canadian Transportation Accident Investigation and Safety Board Act, and shall ensure that the person who conducts the inquiry is not employed in a part of the federal public administration for which the Minister is responsible."
"Canada Oil And Gas Operations Act","Federal","29","Definitions","regulation","agency","definition","regulator means a provincial government, a provincial regulatory agency or a federal-provincial regulatory agency that has administrative responsibility for the exploration for and exploitation of oil and gas in an area adjoining the perimeter; (organisme de reglementation)"
"Canada Oil And Gas Operations Act","Federal","3.1","Designation","designation","chief; officer","discretionary; designation","3.1 The Chief Executive Officer of the Canadian Energy Regulator may, for the purposes of this Act, designate an employee of the Canadian Energy Regulator to be the Chief Safety Officer and the same or another employee of that Regulator to be the Chief Conservation Officer."
"Canada Oil And Gas Operations Act","Federal","30","Voluntary pooling","agreement","chief; officer","discretionary","30 (1) Where one or more working interest owners have leases or separately owned working interests within a spacing unit, the working interest owners and the royalty owners who own all of the interests in the spacing unit may pool their working interests and royalty interests in the spacing unit for the purpose of drilling for or producing, or both drilling for and producing, oil and gas if a copy of the pooling agreement and any amendment thereto has been filed with the Chief Conservation Officer."
"Canada Oil And Gas Operations Act","Federal","37","Unit operation","agreement","chief; officer","discretionary","37 (1) Any one or more working interest owners in a pool or part of a pool exceeding in area a spacing unit, together with the royalty owners, may enter into a unit agreement and operate their interests pursuant to the terms of the unit agreement or any amendment thereto if a copy of the agreement and any amendment has been filed with the Chief Conservation Officer."
"Canada Oil And Gas Operations Act","Federal","38","Requiring unitization to prevent waste","order; agreement","chief; committee; officer","discretionary","38 (1) Notwithstanding anything in this Act, where, in the opinion of the Chief Conservation Officer, the unit operation of a pool or part thereof would prevent waste, he may apply to the Committee for an order requiring the working interest owners in the pool or part thereof to enter into a unit agreement and a unit operating agreement in respect of the pool or part thereof, as the case may be."
"Canada Oil And Gas Operations Act","Federal","38","Cessation of operations","order; agreement","chief; committee; officer","mandatory","(4) If in the time specified in the order referred to in subsection (3), being not less than six months after the date of the making of the order, the working interest owners and royalty owners fail to enter into a unit agreement and a unit operating agreement approved by the Committee, all drilling and producing operations within the pool or part thereof in respect of which the order was made shall cease until such time as a unit agreement and a unit operating agreement have been approved by the Committee and filed with the Chief Conservation Officer."
"Canada Oil And Gas Operations Act","Federal","48.08","Order to enter into agreements","order; agreement","minister","mandatory; requirement","48.08 If a straddling resource is required to be exploited as a single pool or field under section 48.06 and the working interest owners have not entered into a unit agreement and a unit operating agreement, the Minister shall order the working interest owners in the portion of the pool or field that is in the Minister's jurisdiction to do so."
"Canada Oil And Gas Operations Act","Federal","48.09","Approval of agreements","agreement; approval","minister","discretionary","48.09 (1) A unit agreement and a unit operating agreement are subject to the approval of the Minister and the Government of the Northwest Territories. They are to be approved only if all royalty owners and working interest owners referred to in subsection 48.07(1) or all working interest owners referred to in subsection 48.07(2), as the case may be, are parties to the agreement."
"Canada Oil And Gas Operations Act","Federal","48.091","Referral to independent expert","order; agreement","minister","discretionary","48.091 If the royalty owners and the working interest owners in respect of a straddling resource do not enter into a unit agreement - and, in the case of the working interest owners, a unit operating agreement - within 90 days after the day on which the Minister orders the working interest owners to enter into those agreements under section 48.08, the Minister or the Government of the Northwest Territories may notify the other of their intention to refer the matter to an independent expert for a decision in accordance with section 48.095."
"Canada Oil And Gas Operations Act","Federal","48.094","No agreement - royalty owners and working interest owners","agreement","minister","discretionary","48.094 If the royalty owners and the working interest owners in respect of a straddling resource do not enter into an agreement in respect of the redetermination under section 48.093 within 90 days after the day on which the request is made, the Minister or the Government of the Northwest Territories may notify the other of their intention to refer the matter to an independent expert for a decision in accordance with section 48.095."
"Canada Oil And Gas Operations Act","Federal","48.096","Regulations - Inuvialuit lands","regulation; order_in_council; agreement","governor_in_council; council","discretionary","48.096 The Governor in Council may, if the Inuvialuit Regional Corporation agrees in writing under subsection 3.3(b) of the Agreement to be bound by a provision of Article 5 of the Agreement, make regulations adapting the definitions Agreement, Inuvialuit Settlement Region and straddling resource in section 2 and sections 48.01 to 48.095 accordingly."
"Canada Oil And Gas Operations Act","Federal","48.14","Delineation","notice","commission","mandatory","48.14 (1) If, after receiving a notice under section 48.12 or 48.13, the Commission of the Canadian Energy Regulator and the regulator in question agree that a pool exists, the Commission and that regulator shall jointly determine whether that pool is transboundary and, if so, they shall jointly delineate its boundaries."
"Canada Oil And Gas Operations Act","Federal","48.24","Conclusion of hearing","order","minister","mandatory; discretionary","(4) On the conclusion of the hearing, the expert may request that the Minister order the amendment of the unitization order in accordance with the amendment proposed and to include in the order any variations to it that the expert determines are necessary to allow for the more efficient or more economical production of oil or gas from the unitized zone. If the expert makes such a request, the expert shall also request that the appropriate regulator order the amendment of its equivalent order in the same way."
"Canada Oil And Gas Operations Act","Federal","48.27","Appointment - expert panel","agreement","chief","mandatory; designation","(3) If the parties do not agree on the appointment of a single expert, they shall, within 30 days after the day on which the period to jointly appoint an expert under subsection (2) ends, each appoint one expert to a panel and those experts shall, in turn, jointly appoint an additional expert as chairperson. If there is no agreement on the appointment of a chairperson within 30 days after the day of the last appointment, the chairperson shall be appointed by the Chief Justice of the Federal Court within 30 days after the period for appointing a chairperson ends. Once the chairperson is appointed, the expert panel shall be seized of the matter."
"Canada Oil And Gas Operations Act","Federal","5.001","Impact assessment","designation; authorization; assessment","minister","mandatory; designation; requirement","(3) If the application for an authorization is in respect of a designated project, as defined in section 2 of the Impact Assessment Act, for which an impact assessment is required under that Act, the Minister of the Environment must issue the decision statement referred to in section 65 of that Act in respect of the designated project."
"Canada Oil And Gas Operations Act","Federal","5.012","Effects on navigation","authorization","commission","mandatory","5.012 In addition to any other factor that it considers appropriate, the Commission of the Canadian Energy Regulator shall take into account the effects that its decision might have on navigation, including safety of navigation, when deciding whether to issue an authorization under paragraph 5(1)(b) in respect of a pipeline that passes in, on, over, under, through or across a navigable water."
"Canada Oil And Gas Operations Act","Federal","5.014","Regulations","regulation; order_in_council; authorization","governor_in_council; minister; council","discretionary","5.014 (1) The Governor in Council may, for purposes related to navigation, on the joint recommendation of the Minister of Northern Affairs and the Minister of Transport, make regulations respecting sections or parts of pipelines that pass in, on, over, under, through or across any navigable water in any area in respect of which the Minister of Northern Affairs has administrative responsibility for natural resources, including regulations respecting the design, construction, operation and abandonment of those pipelines and the issuance of authorizations under paragraph 5(1)(b) in respect of their construction or operation."
"Canada Oil And Gas Operations Act","Federal","5.014","Regulations","regulation; order_in_council; authorization","governor_in_council; minister; council","discretionary","(2) The Governor in Council may, for purposes related to navigation, on the joint recommendation of the Minister of Natural Resources and the Minister of Transport, make regulations respecting sections or parts of pipelines that pass in, on, over, under, through or across any navigable waters in any area in respect of which the Minister of Natural Resources has administrative responsibility for natural resources, including regulations respecting the design, construction, operation and abandonment of those pipelines and the issuance of authorizations under paragraph 5(1)(b) in respect of their construction or operation."
"Canada Oil And Gas Operations Act","Federal","5.021","Net environmental benefit","permit; authorization","commission","mandatory; prohibited","5.021 The Commission of the Canadian Energy Regulator must not permit the use of a spill-treating agent in an authorization issued under paragraph 5(1)(b) unless that Commission determines, taking into account any prescribed factors and any factors the Regulator considers appropriate, that the use of the spill-treating agent is likely to achieve a net environmental benefit."
"Canada Oil And Gas Operations Act","Federal","5.1","No consent","order_in_council; plan","governor_in_council; minister; council","discretionary","(6.2) If the Governor in Council and the Executive Council of the Northwest Territories do not consent in relation to Part I of the plan, the Minister or the Government of the Northwest Territories may notify the other of their intention to refer the matter to an independent expert for a decision in accordance with section 48.095."
"Canada Oil And Gas Operations Act","Federal","5.31","Jurisdiction","regulation; order; licence; authorization","commission","requirement","(a) if it appears to the Commission of the Canadian Energy Regulator that any person failed to do any act, matter or thing required to be done by this Act, any regulation, order or direction made under this Act, or an operating licence or authorization issued under section 5, or that any person has done or is doing any act, matter or thing contrary to or in contravention of this Act, any regulation, order or direction made under this Act, or an operating licence or authorization issued under section 5; or"
"Canada Oil And Gas Operations Act","Federal","5.31","Jurisdiction","regulation; order; licence; authorization; approval","commission","discretionary; prohibited; authorization; requirement","(b) if it appears to the Commission of the Canadian Energy Regulator that the circumstances may require the Commission, in the public interest, to make any order or give any direction, leave, sanction or approval that by law it is authorized to make or give, or with respect to any act, matter or thing that is prohibited, sanctioned or required to be done by this Act, any regulation, order or direction made under this Act, or an operating licence or authorization issued under section 5."
"Canada Oil And Gas Operations Act","Federal","55","Certificate","designation; certificate","chief; officer","mandatory","55 The Chief Executive Officer of the Canadian Energy Regulator must provide every safety officer and conservation officer and the Chief Safety Officer and the Chief Conservation Officer with a certificate of appointment or designation and, on entering any place under this Act, the officer must, upon request, produce the certificate to the person in charge of the place."
"Canada Oil And Gas Operations Act","Federal","56","Assistance to officers","regulation","chief; officer","mandatory; discretionary","56 The owner, the person in charge of any place referred to in subsection 54(1) and every person found in the place shall give a safety officer, the Chief Safety Officer, a conservation officer or the Chief Conservation Officer, as the case may be, all reasonable assistance to enable the officer to carry out duties and functions under this Act or the regulations."
"Canada Oil And Gas Operations Act","Federal","58","Power of officers","regulation; order","chief; officer","discretionary","58 (1) A safety officer, the Chief Safety Officer, a conservation officer or the Chief Conservation Officer may order that an operation or activity in any area to which this Act applies cease or be continued only in accordance with the terms of the order if the officer, on reasonable grounds, is of the opinion that its continuation could result in harm to a person, damage to the environment or property or a breach of security, or is not in compliance with this Act or the regulations, and"
"Canada Oil And Gas Operations Act","Federal","58","Expiry of order","order","chief; officer","discretionary","(3) An order made by a safety officer or a conservation officer under subsection (1) expires 72 hours after it is made unless it is confirmed before that time by order of the Chief Safety Officer or the Chief Conservation Officer, as the case may be."
"Canada Oil And Gas Operations Act","Federal","58","Modification or revocation","order","chief; officer","mandatory; discretionary","(4) A safety officer or a conservation officer who makes an order under subsection (1) shall immediately so advise the Chief Safety Officer or the Chief Conservation Officer, as the case may be, and that Chief Officer may modify or revoke the order."
"Canada Oil And Gas Operations Act","Federal","58","Referral for review","order; notice; review","chief; commission; officer","mandatory; discretionary","(5) A person carrying out an operation to which an order made under subsection (1) refers, or any person having a pecuniary interest in that operation, may, by notice in writing, request the Chief Safety Officer or the Chief Conservation Officer, as the case may be, to refer the order to the Commission of the Canadian Energy Regulator for a review of the need for the order under section 386 of the Canadian Energy Regulator Act and, on receiving the notice, that Chief Officer must refer the order accordingly."
"Canada Oil And Gas Operations Act","Federal","6","Appointment of members and chairman","order_in_council; designation","governor_in_council; council; committee","mandatory; discretionary; designation","(3) The members of the Committee shall be appointed by the Governor in Council to hold office for a term of three years, and one member shall be designated as chairman for such term as may be fixed by the Governor in Council."
"Canada Oil And Gas Operations Act","Federal","7","Qualification of members","order_in_council","governor_in_council; council; committee","mandatory; designation","7 (1) The Governor in Council shall appoint as members of the Committee at least two persons who appear to the Governor in Council to have specialized, expert or technical knowledge of oil and gas."
"Canada Shipping Act, 2001","Federal","10","General","regulation; order; agreement","authority; council","authorization","(c) enter into agreements or arrangements respecting the administration or enforcement of any provision of this Act, the regulations or an interim order made under subsection 10.1(1) or (1.1) and authorize any person or organization - including a provincial government, a local authority and a government, council or other entity authorized to act on behalf of an Indigenous group - with whom or which an agreement or arrangement is entered into to exercise the powers or perform the duties and functions under this Act that are specified in the agreement or arrangement."
"Canada Shipping Act, 2001","Federal","10","Exemption power of Ministers","regulation; order","minister","discretionary; authorization","(2) The Minister of Transport or the Minister of Fisheries and Oceans may, with respect to that Minister's responsibilities under this Act, exempt for a specified period any authorized representative, person, class of persons, master, vessel, class of vessels, operator of an oil handling facility, oil handling facility or class of oil handling facilities, operator of a hazardous and noxious substances handling facility, hazardous and noxious substances handling facility or class of hazardous and noxious substances handling facilities from the application of any provision of this Act, the regulations or an interim order made under subsection 10.1(1) or (1.1), subject to any conditions that that Minister considers appropriate, if that Minister is of the opinion that the exemption is in the interest of preventing damage to property or the environment or is in the public interest or interest of public health or safety."
"Canada Shipping Act, 2001","Federal","126","Powers of officers","regulation; bylaw","officer","discretionary","(3) Subject to any regulations made under section 136, to any other Act of Parliament governing ports or harbours and to the regulations or by-laws made under such an Act, for the purpose of promoting safe and efficient navigation or environmental protection, a marine communications and traffic services officer may, with respect to any vessel of a prescribed class that is about to enter or is within a VTS Zone,"
"Canada Shipping Act, 2001","Federal","129","Obligation to report damage","report","officer","mandatory","129 (1) If a vessel, or anything towed by a vessel, runs down, moves, damages or destroys an aid to navigation in Canadian waters, the person in charge of the vessel shall, without delay, make a report to a marine communications and traffic services officer or, if that is not feasible, to an officer of the Canadian Coast Guard."
"Canada Shipping Act, 2001","Federal","129","Obligation to report - navigation hazard","report","officer","mandatory","(2) A person in charge of a vessel in Canadian waters who discovers an uncharted hazard to navigation, or discovers that an aid to navigation is missing, out of position or malfunctioning, shall make a report without delay to a marine communications and traffic services officer or, if that is not feasible, to an officer of the Canadian Coast Guard."
"Canada Shipping Act, 2001","Federal","138","Defence available in certain cases","regulation","board","discretionary","(3) No vessel or person on board a vessel may be convicted of contravening subsection 126(1) (entering, leaving or proceeding within a VTS Zone) or a provision of the regulations made under paragraph 136(1)(b) if they had reasonable grounds to believe that compliance with that provision would have imperilled life, the vessel, another vessel or any property."
"Canada Shipping Act, 2001","Federal","16.1","Time and place for review","review","minister","mandatory; designation","(2) On receipt of a request filed under subsection (1), the Tribunal must appoint a time and place for the review and must notify the Minister of Transport and the applicant of the time and place in writing."
"Canada Shipping Act, 2001","Federal","167","Exemption","standard","minister","discretionary","(3) The Minister may exempt, subject to any conditions that the Minister considers appropriate, for a specified period any vessel, or class of vessels, that is en route through waters referred to in subsection 166(1), from the application of any provision of this Part if the Minister is of the opinion that the vessel or class of vessels is subject to a provision of the laws of another state that provides for standards that are equivalent to or stricter than the standards provided for in the provision of this Part."
"Canada Shipping Act, 2001","Federal","167.1","Oil Handling Facilities and Hazardous and Noxious Substances Handling Facilities","regulation","minister","mandatory; establishment; requirement","167.1 Subject to the regulations, a person who proposes to operate an oil handling facility or a hazardous and noxious substances handling facility of a class established by the regulations must, within the prescribed time, notify the Minister of the proposed operations relating to the loading or unloading of oil or hazardous and noxious substances to or from vessels and must submit to the Minister any information or documents required by the regulations and, within the time specified by the Minister, any information or documents requested by the Minister."
"Canada Shipping Act, 2001","Federal","167.2","Oil Handling Facilities and Hazardous and Noxious Substances Handling Facilities","regulation","minister","mandatory; establishment","167.2 (1) Subject to the regulations, a person who proposes to operate an oil handling facility or a hazardous and noxious substances handling facility of a class established by the regulations must, at least 90 days before the day on which the facility's operations relating to the loading or unloading of oil or hazardous and noxious substances to or from vessels will begin - or within any other time specified by the Minister - submit to the Minister"
"Canada Shipping Act, 2001","Federal","167.31","Oil Handling Facilities and Hazardous and Noxious Substances Handling Facilities","regulation","minister","mandatory; establishment; requirement","167.31 Subject to the regulations, the operator of a hazardous and noxious substances handling facility of a class established by the regulations must notify the Minister of the facility's operations relating to the loading or unloading of hazardous and noxious substances to or from vessels within 90 days after the day on which this section comes into force and must submit to the Minister any information or documents required by the regulations and, within the time specified by the Minister, any information or documents requested by the Minister."
"Canada Shipping Act, 2001","Federal","167.4","Oil Handling Facilities and Hazardous and Noxious Substances Handling Facilities","regulation; plan","minister","mandatory; establishment","167.4 Subject to the regulations, unless the plans have already been submitted under subsection 167.2(1), the operator of an oil handling facility or a hazardous and noxious substances handling facility of a class established by the regulations must submit to the Minister, within the time set out in the regulations, an oil pollution prevention plan or hazardous and noxious substances pollution prevention plan to prevent a discharge of oil or hazardous and noxious substances during the loading or unloading of a vessel and an oil pollution emergency plan or hazardous and noxious substances pollution emergency plan to respond to a discharge or possible discharge of oil or hazardous and noxious substances during the loading or unloading of a vessel - which meet the requirements set out in the regulations - and must submit to the Minister any information or documents requested by the Minister, within the time specified by the Minister."
"Canada Shipping Act, 2001","Federal","168.1","Oil Handling Facilities and Hazardous and Noxious Substances Handling Facilities","regulation; plan","minister","discretionary","168.1 Despite any other provision of this Part or the regulations, the Minister may direct the operator of an oil handling facility to update or revise an oil pollution prevention plan or an oil pollution emergency plan, or the operator of a hazardous and noxious substances handling facility to update or revise a hazardous and noxious substances pollution prevention plan or a hazardous and noxious substances pollution emergency plan, and to submit the up-to-date or revised plan to the Minister within the time specified by the Minister."
"Canada Shipping Act, 2001","Federal","168.3","Oil Handling Facilities and Hazardous and Noxious Substances Handling Facilities","regulation; plan","minister","discretionary; requirement","168.3 If the Minister believes on reasonable grounds that an oil handling facility has discharged, is discharging or may discharge oil or that the oil pollution prevention plan or the oil pollution emergency plan for the facility does not meet the requirements set out in the regulations, that a hazardous and noxious substances handling facility has discharged, is discharging or may discharge hazardous and noxious substances or that the hazardous and noxious substances pollution prevention plan or the hazardous and noxious substances pollution emergency plan for the facility does not meet the requirements set out in the regulations or that the operator of any of those facilities does not have the procedures, equipment and resources required by the regulations available for immediate use in the event of a discharge during the loading or unloading of a vessel, the Minister may"
"Canada Shipping Act, 2001","Federal","188","Oil Handling Facilities and Hazardous and Noxious Substances Handling Facilities","regulation; plan","minister","mandatory; authorization; requirement","(2) If a vessel is required by the regulations to have a shipboard oil pollution emergency plan or shipboard hazardous and noxious substances pollution emergency plan, the owner or authorized representative of the vessel must notify the Minister, in the form and manner that the Minister specifies, of the identity of the person who, in accordance with the regulations, is responsible for implementing the vessel's plan."
"Canada Shipping Act, 2001","Federal","20.4","Time and place for review","review","minister","mandatory; designation","(4) On receipt of a request filed under subsection (1), the Tribunal must appoint a time and place for the review and must notify the Minister of Transport and the holder of the time and place in writing."
"Canada Shipping Act, 2001","Federal","231.2","Time and place for review","review","minister","mandatory; designation","(2) On receipt of a request filed under subsection (1), the Tribunal must appoint a time and place for the review and must notify the Minister and the person who, or vessel that, filed the request of the time and place in writing."
"Canada Shipping Act, 2001","Federal","232.1","Time and place for review","review","minister","mandatory; designation","232.1 (1) On receipt of a request filed under paragraph 232(1)(b), the Tribunal must appoint a time and place for the review and must notify the Minister and the person who, or vessel that, filed the request of the time and place in writing."
"Canada Shipping Act, 2001","Federal","239","Time and place for review","review","minister","mandatory; designation","(5) On receipt of a request filed under subsection (4), the Tribunal must appoint a time and place for the review and must notify the Minister and the person who, or vessel that, filed the request of the time and place in writing."
"Canada Shipping Act, 2001","Federal","390","Oil Handling Facilities and Hazardous and Noxious Substances Handling Facilities","regulation; permit","minister","mandatory; establishment","(1) Subject to the regulations, an operator of an oil handling facility or a hazardous and noxious substances handling facility of a class established by the regulations that proposes to make a change, or permit a change to be made, to the facility's operations relating to the loading or unloading of oil or hazardous and noxious substances to or from vessels must - at least 180 days before the day on which it makes the change or permits the change to be made - notify the Minister of the change, including any of the following changes:"
"Canada Shipping Act, 2001","Federal","390","Oil Handling Facilities and Hazardous and Noxious Substances Handling Facilities","plan","minister","mandatory","(3) The operator referred to in subsection (1) must revise the oil pollution prevention plan and the oil pollution emergency plan, or the hazardous and noxious substances pollution prevention plan and the hazardous and noxious substances pollution emergency plan, and submit the revised plans to the Minister at least 90 days before making the change or permitting the change to be made, or within any other time specified by the Minister."
"Canada Shipping Act, 2001","Federal","396","Oil Handling Facilities and Hazardous and Noxious Substances Handling Facilities","plan","minister","mandatory","(d.2) respecting oil pollution prevention plans, oil pollution emergency plans, hazardous and noxious substances pollution prevention plans and hazardous and noxious substances pollution emergency plans, including the time within which the plans must be submitted to the Minister and the circumstances in which up-to-date plans must be submitted to the Minister;"
"Canada Shipping Act, 2001","Federal","396","Oil Handling Facilities and Hazardous and Noxious Substances Handling Facilities","regulation; designation","minister","discretionary; establishment; designation","(2) Despite the regulations, the Minister may designate an oil handling facility or a hazardous and noxious substances handling facility that is part of a class established by the regulations to be part of a different class established by the regulations or an oil handling facility or a hazardous and noxious substances handling facility that is not part of a class established by the regulations to be part of one of those classes."
"Canada Shipping Act, 2001","Federal","396","Oil Handling Facilities and Hazardous and Noxious Substances Handling Facilities","designation","minister","mandatory","(3) The Minister must notify the operator of a facility of any designation made in respect of it under subsection (2)."
"Canada Water Act","Federal","11","Object of agreements","plan; program","minister; agency","authorization; requirement","(c) authorize the Minister, jointly with such one or more provincial governments, to procure the incorporation of a corporation without share capital, or to name an existing corporation that is an agent of Her Majesty in right of Canada or a province or that performs any function or duty on behalf of the Government of Canada or the government of a province, as a water quality management agency to plan, initiate and carry out, in conjunction with the Minister and the provincial government or governments referred to in subsection (1), programs described in section 15 in respect of the waters described in that subsection."
"Canada Water Act","Federal","12","Matters to be specified in agreements","program; agreement","minister","mandatory","12 (1) Where, pursuant to section 11, the Minister enters into an agreement with one or more provincial governments, the agreement shall, where applicable, in respect of each water quality management program that is the subject of the agreement, specify"
"Canada Water Act","Federal","12","Provisions to be included in agreements","designation; protected_area; agreement","agency","designation","(b) the place within the water quality management area designated in the agreement where the head office of the agency is to be situated;"
"Canada Water Act","Federal","12","Provisions to be included in agreements","agreement","minister; agency","designation","(c) the members of the agency that are to be appointed by the Minister and the provincial government or governments that are parties to the agreement and the terms and conditions of the appointments;"
"Canada Water Act","Federal","13","Federal programs respecting inter-jurisdictional waters","order_in_council; plan; program; designation; protected_area","governor_in_council; minister; agency; council","discretionary; designation; authorization; requirement","13 (1) Where the water quality management of any inter-jurisdictional waters has become a matter of urgent national concern, the Governor in Council, subject to subsection (2), may, on the recommendation of the Minister, designate those waters as a water quality management area and authorize the Minister to name an existing corporation that is an agent of Her Majesty in right of Canada, or that performs any function or duty on behalf of the Government of Canada, as a water quality management agency to plan, initiate and carry out programs described in section 15 in respect of those waters."
"Canada Water Act","Federal","13","Programs respecting federal waters","order_in_council; plan; program; designation; protected_area","governor_in_council; minister; agency; council","discretionary; designation; authorization; requirement","(3) The Governor in Council may, on the recommendation of the Minister, designate any federal waters as a water quality management area and authorize the Minister to name an existing corporation that is an agent of Her Majesty in right of Canada, or that performs any function or duty on behalf of the Government of Canada, as a water quality management agency to plan, initiate and carry out programs described in section 15 in respect of those waters."
"Canada Water Act","Federal","13","Directions","program","minister; agency","discretionary","(4) The Minister may give directions to any federal agency with respect to the implementation of any water quality management program."
"Canada Water Act","Federal","15","Objects of agencies","plan; program; protected_area","agency","mandatory","15 (1) The objects of each water quality management agency shall be to plan, initiate and carry out programs to restore, preserve and enhance the water quality level in the water quality management area for which the agency is incorporated or named."
"Canada Water Act","Federal","15","Powers of agencies","protected_area; agreement","minister; agency","discretionary","(2) In carrying out the objects of a water quality management agency, subject to any agreement under section 11 relating to the water quality management area for which it is incorporated or named or subject to any direction of the Minister to a federal agency, the agency may, after taking into account views expressed to it, at public hearings and otherwise, by persons likely to have an interest therein, in respect of the waters composing the water quality management area,"
"Canada Water Act","Federal","15","Publication of plan","plan","minister; agency","mandatory","(3) Where an agency recommends a water quality management plan to the Minister, the agency shall forthwith cause the plan to be published in the Canada Gazette and shall publish a concise summary of the plan in a newspaper of general circulation in the area affected by the plan at least once a week for a period of four weeks and no such plan shall be approved until the expiration of seven clear days after the last of those publications of the summary."
"Canada Water Act","Federal","15","Implementation of plan","order; plan; protected_area; agreement","minister; agency","discretionary","(4) Where a water quality management plan recommended by an agency in respect of the waters composing the water quality management area for which it is incorporated or named has been approved by the Minister and, in the case of an agency other than a federal agency, by the appropriate minister of each provincial government that is a party to the agreement relating to those waters, the agency may, in order to implement the water quality management plan,"
"Canada Water Act","Federal","16","Remuneration of members","order_in_council","governor_in_council; minister; agency; council","mandatory; designation; authorization","16 (1) The members of an agency who are appointed by the Minister or by the Governor in Council and who are not employees in the federal public administration shall be paid by the agency such remuneration as is authorized by the Governor in Council."
"Canada Water Act","Federal","17","Investment of surplus funds","agreement","agency","authorization","(b) in the case of any other agency, any securities of or guaranteed by the Government of Canada, or of or guaranteed by the government of any province that is a party to the agreement pursuant to which the agency was authorized to be incorporated or was named."
"Canada Water Act","Federal","18","General","protected_area","agency","mandatory","(d) prescribing the criteria, which shall be related to estimates of the cost of appropriate treatment of waste expected to be deposited, to be used by each agency in determining its recommendations with respect to effluent discharge fees to be paid by persons for the deposit of waste in waters composing the water quality management area for which it is incorporated or named and the time or times at which and the manner in which those fees should be paid;"
"Canada Water Act","Federal","18","For water quality management areas","regulation; order_in_council; protected_area","governor_in_council; council","discretionary","(2) Subject to subsection (3), the Governor in Council may make regulations prescribing, with respect to each water quality management area,"
"Canada Water Act","Federal","25","Designation","designation","minister; agency; officer; inspector","mandatory; discretionary; designation","25 (1) The Minister may designate any qualified person as an inspector or analyst for the purposes of this Act but where a qualified officer of any other department or agency of the Government of Canada carries out similar duties for the purposes of another Act the Minister shall designate that officer whenever possible."
"Canada Water Act","Federal","6","Condition to approval of federal programs","order_in_council; program; agreement","governor_in_council; minister; council","mandatory; prohibited","(2) The Governor in Council shall not approve the undertaking by the Minister of any program pursuant to paragraph (1)(b) or (c) unless the Governor in Council is satisfied that all reasonable efforts have been made by the Minister to reach an agreement under section 5 with the one or more provincial governments having an interest in the water resource management of the waters in question and that those efforts have failed."
"Canada Water Act","Federal","8","Provisions to be included in agreements","agreement","minister","designation","(a) the constitution thereof, the members thereof that are to be appointed by the Minister and the provincial government or governments that are parties to the agreement and the terms and conditions of the appointments;"
"Canada Water Act","Federal","8","Provisions to be included in agreements","order_in_council; program; designation; agreement; approval","governor_in_council; minister; council","designation","(e) the annual submission by the body to the Minister and the provincial government or governments of operating and capital budgets in connection with the programs directed, supervised and coordinated by the body for the next following fiscal year for approval by the Governor in Council and such persons on behalf of the provincial government or governments as are designated in the agreement; and"
"Canada Wildlife Act","Federal","11","Designation of provincial government employees","designation","minister","discretionary; prohibited; designation","(2) The Minister may not designate any person or class of persons employed by the government of a province unless that government agrees."
"Canada Wildlife Act","Federal","2","Definitions","designation; review","chief; officer","definition; designation","Chief Review Officer means the review officer appointed as Chief Review Officer under subsection 244(1) of the Canadian Environmental Protection Act, 1999 and includes any review officer designated under subsection 244(3) of that Act to perform the functions of the Chief Review Officer; (reviseur-chef)"
"Canada Wildlife Act","Federal","2","Definitions","designation","minister; council","definition; designation","Minister means the Minister of the Environment or, in respect of any matter related to the Northern Pipeline referred to in the Northern Pipeline Act, the member of the Queen's Privy Council for Canada designated as the Minister for the purposes of that Act; (ministre)"
"Canada Wildlife Act","Federal","4.1","Protected marine areas","order_in_council","governor_in_council; council","discretionary; establishment","4.1 (1) The Governor in Council may establish protected marine areas in any area of the sea that forms part of the internal waters of Canada, the territorial sea of Canada or the exclusive economic zone of Canada."
"Canada Wildlife Act","Federal","5","Agreements","order_in_council; agreement; approval","governor_in_council; minister; council","discretionary","5 The Minister may, with the approval of the Governor in Council, enter into an agreement with the government of any province to provide for"
"Canada Wildlife Act","Federal","7","Provincial approval","program; agreement; approval","minister","mandatory; prohibited","(2) The Minister shall not conclude any agreement referred to in subsection (1) except with the approval of the government of the province in which the program or measure to which the agreement relates is to be implemented or the property to which the agreement relates is situated."
"Canadian Energy Regulator Act","Federal","113","Definition of court","designation","board","definition; designation","(8) For the purposes of subsection (6), court includes any person appointed or designated to conduct a public inquiry into a pipeline occurrence, within the meaning of section 2 of the Canadian Transportation Accident Investigation and Safety Board Act, under the Inquiries Act."
"Canadian Energy Regulator Act","Federal","189","Continuation of jurisdiction and obligation","report","commission","requirement","189 (1) A failure by the Commission to comply with subsection 183(1) or 184(5) within the required time limit does not affect its jurisdiction to deal with the application or its obligation to submit the report, and anything done by it in relation to the application remains valid."
"Canadian Energy Regulator Act","Federal","214","Continuation of jurisdiction and obligation","order","commission","requirement","(9) A failure by the Commission to make an order under subsection (1) or dismiss the application within the required time limit does not affect its jurisdiction to deal with the application or its obligation to make the order or to dismiss the application, and anything done by it in relation to the application remains valid."
"Canadian Energy Regulator Act","Federal","219","Effects of recommendation on navigation","certificate; report","commission","mandatory","219 (1) In making its recommendation in a report prepared under section 183, the Commission must also take into account the effects that the issuance of a certificate in respect of a pipeline that passes in, on, over, under, through or across a navigable water might have on navigation, including on the safety of navigation."
"Canadian Energy Regulator Act","Federal","219","Effects of decision on navigation","order; approval","commission","mandatory","(2) When deciding whether to make an order, give a direction or grant a leave, approval or exemption in respect of a pipeline that passes in, on, over, under, through or across a navigable water, the Commission must take into account the effects that its decision might have on navigation, including on the safety of navigation, in addition to any other factor that it considers appropriate."
"Canadian Energy Regulator Act","Federal","262","Continuation of jurisdiction and obligation","certificate","commission","requirement","(11) A failure by the Commission to comply with subsection (4) within the required time limit does not affect its jurisdiction to deal with the application or its obligation to make a decision as to whether a certificate should be issued or to dismiss the application, and anything done by it in relation to the application remains valid."
"Canadian Energy Regulator Act","Federal","268","Effects on navigation","order; permit; approval; certificate","commission","mandatory","268 In addition to any other factor that it considers appropriate, the Commission must take into account the effects that its decision might have on navigation, including safety of navigation, when deciding whether to issue a certificate or permit, make an order, give a direction or grant a leave, approval or exemption in respect of an international power line, or an interprovincial power line in respect of which an order made under section 261 is in force, that passes in, on, over, under, through or across a navigable water."
"Canadian Energy Regulator Act","Federal","295","Terms and conditions before July 3, 2013","permit; certificate","minister; board","discretionary","295 (1) Terms and conditions in respect of any international or interprovincial power line that were, at any time before July 3, 2013, imposed under section 58.29 or 108 of the National Energy Board Act or by the Minister of Transport under the Canadian Navigable Waters Act apply as if they were conditions set out in the certificate or permit, as the case may be, issued in respect of the power line."
"Canadian Energy Regulator Act","Federal","298","Continuation of jurisdiction and obligation","authorization","commission","requirement","(11) A failure by the Commission to comply with subsection (4) within the required time limit does not affect its jurisdiction to deal with the application or its obligation to issue the authorization or dismiss the application, and anything done by it in relation to the application remains valid."
"Canadian Energy Regulator Act","Federal","316","Consent","order_in_council","governor_in_council; council","discretionary","(2) A company may, with the consent of the Governor in Council and on any terms that the Governor in Council may prescribe, take and appropriate, for the use of its pipeline and works, the portion of the lands of Her Majesty lying on the route of the line that have not been granted, conceded or sold, and that is necessary for the pipeline, and also the portion of the public beach, or bed of a lake, river or stream, or of the lands so vested covered with the waters of a lake, river or stream that is necessary for making, completing and using its pipeline and works."
"Canadian Energy Regulator Act","Federal","336","Protection of mines","order; designation","officer","mandatory; prohibited; designation; authorization","336 A company must not, without a designated officer having, by order, authorized it to do so, locate the line of its proposed pipeline, or construct the pipeline or any portion of the pipeline, so as to obstruct or interfere with or injuriously affect the working of or the access or adit to a mine then open, or for the opening of which preparations are, at the time of the location, being lawfully and openly made."
"Canadian Energy Regulator Act","Federal","338","Protection of pipeline from mining operations","order; designation","officer","mandatory; prohibited; designation; authorization","338 (1) A person must not work or prospect for mines or minerals lying under a pipeline or any of the works connected with the pipeline, or within 40 m of the pipeline, without a designated officer having, by order, authorized it to do so."
"Canadian Energy Regulator Act","Federal","339","Examination of site of mining operations","order; designation; notice","officer","discretionary; definition; designation; authorization","339 If necessary in order to ascertain whether any mining or prospecting operations have been carried on so as to injure or be detrimental to a pipeline or its safety or security or the safety or security of persons, a company may, if a designated officer, by order, authorizes it to do so and after giving 24 hours notice in writing, enter on any lands through or near which its pipeline passes where any mining or prospecting operations are being carried on, and enter into and return from the site of the operations, and for those purposes the company may make use of any apparatus used in connection with the operations and use all necessary means for discovering the distance from its pipeline to the place where the operations are being carried on."
"Canadian Energy Regulator Act","Federal","340","Compensation for severance, etc., of mining property","order","commission","mandatory","340 A company must, from time to time, pay to the owner, lessee or occupier of any mines any compensation that the Commission fixes and, by order, directs to be paid for or by reason of any severance by a pipeline of the land lying over the mines, the working of the mines being prevented, stopped or interrupted, or the mines having to be worked in any manner and under any restrictions so as not to injure or be detrimental to the pipeline, and also for any minerals not purchased by the company that cannot be obtained by reason of the construction and operation of its line."
"Canadian Energy Regulator Act","Federal","346","Continuation of jurisdiction","licence","commission","requirement","(2) A failure by the Commission to comply with subsection (1) within the required time limit does not affect its jurisdiction to issue the licence and anything done by it in relation to the issuance of that licence remains valid."
"Canadian Energy Regulator Act","Federal","385","Hearing","order","chief; commission; officer","mandatory","(3) On the day specified in the order, the Commission must hold a hearing at which the Chief Conservation Officer, the operators and other interested persons must be given an opportunity to be heard."
"Canadian Energy Regulator Act","Federal","81","Reports and recommendations to Minister","report","minister","discretionary","81 The Regulator may submit to the Minister reports on the matters referred to in section 80 from time to time and may recommend to the Minister any measures within Parliament's jurisdiction that the Regulator considers to be necessary or in the public interest for"
"Canadian Energy Regulator Act","Federal","92","Statutory Instruments Act","order; designation","commission; officer","designation; requirement","(c) the Commission, designated officer or inspection officer considers that the order or direction is required immediately for the safety or security of persons, regulated facilities or abandoned facilities or for the protection of property or the environment."
"Canadian Energy Regulator Act","Federal","95","Other measures","order","commission","discretionary; authorization","(2) The Commission may, by order, direct any of the following persons or bodies to take measures in respect of a regulated facility, an abandoned facility or any work or activity authorized under Part 5 that the Commission considers necessary for the safety and security of persons, the safety and security of the regulated facility or abandoned facility or the protection of property or the environment:"
"Canadian Energy Regulator Act","Federal","97","Exemption orders","regulation; order","commission","discretionary","97 The Commission may make orders exempting holders, on any conditions that the Commission considers appropriate, from any or all provisions of a regulation made under section 96 or 312, in order to, among other things, ensure the safety and security of persons, the safety and security of regulated facilities or abandoned facilities or the protection of property or the environment."
"Canadian Environmental Protection Act, 1999","Federal","10","Declaration of equivalent provisions","regulation; order; order_in_council","governor_in_council; minister; council","discretionary","the Governor in Council may, on the recommendation of the Minister, make an order declaring that the provisions of the regulation do not apply in an area under the jurisdiction of the government."
"Canadian Environmental Protection Act, 1999","Federal","105.2","Publication - notice of intent","notice","minister","mandatory","(2) Before deleting a living organism from the Domestic Substances List under subsection (1), the Minister shall publish in the Canada Gazette and in any other manner that the Minister considers appropriate a notice indicating the Minister's intention to delete it from the List."
"Canadian Environmental Protection Act, 1999","Federal","106","Notification of significant new activity in respect of living organism not on List","notice","minister","mandatory","(4) Where a living organism is not specified on the Domestic Substances List and the Minister publishes a notice in the Canada Gazette indicating that this subsection applies with respect to the living organism, no person shall use the living organism for a significant new activity that is indicated in the notice unless"
"Canadian Environmental Protection Act, 1999","Federal","127","Permit","regulation; permit","minister","discretionary","127 (1) The Minister may, on application, issue a permit authorizing the loading for disposal and disposal of waste or other matter and, subject to the regulations, renew it no more than four times."
"Canadian Environmental Protection Act, 1999","Federal","128","Permits for emergency disposal","permit","minister","discretionary","(2) The Minister may, on application, issue a permit to dispose of or incinerate a substance if the Minister is of the opinion that"
"Canadian Environmental Protection Act, 1999","Federal","130","Duty to report","order; order_in_council; designation; report","governor_in_council; council; officer","mandatory; discretionary; designation","(4) If disposal takes place under subsection (1), the master of the ship, the pilot in command of the aircraft or the person in charge of the platform or other structure shall report the disposal without delay to an enforcement officer or any other person whom the Governor in Council may, by order, designate, at the location and in the manner that may be prescribed, and the report shall contain any information that may be prescribed."
"Canadian Environmental Protection Act, 1999","Federal","140","Consultation","regulation; order_in_council","governor_in_council; minister; agency; council; committee","mandatory; discretionary","(4) Before recommending a regulation to the Governor in Council under subsection (1), the Minister shall offer to consult with the government of a province and the members of the Committee who are representatives of aboriginal governments and may consult with a government department or agency, aboriginal people, representatives of industry and labour and municipal authorities or with persons interested in the quality of the environment."
"Canadian Environmental Protection Act, 1999","Federal","145","Consultation","regulation; order_in_council","governor_in_council; minister; agency; council; committee","mandatory; discretionary","(2) Before recommending a regulation to the Governor in Council under subsection (1), the Minister shall offer to consult with the government of a province and the members of the Committee who are representatives of aboriginal governments and may consult with a government department or agency, aboriginal people, representatives of industry and labour and municipal authorities or with persons interested in the quality of the environment."
"Canadian Environmental Protection Act, 1999","Federal","157","Particulars to responsible authorities","notice","minister","mandatory","(6) On receiving a notice under subsection (1), the Minister shall forward full particulars of the notice to the person responsible for vehicle or engine administration in each government."
"Canadian Environmental Protection Act, 1999","Federal","161","Progressive application","standard","minister; authority","definition","161 (1) In this section, technical standards document means a document, published in the prescribed manner by authority of the Minister, that reproduces in the official languages of Canada an enactment of a foreign government with any adaptations of form and reference that will facilitate the incorporation of the enactment under this section."
"Canadian Environmental Protection Act, 1999","Federal","168","Notice to other country","regulation","minister","mandatory","168 (1) The Minister shall advise the government of any country that would be affected by or benefit from the regulation before it is published under subsection 332(1)."
"Canadian Environmental Protection Act, 1999","Federal","169","Report to official","regulation; order_in_council; designation; report","governor_in_council; council","mandatory; designation; requirement","(4) Where there are in force, by or under the laws of a province or an aboriginal government, provisions that the Governor in Council, by regulation, declares to be adequate for dealing with a release described in subsection (1), a report required by paragraph (1)(a) or subsection (3) shall be made to a person designated by those provisions."
"Canadian Environmental Protection Act, 1999","Federal","178","Notice to other country","regulation","minister","mandatory","178 (1) The Minister shall advise the government of any country that would be affected by or benefit from the regulation before it is published under subsection 332(1)."
"Canadian Environmental Protection Act, 1999","Federal","179","Report to official","regulation; order_in_council; designation; report","governor_in_council; council","mandatory; designation; requirement","(4) Where there are in force, by or under the laws of a province or an aboriginal government, provisions that the Governor in Council, by regulation, declares to be adequate for dealing with a release described in subsection (1), a report required by paragraph (1)(a) or subsection (3) shall be made to a person designated by those provisions."
"Canadian Environmental Protection Act, 1999","Federal","185","Refusal to issue permit","regulation; permit; authorization","minister","discretionary","(2) If the Minister is of the opinion that the waste or material will not be managed in a manner that will protect the environment and human health against the adverse effects that may result from that waste or material, the Minister may refuse, in accordance with the criteria set out in the regulations, to issue a permit even if the relevant authorities have given their authorization."
"Canadian Environmental Protection Act, 1999","Federal","185","Consultation with governments","permit","minister","mandatory","(3) Before refusing under subsection (2) to issue a permit to import, the Minister shall consult with the government of the jurisdiction of destination."
"Canadian Environmental Protection Act, 1999","Federal","185","Special circumstances to issue permits","permit","minister; authority","discretionary; authorization","(4) Where the Minister is of the opinion that the waste or material will be managed in a manner that will protect the environment and human health against the adverse effects that may result from that waste or material, the Minister may issue a permit if the relevant authorities inform the Minister that they lack the legal authority to authorize the movement, final disposal or recycling but are not opposed to it."
"Canadian Environmental Protection Act, 1999","Federal","186","Prohibitions - import, export and transit","order_in_council; agreement; approval","governor_in_council; minister; council","discretionary","186 (1) For the purpose of implementing international agreements respecting the environment, the Minister may, with the approval of the Governor in Council and taking into account Canada's international obligations, prohibit, completely or partially and under any conditions that may be prescribed, the import, export or transit of waste or material referred to in subsection 185(1)."
"Canadian Environmental Protection Act, 1999","Federal","204","National notification and reporting system","report","minister","discretionary; establishment","204 (1) The Minister may establish, in cooperation with the governments of the provinces and aboriginal governments and government departments or agencies, a national system for the notification and reporting of environmental emergencies."
"Canadian Environmental Protection Act, 1999","Federal","205","Liability of owner of substance","order_in_council; designation","governor_in_council; authority; council","definition; designation","(2) In subsection (1), public authority in Canada means Her Majesty in right of a province, an aboriginal government or any other body designated by the Governor in Council for the purposes of that subsection as a public authority in Canada."
"Canadian Environmental Protection Act, 1999","Federal","208","Minister shall establish","guideline","minister","mandatory; establishment","208 (1) The Minister shall establish objectives, guidelines and codes of practice for the purpose of carrying out the Minister's duties and functions under this Part related to the quality of the environment."
"Canadian Environmental Protection Act, 1999","Federal","208","Consultation","guideline","committee","mandatory","(a) shall offer to consult with the government of a territory if the objective, guideline or code of practice applies to that territory, and with the members of the Committee who are representatives of aboriginal governments if it applies to aboriginal land over which an aboriginal government has jurisdiction; and"
"Canadian Environmental Protection Act, 1999","Federal","209","Consultation","regulation","committee","mandatory","(a) shall offer to consult with the government of a territory if the regulation applies to that territory, and with the members of the Committee who are representatives of aboriginal governments if it applies to aboriginal land over which an aboriginal government has jurisdiction; and"
"Canadian Environmental Protection Act, 1999","Federal","213","Voluntary report","regulation; designation; report","officer","discretionary; designation; requirement","213 (1) If a person knows about a release or likely release of a substance into the environment in contravention of a regulation but the person is not required to report the matter under this Act, the person may report any information about the release or likely release to an enforcement officer or to a person designated by the regulations."
"Canadian Environmental Protection Act, 1999","Federal","230","Forfeiture by order of court","order","commission","mandatory; discretionary","(b) the thing shall, on the expiry of the time for taking an appeal from the conviction or on the final conclusion of the proceedings, as the case may be, be restored to the person from whom it was seized or to any other person entitled to its possession on any conditions that may be imposed by order of the court and that, in the opinion of the court, are necessary to avoid the commission of a further offence under this Act."
"Canadian Environmental Protection Act, 1999","Federal","244","Chief Review Officer","review","minister; chief; officer","mandatory; designation; requirement","244 (1) The Minister shall appoint one of the review officers as the Chief Review Officer to perform the functions of the Chief Review Officer as and when required."
"Canadian Environmental Protection Act, 1999","Federal","245","Term of members","review","minister","mandatory; discretionary; designation","245 (1) Review officers shall be appointed to hold office during good behaviour for a term of not more than three years, but may be removed by the Minister at any time for cause."
"Canadian Environmental Protection Act, 1999","Federal","247","Knowledge","regulation; review","officer","designation","247 A person is not eligible to be appointed as a review officer unless the person is knowledgeable about the conservation and protection of the Canadian environment, environmental and human health, administrative law as it relates to environmental regulation or traditional aboriginal ecological knowledge."
"Canadian Environmental Protection Act, 1999","Federal","252","Government services and facilities","review","officer","mandatory","252 In performing their functions a review officer shall, where appropriate, make use of the services and facilities of departments, boards and agencies of the Government of Canada."
"Canadian Environmental Protection Act, 1999","Federal","278","Regulations","regulation; order; order_in_council","governor_in_council; council","mandatory; discretionary","278 The Governor in Council may make regulations prescribing the manner in which the proceeds or any part of the proceeds resulting from the payment of a fine or the execution of an order in relation to an offence under this Act shall be distributed in order to reimburse any person, government or body that has commenced the proceedings in respect of the offence for costs incurred by that person, government or body in respect of the prosecution of the offence."
"Canadian Environmental Protection Act, 1999","Federal","306","Government records","agreement","minister; agency","discretionary","306 (1) The Minister, enforcement officers and analysts and any department or agency of a government in Canada with which the Minister has entered into an agreement under section 308 may keep records and use information obtained as a result of the use of environmental protection alternative measures to deal with a person"
"Canadian Environmental Protection Act, 1999","Federal","308","Agreements respecting exchange of information","agreement; report","minister; agency","discretionary","308 The Minister may enter into an agreement with a department or agency of a government in Canada respecting the exchange of information for the purpose of administering environmental protection alternative measures or preparing a report in respect of a person's compliance with an agreement."
"Canadian Environmental Protection Act, 1999","Federal","317.1","Disclosure - Ministers' recommendation","order_in_council","governor_in_council; minister; council","mandatory","(3) The Minister shall disclose the explicit chemical or biological name of a substance or the explicit biological name of a living organism in respect of which a request for confidentiality has been made if the Ministers recommend or have recommended to the Governor in Council the addition of the substance or the living organism to Part 1 or 2 of the list of toxic substances in Schedule 1 under subsection 90(1)."
"Canadian Environmental Protection Act, 1999","Federal","317.2","Publication - notice of intent","notice","minister","mandatory","(2) The Minister shall publish a notice in the Canada Gazette of the Minister's intention to disclose the explicit chemical or biological name under subsection (1) at least 60 days before the proposed disclosure."
"Canadian Environmental Protection Act, 1999","Federal","317.3","Report to Parliament","report","minister","mandatory; requirement","317.3 The Minister shall include in the annual report required by section 342 a report respecting the explicit chemical or biological names of substances and the explicit biological names of living organisms disclosed under section 317.1 or 317.2."
"Canadian Environmental Protection Act, 1999","Federal","333","Mandatory review for international air and water","regulation; notice; review","minister; board","mandatory; establishment","(3) Where a person or government files with the Minister a notice of objection under subsection 332(2) with respect to regulations proposed to be made under section 167 or 177 within the time specified in that subsection, the Minister shall establish a board of review to inquire into the nature and extent of the danger posed by the release into the air or water of the substance in respect of which the regulations are proposed."
"Canadian Environmental Protection Act, 1999","Federal","334","Knowledge requirement","review","board","designation","(2) A person is not eligible to be appointed as a member of a board of review unless the person is knowledgeable about the Canadian environment, environmental and human health or traditional aboriginal ecological knowledge."
"Canadian Environmental Protection Act, 1999","Federal","335","Appearance before board","review","board","mandatory","335 A board of review shall give any person or government a reasonable opportunity, consistent with the rules of procedural fairness and natural justice, of appearing before it, presenting evidence and making representations."
"Canadian Environmental Protection Act, 1999","Federal","46","Other recipient","agreement; notice","minister","discretionary; requirement","(2) The Minister may, in accordance with an agreement signed with a government, require that a person to whom a notice is directed submit the information to the Minister or to that government."
"Canadian Environmental Protection Act, 1999","Federal","46","Conditions respecting access to information","agreement","minister","mandatory; discretionary; requirement","(3) An agreement referred to in subsection (2) shall set out conditions respecting access by the Minister or other government to all or part of the information that the person is required to submit and may set out any other conditions respecting the information."
"Canadian Environmental Protection Act, 1999","Federal","55","Formulation by the Minister of Health","guideline","minister","mandatory; discretionary","55 (1) For the purpose of carrying out the mandate of the Minister of Health related to preserving and improving public health under this Act, the Minister of Health shall issue objectives, guidelines and codes of practice with respect to the elements of the environment that may affect the life and health of the people of Canada."
"Canadian Environmental Protection Act, 1999","Federal","6","National Advisory Committee","regulation","minister; committee","mandatory; establishment","6 (1) For the purpose of enabling national action to be carried out and taking cooperative action in matters affecting the environment and for the purpose of avoiding duplication in regulatory activity among governments, the Minister shall establish a National Advisory Committee"
"Canadian Environmental Protection Act, 1999","Federal","60","Requirement to submit certain plans","plan; notice","minister","mandatory; discretionary; requirement","60 (1) The Minister may publish in the Canada Gazette and in any other manner that the Minister considers appropriate a notice requiring any person or class of persons described in the notice who are required to prepare and implement a pollution prevention plan under section 56 to submit, within the period specified by the Minister, the plan or any part of the plan for the purpose of determining and assessing preventive or control actions in respect of a substance, group of substances or product."
"Canadian Environmental Protection Act, 1999","Federal","66.2","Publication - notice of intent","notice","minister","mandatory","(2) Before deleting a substance from the Domestic Substances List under subsection (1), the Minister shall publish in the Canada Gazette and in any other manner that the Minister considers appropriate a notice indicating the Minister's intention to delete it from the List."
"Canadian Environmental Protection Act, 1999","Federal","75","Review of decisions of other jurisdictions","order; review","minister","mandatory","(3) Where the Minister is notified in accordance with procedures developed under subsection (2) of a decision to specifically prohibit or substantially restrict any substance by or under the legislation of another jurisdiction for environmental or health reasons, the Ministers shall review the decision in order to determine whether the substance is toxic or capable of becoming toxic, unless the decision relates to a substance the only use of which in Canada is regulated under another Act of Parliament that provides for environmental and health protection."
"Canadian Environmental Protection Act, 1999","Federal","77","Publication after assessment or review","assessment; review","minister","mandatory; discretionary","77 (1) If the Ministers have conducted an assessment under this Part, other than under section 83, to determine whether a substance is toxic or capable of becoming toxic or a review of a decision of another jurisdiction under subsection 75(3) that, in their opinion, is based on scientific considerations and is relevant to Canada, the Ministers shall publish in the Canada Gazette, and either Minister may publish in any other manner that that Minister considers appropriate,"
"Canadian Environmental Protection Act, 1999","Federal","81","Notification of significant new activity in respect of substance not on List","notice","minister","mandatory","(4) Where a substance is not specified on the Domestic Substances List and the Minister publishes a notice in the Canada Gazette indicating that this subsection applies with respect to the substance, no person shall use the substance for a significant new activity that is indicated in the notice unless"
"Canadian Environmental Protection Act, 1999","Federal","9","Negotiation of agreement","agreement","minister","discretionary","9 (1) The Minister may negotiate an agreement with a government or with an aboriginal people with respect to the administration of this Act."
"Canadian Environmental Protection Act, 1999","Federal","95","Report by property owner","regulation; designation; report","officer","mandatory; designation","(3) If there occurs a release of a substance as described in subsection (1), any person, other than a person described in subsection (2), whose property is affected by the release and who knows that it is a substance specified on the list of toxic substances in Schedule 1 shall, as soon as possible in the circumstances and subject to subsection (4), report the matter to an enforcement officer or to any person that is designated by regulation."
"Canadian Environmental Protection Act, 1999","Federal","95","Report to provincial official","regulation; order_in_council; designation; report","governor_in_council; council","mandatory; designation; requirement","(4) Where there are in force, by or under the laws of a province or an aboriginal government, provisions that the Governor in Council, by regulation, declares to be adequate for dealing with a release described in subsection (1), a report required by paragraph (1)(a) or subsection (3) shall be made to a person designated by those provisions."
"Canadian Environmental Protection Act, 1999","Federal","96","Voluntary report","report","officer","discretionary; requirement","96 (1) If a person has knowledge of the occurrence or likelihood of a release into the environment of a substance specified on the list of toxic substances in Schedule 1, but the person is not required to report the matter under this Act, the person may report any information relating to the release or likely release to an enforcement officer or to any person to whom a report may be made under section 95."
"Canadian Navigable Waters Act","Federal","10.4","Emergency","order; notice","minister","mandatory; discretionary; authorization","10.4 (1) Even if the application referred to in subsection 5(1) or paragraph 10(1)(a) has not yet been made, or the notice referred to in paragraph 10(1)(b) has not yet been published, the Minister may authorize, subject to any terms or conditions that he or she considers appropriate, the construction, placement, alteration, rebuilding, removal or decommissioning of a work - other than a minor work - in, on, over, under, through or across any navigable water if the Minister is of the opinion that it must be carried out immediately in order to respond to"
"Canadian Navigable Waters Act","Federal","15","Obstruction","notice","minister","mandatory","15 (1) The person in charge of an obstruction in a navigable water must immediately give notice of the existence of the obstruction to the Minister, in the form and manner, and containing the information, specified by the Minister."
"Canadian Navigable Waters Act","Federal","24","Exemption by order","order; order_in_council","governor_in_council; minister; council","discretionary","24 (1) The Governor in Council may, by order, exempt from the application of any of sections 21 to 23, any rivers, streams or waters, in whole or in part, if the Minister receives an application for an exemption and the Governor in Council is satisfied that it would be in the public interest."
"Canadian Navigable Waters Act","Federal","26","Designated places to deposit materials","regulation; order_in_council; designation","governor_in_council; council","discretionary; designation","26 (1) The Governor in Council may, by regulation, designate places in any navigable water that is not within the jurisdiction of any person referred to in section 25, where stone, gravel, earth, cinders, ashes or other material may be deposited even if the minimum depth of water at that place may be less than 36 metres."
"Canadian Navigable Waters Act","Federal","6","No interference with navigation","approval","minister","mandatory; requirement","6 If the Minister is of the opinion that a work that is the subject of an application made under subsection 5(1), or its construction, placement, alteration, rebuilding, removal or decommissioning, would not interfere with navigation, including by changing the water level or water flow of a navigable water, he or she must inform the owner, in writing, of that opinion and no approval is required under subsection 7(6) for that work - or its construction, placement, alteration, rebuilding, removal or decommissioning."
"Canadian Navigable Waters Act","Federal","7","Interference with navigation","approval","minister","mandatory; discretionary","7 (1) If the Minister is of the opinion that a work that is the subject of an application made under subsection 5(1), or its construction, placement, alteration, rebuilding, removal or decommissioning, may interfere with navigation, including by changing the water level or water flow of a navigable water, he or she must inform the owner, in writing, of that opinion and the owner may only construct, place, alter, rebuild, remove or decommission that work if the Minister issues an approval for the work."
"Coastal Fisheries Protection Act","Federal","16.2","Protection officer's powers","regulation; designation; agreement","board; officer","discretionary; designation","16.2 (1) A protection officer may, in an area of the sea designated under subparagraph 6(e)(ii), for a purpose related to verifying compliance with section 5.3 and any regulations made under subparagraph 6(e)(i), board a fishing vessel of a state party to the Fish Stocks Agreement and exercise the powers referred to in subsection 7.1(3)."
"Coastal Fisheries Protection Act","Federal","16.2","Notice","agreement","officer","mandatory","(2) If the protection officer has reasonable grounds to believe that the fishing vessel has contravened section 5.3, the officer shall without delay inform the state party to the Fish Stocks Agreement."
"Coastal Fisheries Protection Act","Federal","16.2","Consent","regulation; agreement","officer","discretionary","(3) In addition to the powers referred to in subsections (1) and (1.1), a protection officer may, with the consent of the state party to the Fish Stocks Agreement, exercise any powers referred to in section 16.1. The officer is deemed to have received the consent of the state if the state has not responded within the period prescribed by regulation or has responded but is not fully investigating the alleged contravention."
"Coastal Fisheries Protection Act","Federal","16.5","Measures - Canadian fishing vessel","agreement","minister","discretionary","16.5 The Minister may disclose to a party to the Port State Measures Agreement, coastal state, fisheries management organization or international organization information relating to any measure that is taken under the Fisheries Act in respect of a Canadian fishing vessel in response to a measure that is taken, in respect of that vessel, by another state under the Port State Measures Agreement."
"Coastal Fisheries Protection Act","Federal","18.01","Proof of offence - Fish Stocks Agreement","agreement","board","establishment","18.01 (1) In a prosecution of a fishing vessel of a state party to the Fish Stocks Agreement or a state that is party to a treaty or arrangement described in paragraph 6(f) or of a fishing vessel without nationality for an offence under this Act, it is sufficient proof of the offence to establish that it was committed by a person on board the vessel, whether or not the person is identified or has been prosecuted for the offence."
"Coastal Fisheries Protection Act","Federal","18.1","Application of criminal law","regulation","board","definition","(a) in the NAFO Regulatory Area on board or by means of a foreign fishing vessel on board or by means of which a contravention of section 5.2 has been committed;"
"Coastal Fisheries Protection Act","Federal","18.1","Application of criminal law","designation; agreement","board","definition; designation","(a.1) in an area of the sea designated under subparagraph 6(e)(ii) on board or by means of a fishing vessel of a state party to the Fish Stocks Agreement or of a fishing vessel without nationality;"
"Coastal Fisheries Protection Act","Federal","18.1","Application of criminal law","designation","board","definition; designation","(a.2) in an area of the sea designated under subparagraph 6(f)(ii) on board or by means of a fishing vessel of a state that is party to a treaty or arrangement referred to in that subparagraph or of a fishing vessel without nationality; or"
"Coastal Fisheries Protection Act","Federal","6","Regulations","agreement","minister","authorization","(iv) empowering the Minister to authorize a state party to the Fish Stocks Agreement to take enforcement action in respect of a Canadian fishing vessel,"
"Coastal Fisheries Protection Act","Federal","7.1","Entry - fishing vessel within Canadian fisheries waters or NAFO Regulatory Area","regulation","board; officer","discretionary","(2) Despite subsection (1), a protection officer may board a fishing vessel found within Canadian fisheries waters or the NAFO Regulatory Area for a purpose related to verifying compliance with this Act."
"Coastal Fisheries Protection Act","Federal","7.3","Stopping and detaining vehicle","regulation","officer","mandatory; discretionary","7.3 A protection officer may, for a purpose related to verifying compliance with this Act, direct that any vehicle, including a fishing vessel found within Canadian fisheries waters or the NAFO Regulatory Area, be stopped and moved to another location and may detain it for a reasonable time. The person in charge of the vehicle shall comply with the directions."
"Coastal Fisheries Protection Act","Federal","7.5","Enforcement on high seas for unauthorized fishing in Canadian fisheries waters","designation; agreement","officer","discretionary; designation","7.5 (1) If a protection officer has reasonable grounds to believe that a fishing vessel of a state party to the Fish Stocks Agreement or of a state that is party to a treaty or arrangement described in paragraph 6(f) has engaged in unauthorized fishing in Canadian fisheries waters and the vessel is in an area of the sea designated under subparagraph 6(e)(ii) or (f)(ii), the officer may, with the consent of that state, take any enforcement action that is consistent with this Act."
"Coastal Fisheries Protection Act","Federal","8.1","Use of force","regulation","officer","discretionary","8.1 A protection officer may, in the manner and to the extent prescribed by the regulations, use force that is intended or is likely to disable a foreign fishing vessel, if the protection officer"
"Department Of The Environment Act","Federal","6","Guidelines related to environmental quality","regulation; order; order_in_council; guideline; approval","governor_in_council; minister; council","discretionary; establishment","6 For the purposes of carrying out his duties and functions related to environmental quality, the Minister may, by order, with the approval of the Governor in Council, establish guidelines for use by departments, boards and agencies of the Government of Canada and, where appropriate, by corporations named in Schedule III to the Financial Administration Act and regulatory bodies in the exercise of their powers and the carrying out of their duties and functions."
"Dike Maintenance Act","Provincial","1","Definitions","designation","minister; authority","designation","(c) a public authority designated by the minister as having any responsibility for maintenance of a dike other than a private dike, or"
"Dike Maintenance Act","Provincial","2","Inspector of dikes","regulation; approval","authority; inspector","mandatory; prohibited","(4) A person or a diking authority must not do any of the following unless it is done either with the prior written approval of the inspector or in accordance with the regulations made under section 8 (2):"
"Dike Maintenance Act","Provincial","2","Inspector of dikes","regulation; standard; approval","inspector","mandatory; establishment","(5) In granting an approval under subsection (4), the inspector must consider the appropriateness of a standard established by regulation under section 8 (2) in relation to the dike that is the subject of the request, in light of"
"Dike Maintenance Act","Provincial","5","Appeals","regulation; order; standard","authority; inspector","establishment","(a) from an order of the inspector requiring a person or a diking authority to comply with standards established by regulation under section 8 (2), unless the person or the diking authority to whom the order was directed is not responsible for the dike that is the subject of the order, or"
"Dominion Water Power Act","Federal","11","Free access to works, books, plans or records","plan","minister","mandatory; discretionary; designation","11 The Minister or any person appointed by him for the purpose shall have free access, in connection with any of the matters set out in this section, to all works, books, plans or records in so far as they relate to any undertaking, and may take such observations, make such measurements and do such other things of, on, within or with respect to the undertaking, books, plans or records as may be considered necessary or expedient for"
"Dominion Water Power Act","Federal","5","Lands adjacent to submerged areas","regulation","minister","mandatory; discretionary; requirement","(3) Where small areas only of any parcel or subdivision of any public lands are required to be submerged along the bank of any stream in connection with an undertaking and it has not been found practicable or expedient to make surveys for the purpose of setting out the exact limits of the area to be flooded, the Minister may dispose of the parcel or subdivision in accordance with any other Act or regulation applicable to the disposal of those lands, but reserving the right at any time to raise the water surface to such elevation as may be required in connection with the undertaking."
"Drainage, Ditch And Dike Act","Provincial","118","Enlargement of district","order_in_council; notice","governor_in_council; council","discretionary","the Lieutenant Governor in Council may by order in council, after notice the Lieutenant Governor in Council thinks advisable, enlarge the existing district and redefine the boundaries of it to include the additional land."
"Drainage, Ditch And Dike Act","Provincial","118","Enlargement of district","order_in_council; plan","council","mandatory","(2) On publication in the Gazette of the order in council, the powers of the commissioners extend to all the land within the boundaries of the district as redefined, and the commissioners must file a supplementary plan, prepared by the engineer, in the land title office, showing the proposed works and the land which in the opinion of the engineer will be benefited by the proposed works."
"Drainage, Ditch And Dike Act","Provincial","155","Inspection by engineer appointed by Lieutenant Governor in Council","order_in_council","governor_in_council; council","discretionary; designation","155  (1) The Lieutenant Governor in Council may, at the request of the commissioners, or at the request of any persons holding debentures or bonds issued by the commissioners, appoint a civil engineer or other properly qualified person to inspect and examine the works in any drainage or diking district."
"Drainage, Ditch And Dike Act","Provincial","162","Annual meetings in district constituted before April 1, 1919","order_in_council","governor_in_council; commissioner; council","discretionary; designation","(7) If, at an annual general meeting, the owners in any district fail to elect a commissioner, the Lieutenant Governor in Council may appoint a person a commissioner for the district, and the commissioner appointed has the same rights and powers and holds office for the same term as if elected at an annual meeting."
"Drainage, Ditch And Dike Act","Provincial","166","Order of transference","order; order_in_council","governor_in_council; council; inspector","discretionary","166  (1) The Lieutenant Governor in Council may order that the powers and duties of the commissioners of any district be transferred to an inspector of dikes."
"Drainage, Ditch And Dike Act","Provincial","171","Transfer to a municipality","agreement","council","discretionary","(5) Without limiting section 8 (1) [natural person powers] of the Community Charter, a council may enter into an agreement with the Provincial government for the joint undertaking of additional works of a similar nature and for their maintenance."
"Drainage, Ditch And Dike Act","Provincial","171","Transfer to a municipality","bylaw; agreement; approval","council","discretionary; requirement","(6) A council may, by bylaw adopted without the assent of the electors or approval of the electors but otherwise in accordance with the Community Charter, borrow sums required under any agreement with the Provincial government."
"Drainage, Ditch And Dike Act","Provincial","172","Transfer to a regional district","agreement","board","discretionary","(4) Without limiting section 263 [corporate powers] of the Local Government Act, a board may enter into an agreement with the Provincial government for the joint undertaking of additional works of a similar nature and for their maintenance."
"Drainage, Ditch And Dike Act","Provincial","172","Transfer to a regional district","bylaw; agreement; approval","board","discretionary; requirement","(5) A board may, by bylaw adopted without the assent or approval of the electors but otherwise in accordance with the Local Government Act, borrow sums required under any agreement with the Provincial government."
"Drainage, Ditch And Dike Act","Provincial","58","Definitions","order_in_council","council","definition","""district"" includes every drainage or diking district constituted before March 1, 1913 and all land constituted a drainage, diking or development district by order in council under this Part;"
"Drainage, Ditch And Dike Act","Provincial","58","Definitions","order_in_council","council","discretionary; definition","""works"" includes all dikes, dams, weirs, locks, lock gates, flood gates, breakwaters, drains, ditches, flumes, aqueducts, pumps and pumping machinery, headworks, reservoirs, pipelines, tunnels, culverts, electric transmission lines, generators, accumulators, transformers, gauges, meters and all machinery, apparatus, plant, buildings, operation or construction of whatever kind or nature that may be necessary or convenient for the supply of water or electrical energy, or for the carrying out of drainage, diking, irrigation, waterworks, electric lighting or power development scheme, and, in the case of districts constituted by order in council under this Part for reclaiming and improving land by draining and diking, the straightening, deepening, clearing or improving or the changing of the course of any artificial or natural waterway."
"Drainage, Ditch And Dike Act","Provincial","72","Engineer to make survey","order_in_council; plan","council","mandatory; designation","72  (1) On the making of the order in council appointing the commissioners, the commissioners must appoint an engineer, whose appointment must be approved, to make a survey and prepare a plan in duplicate showing the land that in the engineer's opinion will be benefited by the proposed works."
"Drainage, Ditch And Dike Act","Provincial","74","Enlargement of district to include other land benefited","order_in_council","council","mandatory","74  (1) If the engineer, after making the survey, certifies in writing that there is other land that will be benefited by the works, but that is not within the district constituted by the order in council appointing the commissioners, that land must be included in the district."
"Drainage, Ditch And Dike Act","Provincial","77","Annual meetings in district constituted after March 31, 1919","order_in_council","governor_in_council; commissioner; council","discretionary; designation","(8) If at an annual general meeting the owners in a district fail to elect a commissioner, the Lieutenant Governor in Council may appoint a person as a commissioner for the district."
"Drainage, Ditch And Dike Act","Provincial","84","Taxes on Provincial land","order_in_council; agreement; assessment","governor_in_council; council","mandatory; discretionary","84  All land the fee of which is in the government, or that is held under pre-emption, lease, agreement of sale and purchase or otherwise from the government, may, if the consent of the Lieutenant Governor in Council is obtained, be assessed in the assessment roll, and be dealt with in all respects as land that is privately owned, and all taxes levied in respect of it must be paid out of money voted by the Legislature for that purpose, or, in case of land held under pre-emption, lease, agreement of sale and purchase or otherwise, must be paid by the pre-emptor, lessee, purchaser or other person interested in that land, and the assessment roll is a charge, in accordance with this Act, against that land, as well before as after the issuance of the Crown grant of it."
"Drinking Water Protection Act","Provincial","17","Water supply systems with multiple owners","designation","officer","discretionary; designation; requirement","(2) If subsection (1) applies and the owners do not make the required            designation, the drinking water officer may designate one of the owners for the purposes            of this section."
"Drinking Water Protection Act","Provincial","27","Action in default","certificate","officer","discretionary; requirement","(4) In addition to recovery under subsection (3), in the case of            recovery against a property owner or an occupier of property who is subject to property            taxation under the Community Charter, Local                Government Act, Vancouver                Charter or Taxation (Rural Area)                Act, the costs and expenses may be recovered in accordance with              section              35 [recovery of costs by health authorities] of the Public                Health Act, with the required certificate to be filed by the            drinking water officer."
"Drinking Water Protection Act","Provincial","3","Drinking water officers","order","minister","discretionary; establishment; designation","(2) The minister may, by order, appoint persons, by name or by title, as drinking            water officers and establish the area of their jurisdiction."
"Drinking Water Protection Act","Provincial","35.1","Implementing a plan: relationship with other planning          processes","plan","authority","requirement","(a) require that other specified Provincial government or local authority              strategic or operational planning processes, or classes of such processes, consider              the drinking water protection plan;"
"Drinking Water Protection Act","Provincial","35.1","Implementing a plan: relationship with other planning          processes","plan","authority","requirement","(b) require that the results of specified Provincial government or local authority              strategic or operational planning processes, or classes of such processes, be              consistent with the drinking water protection plan;"
"Drinking Water Protection Act","Provincial","36","Implementing a plan: restrictions on groundwater activities","regulation; order_in_council; plan; designation","governor_in_council; council","discretionary; designation","36  (1) For the purposes of implementing a drinking water protection plan, the Lieutenant Governor in Council may, by regulation applicable to all or part of the designated area for the plan, restrict or prohibit one or more of the following or may impose requirements on a person doing one or more of the following:"
"Drinking Water Protection Act","Provincial","38","Implementing a plan: local government authority","regulation; order_in_council; plan; designation","governor_in_council; council","discretionary; designation","38  (1) If requested by a local government for the purposes of implementing a drinking            water protection plan, the Lieutenant Governor in Council may, by regulation applicable            to all or part of the designated area for the plan,"
"Drinking Water Protection Act","Provincial","38","Implementing a plan: local government authority","regulation","officer","requirement","(a) after consultation with the relevant decision maker and the drinking water              officer, if this consultation is required by regulation, and"
"Drinking Water Protection Act","Provincial","38","Implementing a plan: local government authority","order; plan; approval","minister","discretionary; establishment","(4) For the purposes of undertaking work specifically contemplated by a drinking            water protection plan, the minister responsible for the Local Government                Act may, by order, exempt a local government from the            requirement for approval of the electors, assent of the electors or other elector            approval under the Community Charter, the Local                Government Act, the Vancouver                Charter or another enactment, subject to any conditions            established by the minister."
"Drinking Water Protection Act","Provincial","4.2","Reports respecting problems related to Provincial government          actions","report","minister; officer","mandatory","4.2  (1) The Provincial health officer must report to the minister on any situation            that"
"Drinking Water Protection Act","Provincial","4.2","Reports respecting problems related to Provincial government          actions","report","minister; council; officer","mandatory","(2) If the Provincial health officer makes a report under subsection              (1) and the situation cannot be resolved to the satisfaction of the            Provincial health officer, the minister must bring the situation to the attention of the            Executive Council."
"Drinking Water Protection Act","Provincial","8","Operating permits and requirements for water supply          systems","permit","authority","discretionary","(3) As examples, but without limiting the authority under this section, terms and            conditions respecting the following may be included in an operating permit:"
"Drinking Water Protection Act","Provincial","8","Operating permits and requirements for water supply          systems","permit","officer","mandatory; discretionary","(4) The drinking water officer or an issuing official may change the terms and            conditions of an operating permit if the officer or issuing official considers this            advisable, but must first consult with the water supplier respecting the proposed            changes and must consider any comments of the water supplier in response."
"Drinking Water Protection Act","Provincial","8","Operating permits and requirements for water supply          systems","order; report","officer","discretionary","the drinking water officer may order the water supplier to undertake additional            monitoring or testing as directed by the officer, and to report the results and make            them public as directed by the officer."
"Ecological Reserve Act","Provincial","3","Establishing and modifying ecological reserves","order; order_in_council; reserve","governor_in_council; council","discretionary; establishment","(2) The Lieutenant Governor in Council may, by order, add to, cancel in its entirety or delete any portion of an ecological reserve established under subsection (1)."
"Ecological Reserve Act","Provincial","4","Publication in Gazette","order; order_in_council; reserve","governor_in_council; council","mandatory","4  An order of the Lieutenant Governor in Council under this Act establishing or modifying an ecological reserve must be published in the Gazette."
"Ecological Reserve Act","Provincial","5.1","Permits for scientific research and educational purposes","regulation; reserve; permit","minister","discretionary","5.1  (1) In accordance with the regulations, the minister may issue a permit to a person authorizing use and occupation of an ecological reserve for ecological scientific research or educational purposes under section 2."
"Ecological Reserve Act","Provincial","5.1","Permits for scientific research and educational purposes","reserve; permit","minister","mandatory","(5) A permit issued under this section must include terms and conditions that the minister considers advisable to protect the ecological reserve and the natural resources in it."
"Ecological Reserve Act","Provincial","5.1","Permits for scientific research and educational purposes","regulation; reserve; permit","minister","discretionary","(6) In accordance with the regulations, the minister may suspend, modify or cancel a permit issued under this section if the minister considers it advisable for the protection of the ecological reserve or its natural resources."
"Ecological Reserve Act","Provincial","5.1","Permits for scientific research and educational purposes","regulation","minister","discretionary","(7) Subject to the regulations, the minister may delegate to any person or class of persons any of the minister's powers, duties and functions under this section."
"Ecological Reserve Act","Provincial","6.1","Designation and delegation by minister","designation","minister; director","discretionary; designation","6.1  (1) The minister may designate as a director a person appointed under the Public Service Act."
"Ecological Reserve Act","Provincial","6.1","Designation and delegation by minister","designation","minister; director","discretionary; designation","(2) The minister may delegate to a director designated under subsection (1) any of the minister's powers or duties under sections 6.2 to 6.4."
"Ecological Reserve Act","Provincial","8","Administration","regulation; order; reserve","minister","establishment","8  Subject to the regulations and orders made under this Act, land established or continued as an ecological reserve under this Act or by the Protected Areas of British Columbia Act is under the jurisdiction of and is to be administered by the minister."
"Ecological Reserve Act","Provincial","9","Advisers","reserve","minister","discretionary; designation","9  (1) The minister may appoint a person or persons to advise the minister on any matter relating to the establishment and administration of ecological reserves."
"Emergency And Disaster Management Act","Provincial","1","Definitions and application","regulation; designation","minister","definition; designation","""lead minister"" means a government minister who is designated as a lead minister under the regulations;"
"Emergency And Disaster Management Act","Provincial","108","Consultation and coordination before evacuation and re-entry","notice","authority","mandatory","(b) in the case of subsection (2) (b), the local authority must, as soon as reasonably practicable after taking the action referred to in subsection (1) (a), give notice to the other local authority in whose jurisdiction the area referred to in subsection (1) (b) is located of the details of the action taken and, if applicable, of any arrangements the local authority made or intends to make under section 107 (1) (c) with respect to evacuated persons."
"Emergency And Disaster Management Act","Provincial","11","Provincial emergency management organization","designation","minister","mandatory; designation","(3) The minister must designate, as the provincial administrator, a person appointed under the Public Service Act."
"Emergency And Disaster Management Act","Provincial","127","If claim for compensation made","designation","authority","mandatory; designation","(4) If an offer was made under subsection (1) (b) (i) and the amount offered was refused within the time stated in the offer, the government, local authority or participating authority must designate an adjuster no later than 60 days after the date on which the offer was refused."
"Emergency And Disaster Management Act","Provincial","138","Recovering amounts paid","regulation; certificate","minister","discretionary","(b) the minister may, in accordance with the regulations, file a certificate in the prescribed form with a court that has jurisdiction, and"
"Emergency And Disaster Management Act","Provincial","149","Amount under order is debt due","regulation; certificate","minister","discretionary","(b) the minister may, in accordance with the regulations, file a certificate in the prescribed form with a court that has jurisdiction, and"
"Emergency And Disaster Management Act","Provincial","179","Transition - mitigation and preparation requirements","plan; agreement","authority","mandatory; definition","(7) Without limiting section 55 (1) (e) [consultation and cooperation with Indigenous peoples] of this Act, a local authority must, as soon as practicable after the date this section comes into force, make reasonable efforts to reach agreement respecting areas to be described in the local authority's emergency management plan for the purposes of section 120 [consultation, engagement and cooperation with Indigenous peoples] of this Act with each Indigenous governing body that acts on behalf of Indigenous peoples whose traditional territory or treaty area includes an area that is within the jurisdiction of the local authority."
"Emergency And Disaster Management Act","Provincial","23","Local authority may enter into agreements","agreement; approval","minister; board","requirement","(b) in the case of an agreement with the board of a regional district, sections 263 [corporate powers] and 264 [minister approval required for certain out-of-Province or out-of-country agreements] of the Local Government Act."
"Emergency And Disaster Management Act","Provincial","25","Making emergency measures agreements","agreement","authority","mandatory","(4) An emergency measures agreement must include as a party to the agreement each local authority having jurisdiction over an area, other than Crown land or prescribed land, that is subject to the agreement."
"Emergency And Disaster Management Act","Provincial","37","Decision-making agreements and statutory power agreements","order_in_council; agreement","governor_in_council; minister; council","discretionary; authorization","(2) For the purposes of this Act, the Lieutenant Governor in Council may authorize the minister, on behalf of the government, to negotiate and enter into a statutory power agreement with an Indigenous governing body."
"Emergency And Disaster Management Act","Provincial","43","Government continuity plans","plan","council","mandatory","(2) The Executive Council must prepare and maintain a plan to ensure the continued delivery, during an emergency, of leadership and services necessary for the effective functioning of the Executive Council."
"Emergency And Disaster Management Act","Provincial","45","Emergency management planning by non-lead ministers","regulation; plan; review","minister","mandatory","(2) A government minister that is not a lead minister must review and revise, in accordance with the regulations, the government minister's business continuity plan."
"Emergency And Disaster Management Act","Provincial","55","Consultation and cooperation with Indigenous peoples","plan; agreement","authority","definition","(e) in the case of an emergency management plan prepared by a local authority, make reasonable efforts to reach agreement respecting areas to be described in the plan for the purposes of section 120 [consultation, engagement and cooperation with Indigenous peoples] with each Indigenous governing body that acts on behalf of Indigenous peoples whose traditional territory or treaty area includes an area that is within the jurisdiction of the local authority."
"Energy Resource Activities Act","Provincial","102","Collector of levy","regulation; order_in_council; designation","governor_in_council; council","discretionary","102  The Lieutenant Governor in Council may make regulations designating the regulator or an employee of the government as the collector of the levy referred to in section 47 or 110 for payment under section 18 to the regulator and providing for its collection."
"Energy Resource Activities Act","Provincial","103","Environmental protection and management","regulation; order_in_council; permit","governor_in_council; council","mandatory; discretionary","103  (1) For the purposes of environmental protection and management, the Lieutenant Governor in Council may make regulations respecting actions that a permit holder and a person carrying out an energy resource activity or an off-site environmental mitigation activity must take or refrain from taking to protect or effectively manage the environment."
"Energy Resource Activities Act","Provincial","103","Environmental protection and management","regulation; order_in_council; permit","governor_in_council; council","mandatory; discretionary","(2) Without limiting subsection (1), the Lieutenant Governor in Council may make regulations respecting actions that a permit holder and a person carrying out an energy resource activity or an off-site environmental mitigation activity must take or refrain from taking with respect to any of the following:"
"Energy Resource Activities Act","Provincial","104","Authorizations respecting environmental protection and management","regulation; order_in_council","governor_in_council; minister; council","discretionary; establishment","(4) The Lieutenant Governor in Council may make regulations authorizing the minister responsible for administering the Forest and Range Practices Act to establish, for the purposes of section 103 (2) (f) and (3) (d), lakeshore management zones."
"Energy Resource Activities Act","Provincial","11","Advisory committee","report","board; committee","discretionary; establishment; designation","11  (1) The board may establish and appoint an advisory committee to consider or inquire into any matter and to report its findings and provide its advice to the board."
"Energy Resource Activities Act","Provincial","15","Audit","report","minister; board; council","mandatory; designation","15  Unless the Auditor General is appointed in accordance with the Auditor General Act as the auditor of the regulator, an auditor appointed by the regulator must, at least once for each fiscal year, audit and report on the accounts of the regulator to the Executive Council through the minister and to the board, and the costs of the audit must be paid by the regulator."
"Energy Resource Activities Act","Provincial","2","British Columbia Energy Regulator","designation","board","establishment; designation","(b) if a chair is not designated under paragraph (a), is appointed by the board in accordance with procedures established under section 5 (1)."
"Energy Resource Activities Act","Provincial","36","Environmental protection and management","regulation; permit","authority","mandatory; establishment","36  (1) A permit holder and a person carrying out an energy resource activity or an off-site environmental mitigation activity must comply with environmental measures established under the authority of a regulation made under section 104."
"Environment And Land Use Act","Provincial","2","Committee continued","order_in_council; designation","governor_in_council; council","designation","(a) a member of the Executive Council appointed by the Lieutenant Governor in Council and designated in the appointment as chair;"
"Environmental Assessment Act","Provincial","19","Process planning by chief executive assessment officer","policy; assessment","chief; agency; officer","mandatory","(6) The assessment of the potential effects of a reviewable project must take into account and reflect government policy identified for the chief executive assessment officer, during the course of the assessment, by a government agency or organization responsible for the identified policy area."
"Environmental Assessment Act","Provincial","27","Application for environmental assessment certificate","assessment","chief; officer","mandatory","(2) Within 180 days of receiving an application under subsection (1), the chief executive assessment officer must"
"Environmental Assessment Act","Provincial","27","Application for environmental assessment certificate","assessment","chief; officer","mandatory","(5) Before deciding whether to accept a revised application under subsection (4), the chief executive assessment officer must seek to achieve, with respect to the sufficiency of the application under subsection (4), consensus with participating Indigenous nations."
"Environmental Assessment Act","Provincial","29","Decision on application for environmental assessment certificate","certificate; assessment","chief; officer","mandatory","29  (1) Subject to subsection (2), on completion of the requirements set out in section 28 (2) (c), the chief executive assessment officer or assessment body, as applicable, must refer the proponent's revised application for an environmental assessment certificate to the ministers for a decision under subsection (4) of this section."
"Environmental Assessment Act","Provincial","29","Decision on application for environmental assessment certificate","assessment","chief; officer","mandatory","(3) Before making a recommendation for the purposes of subsection (2) (b) (i), the chief executive assessment officer must seek to achieve, with respect to the recommendation, consensus with participating Indigenous nations."
"Environmental Assessment Act","Provincial","29","Decision on application for environmental assessment certificate","assessment","chief; officer","mandatory","(8) The chief executive assessment officer must, at the request of the ministers, assist the ministers with the exercising of their powers and the carrying out of their duties under this section."
"Environmental Assessment Act","Provincial","30","Mitigation effectiveness reports","certificate; report; assessment","chief; officer","mandatory","30  The holder of an environmental assessment certificate must, in accordance with the direction of the chief executive assessment officer, report to the chief executive assessment officer respecting the effectiveness of mitigation measures specified in the certificate."
"Environmental Assessment Act","Provincial","31","Duration and effect of certificate","certificate; assessment","minister","mandatory","31  (1) An environmental assessment certificate must specify a deadline, not more than 10 years after the issue date of the certificate, by which deadline the holder of the certificate, in the reasonable opinion of the minister, must have substantially started the project."
"Environmental Assessment Act","Provincial","32","Amending environmental assessment certificate","order; certificate; assessment","chief; officer","discretionary","32  (1) The holder of an environmental assessment certificate or exemption order may apply in writing to the chief executive assessment officer to amend the certificate or order, providing the holder's reasons for the application."
"Environmental Assessment Act","Provincial","32","Amending environmental assessment certificate","assessment","chief; officer","mandatory","(2) The chief executive assessment officer must consider an application under subsection (1) and the reasons provided, in accordance with any procedures determined by the chief executive assessment officer for the assessment of the proposed change, including any time limits."
"Environmental Assessment Act","Provincial","32","Amending environmental assessment certificate","assessment","minister; chief; officer","mandatory","(3) After considering the application under subsection (1), the chief executive assessment officer, or the minister if the chief executive assessment officer refers the application to the minister, must"
"Environmental Assessment Act","Provincial","32","Amending environmental assessment certificate","certificate; notice; assessment","chief; officer","mandatory","(4) The chief executive assessment officer must provide notice of a decision under subsection (3) to the holder of the environmental assessment certificate."
"Environmental Assessment Act","Provincial","32","Amending environmental assessment certificate","order; certificate; assessment","chief; officer","discretionary","(5) The chief executive assessment officer may, without application under subsection (1), amend an environmental assessment certificate or exemption order as described in subsection (3) (a) if"
"Environmental Assessment Act","Provincial","32","Amending environmental assessment certificate","assessment","chief; officer","mandatory","(7) Before making a decision under subsection (3), (5) (b), (5) (c) or (5) (d) with respect to a project, the chief executive assessment officer must seek to achieve, with respect to the amendment, consensus with participating Indigenous nations."
"Environmental Assessment Act","Provincial","32","Amending environmental assessment certificate","assessment","chief; board; agency; officer","mandatory","(8) Before making a decision under subsection (5) (a) with respect to a project, the chief executive assessment officer must be satisfied that the applicable of the person, board, tribunal or agency referred to in that subsection sought to achieve, with respect to the amendment, consensus with participating Indigenous nations."
"Environmental Assessment Act","Provincial","33","Transfer of certificate or exemption","order; certificate; assessment","chief; officer","discretionary","33  (1) On application by the holder of an environmental assessment certificate or exemption order, the chief executive assessment officer may transfer the certificate or order to another person on any conditions the chief executive assessment officer considers appropriate."
"Environmental Assessment Act","Provincial","36","Policy direction from ministers during assessment","policy; certificate; assessment; review","minister; chief; officer","discretionary","36  (1) If an application for an environmental assessment certificate is considered under section 27, or an application to amend an environmental assessment certificate is reviewed under section 32, the chief executive assessment officer, either before or during the consideration or review, may refer a policy matter to the minister responsible or ministers responsible for the policy area for clarification and direction."
"Environmental Assessment Act","Provincial","41","Agreements","report; assessment","chief; officer","requirement","(f) give the chief executive assessment officer a right to require from the other party or jurisdiction further information regarding the assessment after the chief executive assessment officer has reviewed the report referred to in paragraph (e)."
"Environmental Assessment Act","Provincial","43","Agreements with Nisg_a'a Nation","agreement; assessment","minister","discretionary","43  The minister may enter into agreements for the purposes set out in paragraph 1 of chapter 10 [Environmental Assessment and Protection] of the Nisg_a'a Final Agreement."
"Environmental Assessment Act","Provincial","44","Agreements and consultations with treaty first nations","agreement","minister","discretionary; requirement","44  (1) If a final agreement requires the government to negotiate with a treaty first nation and attempt to reach agreement on harmonizing the government's and treaty first nation's procedures in relation to evaluating proposed developments on the treaty lands of the treaty first nation, the minister, on behalf of the government, may enter into an agreement reached in the negotiation."
"Environmental Assessment Act","Provincial","47","Assessment costs may be recovered","order; certificate; assessment","minister; chief; officer","discretionary","47  (1) The minister or chief executive assessment officer may order the proponent of a reviewable project or the holder of an environmental assessment certificate to pay prescribed fees or prescribed charges for all or part of the costs that are or were incurred by or on behalf of an assessment body in carrying out an assessment of the reviewable project under this Act or in administering this Act."
"Environmental Assessment Act","Provincial","50","Compliance and enforcement agreements","agreement; assessment","chief; officer","discretionary","(2) In addition to the power referred to in section 4, the chief executive assessment officer may, in an agreement under subsection (1), delegate a power referred to in that section."
"Environmental Assessment Act","Provincial","53","Order to cease or remedy","order; certificate; assessment","chief; officer","discretionary","53  (1) If the chief executive assessment officer considers that there is or is likely to be a contravention of this Act, an environmental assessment certificate or an exemption order, the chief executive assessment officer may order a person to"
"Environmental Assessment Act","Provincial","55","Compliance agreement","order; agreement; certificate; assessment","minister","discretionary","55  (1) If the minister considers it appropriate to do so, the minister may give the holder of an environmental assessment certificate or exemption order an opportunity to make a written compliance agreement with the minister, by which the holder undertakes to comply with the environmental assessment certificate or exemption order within the time and on the terms specified in the agreement."
"Environmental Assessment Act","Provincial","55","Compliance agreement","order; agreement; certificate; assessment","minister","discretionary","(2) Despite a written compliance agreement, the minister may make an order referred to in section 53 in respect of the holder of an environmental assessment certificate or exemption order or another person that is the subject of an order under section 53"
"Environmental Assessment Act","Provincial","56","Suspension, cancellation and amendment of certificates and exemption orders","order; certificate; assessment","chief; officer","discretionary","(4) The chief executive assessment officer, on request by a holder of an environmental assessment certificate or exemption order, may, by order, cancel the environmental assessment certificate or rescind the order."
"Environmental Assessment Act","Provincial","74","Audits","order; certificate; assessment","chief; officer","discretionary","74  (1) The chief executive assessment officer may order an independent audit of the carrying out of a reviewable project that has been issued an environmental assessment certificate or exemption order."
"Environmental Assessment Act","Provincial","8","Effect on approvals under other enactments","approval","minister","mandatory; prohibited","8  (1) Despite any other enactment, a minister who administers another enactment, or an employee or agent of the government or of a municipality or regional district, must not issue an approval under another enactment for a person to"
"Environmental Management Act","Provincial","1","Definitions","designation","officer","definition; designation","""auxiliary conservation officer"" means a person designated as an auxiliary conservation officer under section 106 (3) [conservation officer service];"
"Environmental Management Act","Provincial","1","Definitions","regulation","minister","definition; establishment","""code of practice"", except in Part 3 [Municipal Waste Management], means a code of practice established by the minister under section 22 [minister's regulations - codes of practice];"
"Environmental Management Act","Provincial","1","Definitions","designation","minister; director","definition; designation","""director"" means a person employed by the government and designated in writing by the minister as a director of waste management or as an acting, deputy or assistant director of waste management;"
"Environmental Management Act","Provincial","1","Definitions","designation","minister","definition; designation","""manager"" means a person appointed under the Public Service Act as a manager in the ministry and designated in writing by the minister as a regional manager or as an acting, assistant or deputy regional manager;"
"Environmental Management Act","Provincial","1","Definitions","designation","director; officer","designation","(a) a person or class of persons employed by the government, a government corporation or a municipality and designated in writing by a director as an officer, or"
"Environmental Management Act","Provincial","1","Definitions","designation","officer","definition; designation","""special conservation officer"" means a person designated as a special conservation officer under section 106 (3) [conservation officer service];"
"Environmental Management Act","Provincial","106","Conservation Officer Service","designation","chief; officer","discretionary; designation","(b) the chief conservation officer, or a member of the Conservation Officer Service designated by the chief conservation officer for the purpose, may do all the following:"
"Environmental Management Act","Provincial","106","Conservation Officer Service","designation","chief; officer","designation","(i)  designate persons employed in the ministry, each of whom the chief conservation officer considers suitable, as members of the Conservation Officer Service;"
"Environmental Management Act","Provincial","106","Conservation Officer Service","standard","officer","establishment","(v)  establish standards and procedures, including, but not limited to, establishing training and retraining standards and specifying operational procedures for the efficient discharge of duties and functions by the Conservation Officer Service and its members;"
"Environmental Management Act","Provincial","107.02","Search warrant","designation","officer","discretionary; designation","107.02  (1) On information on oath that there are reasonable grounds to believe that an offence under a designated enactment has occurred or is occurring, a justice, on being satisfied that an entry and a search are likely to provide evidence of such an offence, may issue a warrant authorizing a conservation officer"
"Environmental Management Act","Provincial","107.04","Inspection of records and warrant to seize records","designation","officer","mandatory; designation; requirement","107.04  (1) A person required by a designated enactment to keep records must submit the records to a conservation officer for inspection on request."
"Environmental Management Act","Provincial","107.1","Application of Offence Act in relation to sections 107.02 and 107.03 and to inspections","designation","chief; officer","designation","(3) Despite subsections (1) and (2) or anything to the contrary in the enactment authorizing the inspection, if the chief conservation officer, or a member of the Conservation Officer Service designated by the chief conservation officer for the purpose, considers anything seized in a search under section 107.02 or 107.03 or in an inspection under a designated enactment"
"Environmental Management Act","Provincial","107.2","Application of Criminal Code - demands and orders","code; designation","officer","designation","107.2  (1) Section 487.012 [preservation demand] of the Criminal Code (Canada) applies for the purposes of the enforcement of a designated enactment and is to be read as authorizing a conservation officer to make a demand."
"Environmental Management Act","Provincial","107.2","Application of Criminal Code - demands and orders","order; code; designation","officer","designation","(2) The following provisions of the Criminal Code (Canada) apply for the purposes of the enforcement of a designated enactment and are to be read as authorizing the issuance of an order on application by a conservation officer:"
"Environmental Management Act","Provincial","107.3","Application of Criminal Code - warrants and authorizations","code; designation","authority; officer","designation","(3) The following provisions of the Criminal Code (Canada) apply for the purposes of the enforcement of a designated enactment and are to be read as authorizing the issuance of a warrant conferring authority on a conservation officer:"
"Environmental Management Act","Provincial","107.3","Application of Criminal Code - warrants and authorizations","code; designation","officer","designation","(4) Section 487.11 [where warrant not necessary] of the Criminal Code (Canada), as it relates to section 492.1, applies for the purposes of the enforcement of a designated enactment and is to be read as referring to a conservation officer."
"Environmental Management Act","Provincial","111","Inspection of vehicles","regulation; order; plan; permit; licence; approval","officer","discretionary","(2) For the purposes of ensuring compliance with this Act or the regulations, including with a permit, licence, order, waste management plan or approval, if an officer has reasonable grounds for believing that a vehicle is being used for the transportation or handling of waste, the officer may, at any reasonable time,"
"Environmental Management Act","Provincial","113","Inquiries","guideline","minister","mandatory; designation","(2) A person appointed under subsection (1) must conduct the inquiry in accordance with terms of reference and any procedural guidelines specified by the minister for the inquiry."
"Environmental Management Act","Provincial","121","Offence by a corporation","regulation","commission","establishment","(2) In a prosecution for an offence under or arising out of a contravention of section 9 (1) [hazardous waste storage and disposal] or 10 (1) or (3) [transportation of hazardous waste], or of a regulation made with respect to hazardous waste, it is sufficient proof of the offence to establish that it was committed by an employee or agent of the accused whether or not the employee or agent is identified or has been prosecuted for the offence, unless the accused establishes that the offence was committed without the accused's knowledge or consent or that the accused exercised all due diligence to prevent its commission."
"Environmental Management Act","Provincial","135","Interagency agreements","designation; agreement","minister; chief; officer","discretionary; designation","135  (1) Subject to the direction of the minister, the chief conservation officer or any other person designated by the minister may enter into agreements with other agencies of government, including those of the federal government and of provincial, municipal and first nations governments, respecting"
"Environmental Management Act","Provincial","137","Powers that Lieutenant Governor in Council may exercise","order_in_council; permit","governor_in_council; council","discretionary","(2) Without limiting subsection (1), the Lieutenant Governor in Council, after any consultations the Lieutenant Governor in Council considers desirable, may issue permits for the construction and operation of facilities for the management, treatment, disposal, recycling, storage and destruction of wastes or for the introduction of wastes into the environment."
"Environmental Management Act","Provincial","138","General authority to make regulations","regulation; designation","minister","designation","(x) requiring a municipality designated by the minister to administer regulations under this section relating to hazardous wastes as they apply to effluent discharged by an industry connected to the municipal sewer system;"
"Environmental Management Act","Provincial","14","Permits","permit","director","discretionary","14  (1) A director may issue a permit authorizing the introduction of waste into the environment subject to requirements for the protection of the environment that the director considers advisable and, without limiting that power, may do one or more of the following in the permit:"
"Environmental Management Act","Provincial","14","Permits","permit","director","discretionary; prohibited","(3) Despite subsection (1), a director may not issue or, subject to subsection (4), amend, a permit authorizing the introduction of waste into the environment if the introduction is governed by"
"Environmental Management Act","Provincial","140","Transitional","regulation","director","establishment","(4) A protocol approved or adopted by a director under the regulations to the Waste Management Act is deemed to be a protocol established under section 64 of this Act."
"Environmental Management Act","Provincial","15","Approvals","permit","director","discretionary","15  (1) A director may approve the introduction of waste into the environment for a period of up to 15 months without issuing a permit."
"Environmental Management Act","Provincial","15","Approvals","permit; approval","director","discretionary","(2) A director may issue the director's approval subject to requirements for the protection of the environment that the director considers advisable and, without restricting that power, may include as a requirement anything referred to in section 14 (1) [permits]."
"Environmental Management Act","Provincial","16","Amendment of permits and approvals","regulation; permit","director","discretionary","16  (1) A director may, subject to section 14 (3) [permits], this section and the regulations, for the protection of the environment,"
"Environmental Management Act","Provincial","19","Variance orders","order; plan; permit; licence; approval","minister","discretionary","19  (1) If the minister considers that a person should have temporary relief from a requirement of an order, a permit, an approval, a licence or a waste management plan, the minister may issue a variance order with respect to a requirement of the order, permit, approval, licence or waste management plan."
"Environmental Management Act","Provincial","21","Regulations for the purposes of Part 2","order_in_council; permit","governor_in_council; director; council","discretionary; requirement","(u) requiring a person who manages hazardous waste or introduces waste into the environment, other than in accordance with a permit under section 14, to give security in the amount and form and subject to the conditions the Lieutenant Governor in Council may specify, or authorizing a director to require a person who manages hazardous waste or introduces waste into the environment, other than in accordance with a permit under section 14, to give security in the amount and form and subject to the conditions the director may specify."
"Environmental Management Act","Provincial","24","Waste management plans","regulation; plan; approval","minister","discretionary","24  (1) A municipality, alone or with one or more other municipalities, may submit for approval by the minister a waste management plan, that complies with the regulations respecting the management of municipal liquid waste."
"Environmental Management Act","Provincial","24","Waste management plans","plan; approval","minister","mandatory","(2) On the written request of the minister, a regional district must submit for approval by the minister a waste management plan that"
"Environmental Management Act","Provincial","24","Waste management plans","regulation; plan","minister","discretionary","(4) If the minister considers it to be in the public interest and is satisfied that a municipality is making efforts in good faith to complete a waste management plan in accordance with this Act and the regulations, the minister may, on conditions specified by the minister, grant an extension of a date specified under this section."
"Environmental Management Act","Provincial","24","Waste management plans","plan","minister","discretionary","(5) Subject to section 27 (2) [public consultation process], the minister may, at any time, with or without conditions, approve all or part of a waste management plan or an amendment to a waste management plan."
"Environmental Management Act","Provincial","24","Waste management plans","order; plan","minister","discretionary","(6) The minister may, by order, amend or cancel a waste management plan and, if cancelled, the waste management plan ceases to have force or effect."
"Environmental Management Act","Provincial","25","Authority to manage municipal solid waste and recyclable material in regional districts","bylaw; licence","authority","definition","""waste stream management licence"" means a licence issued by a regional district, under the authority of a bylaw made under subsection (3) (h) (i), to the owner or operator of a site that accepts and manages municipal solid waste."
"Environmental Management Act","Provincial","27","Public consultation process","plan; review","minister","discretionary; prohibited","(2) The minister may not approve a waste management plan unless the minister is satisfied that there has been adequate public review and consultation with respect to the development, amendment and final content of the waste management plan."
"Environmental Management Act","Provincial","28","Operational certificates","regulation; plan; certificate","minister; director","discretionary","28  (1) If a waste management plan is approved by the minister, a director may, in accordance with the regulations, issue an operational certificate, with or without conditions, to the municipality or to any person who is the owner of a site or facility covered by the waste management plan."
"Environmental Management Act","Provincial","29","Sewage control areas","order_in_council; designation","governor_in_council; board; council","discretionary; designation","29  (1) The Lieutenant Governor in Council may designate all or a specified part of a municipality as a sewage control area, and on the designation the council, board or other governing body of the municipality"
"Environmental Management Act","Provincial","29","Sewage control areas","order_in_council","governor_in_council; council","discretionary","(6) The Lieutenant Governor in Council may reduce or extend the boundaries of a sewage control area, and may disestablish a sewage control area."
"Environmental Management Act","Provincial","30","Sewage in regional districts","bylaw","board","discretionary","30  (1) The board of the Greater Vancouver Sewerage and Drainage District or, if a regional district exercises a power to provide a service related to the disposal or treatment of sewage, the board of the district, may make bylaws respecting the direct or indirect discharge of wastes into any sewer or drain connected to a sewerage facility operated by the district."
"Environmental Management Act","Provincial","31","Control of air contaminants in Greater Vancouver","bylaw","board","discretionary","31  (1) Despite anything in its letters patent, the Metro Vancouver Regional District may provide the service of air pollution control and air quality management and, for that purpose, the board of the regional district may, by bylaw, prohibit, regulate and otherwise control and prevent the discharge of air contaminants."
"Environmental Management Act","Provincial","31","Control of air contaminants in Greater Vancouver","regulation","officer","discretionary","(a) officers who may, with respect to the discharge of air contaminants in the Metro Vancouver Regional District, exercise all the powers of an officer under section 109 [entry on property] and the regulations, and"
"Environmental Management Act","Provincial","31","Control of air contaminants in Greater Vancouver","order; bylaw; permit","director","discretionary","(4) A district director may, by order, impose on a person further restrictions or conditions in relation to an operation, activity, industry, trade, business, air contaminant or works covered by a bylaw under subsection (3) (d) in order that the person may qualify for an exemption under that subsection, including a condition that the person obtain a permit."
"Environmental Management Act","Provincial","31","Control of air contaminants in Greater Vancouver","bylaw","minister","discretionary; requirement","(5) The minister may require the Metro Vancouver Regional District to amend, suspend or cancel any bylaw or part of a bylaw made under this section if the minister considers it necessary in the public interest."
"Environmental Management Act","Provincial","32","Disposal of municipal solid waste in Greater Vancouver","bylaw","board","discretionary","32  (1) In addition to anything in the Greater Vancouver Sewerage and Drainage District Act, the Administration Board of the Greater Vancouver Sewerage and Drainage District may make bylaws to prohibit, regulate or otherwise control the introduction into the environment of municipal solid waste."
"Environmental Management Act","Provincial","32","Disposal of municipal solid waste in Greater Vancouver","regulation","officer","discretionary; designation","(b) appoint officers who may, with respect to the management of municipal solid waste and recyclable material at sites within the area of the Metro Vancouver Regional District, exercise all the powers of an officer under sections 109 [entry on property] and 111 [inspection of vehicles] of this Act and under the regulations."
"Environmental Management Act","Provincial","32","Disposal of municipal solid waste in Greater Vancouver","designation; review","minister","designation; requirement","(a) require a person designated by the minister to carry out a review of the manner in which the powers have been exercised by the Greater Vancouver Sewerage and Drainage District, or"
"Environmental Management Act","Provincial","32","Disposal of municipal solid waste in Greater Vancouver","report","minister","discretionary","(5) After the minister receives a report and recommendation from the officers referred to in subsection (4) (a), and after any consultation the minister considers necessary, the minister may revoke any or all of the powers granted under subsection (1) or (2)."
"Environmental Management Act","Provincial","32","Disposal of municipal solid waste in Greater Vancouver","bylaw","board; authority; officer","designation","(7) Division 2 [Appeals from Decisions under this Act] of Part 8 and section 133 [service] apply to a decision of the Administration Board of the Greater Vancouver Sewerage and Drainage District, or a decision of an officer, employee or elected or appointed official of the Metro Vancouver Regional District, made under the authority of a bylaw made under subsection (1) or (2)."
"Environmental Management Act","Provincial","33","Disposal of municipal solid waste in other regional districts","regulation; order_in_council","governor_in_council; council","discretionary","33  (1) The Lieutenant Governor in Council, on receipt of a written request from a regional district, other than a regional district that is within the area of the Greater Vancouver Sewerage and Drainage District, and after appropriate consultation with the regional district and affected stakeholders, may make regulations"
"Environmental Management Act","Provincial","34","Bylaw approval or amendment","bylaw; approval","minister; board; authority","discretionary; prohibited","34  (1) A bylaw made by a regional district under the authority of section 25 [authority to manage municipal solid waste and recyclable material in regional districts], 26 [municipal solid waste disposal fees] or 33 [disposal of municipal solid waste in other regional districts] or made by the Administration Board of the Greater Vancouver Sewerage and Drainage District under the authority of section 25, 26 or 32 [disposal of municipal solid waste in Greater Vancouver], may not be adopted without the prior written approval of the minister."
"Environmental Management Act","Provincial","34","Bylaw approval or amendment","bylaw; authorization","minister; authority","discretionary; requirement","(2) If the minister considers it necessary in the public interest, the minister may require a regional district or the Greater Vancouver Sewerage and Drainage District to amend, suspend or cancel a bylaw or part of a bylaw, or any authorization given under a bylaw made under section 25 [authority to manage municipal solid waste and recyclable material in regional districts], 26 [municipal solid waste disposal fees], 32 [disposal of municipal solid waste in Greater Vancouver] or 33 [disposal of municipal solid waste in other regional districts]."
"Environmental Management Act","Provincial","35","Delegation of powers","bylaw","authority; officer","discretionary","35  (1) For the purposes of sections 25 [authority to manage municipal solid waste and recyclable material in regional districts], 26 [municipal solid waste disposal fees], 32 [disposal of municipal solid waste in Greater Vancouver] and 33 [disposal of municipal solid waste in other regional districts], a regional district may, by bylaw, delegate to an officer or employee of the regional district the power to perform the functions and duties of the regional district in bylaws made under those sections."
"Environmental Management Act","Provincial","35","Delegation of powers","bylaw","board; authority; officer","discretionary","(2) For the purpose of sections 25 [authority to manage municipal solid waste and recyclable material in regional district], 26 [municipal solid waste disposal fees] and 32 [disposal of municipal solid waste in Greater Vancouver], the Administration Board of the Greater Vancouver Sewerage and Drainage District may, by bylaw, delegate to an officer or employee of the Metro Vancouver Regional District the power to perform the functions and duties of the Greater Vancouver Sewerage and Drainage District in bylaws made under those sections."
"Environmental Management Act","Provincial","37","Conflicts between this Act and bylaws, permits, etc. issued by a municipality","order; order_in_council; bylaw; plan; permit; approval","governor_in_council; council","discretionary","that would not allow the land to be used for the purpose allowed under a permit, approval or order issued in respect of the land or an approved waste management plan respecting the land, the Lieutenant Governor in Council may, by order, suspend the operation of the bylaw or contract to the extent the Lieutenant Governor in Council considers necessary to enable the rights given by the permit approval or order to be exercised."
"Environmental Management Act","Provincial","48","Remediation orders","designation; permit","chief; officer","designation","(d) in consultation with the chief permitting officer designated under the Mines Act, the requirements of a permit issued under section 10 of that Act;"
"Environmental Management Act","Provincial","48","Remediation orders","order","director","mandatory","(6) If a remediation order, or a pollution abatement order under section 83 [pollution abatement orders] that imposes a requirement for remediation, is issued in respect of a site, and the director has not yet determined under section 44 [determination of contaminated sites] whether the site is a contaminated site, as soon as reasonably possible after the issuance of the order, the director must determine"
"Environmental Management Act","Provincial","48","Remediation orders","order; notice","director","mandatory","(13) A director, on making a remediation order must, within a reasonable time, provide notice of the order in writing to every person holding an interest in the contaminated site if the interest is registered in the land title office or a land registry office of a treaty first nation at the time of issuing the order."
"Environmental Management Act","Provincial","48","Remediation orders","order; designation","director","discretionary; designation; authorization","(14) A remediation order may authorize, subject to the terms and conditions a director considers necessary and reasonable, any person designated by the director to enter specified land for the purpose of ensuring that the remediation order is carried out according to its terms."
"Environmental Management Act","Provincial","49","Allocation panel","agreement","director","discretionary; requirement","(4) A director may require, as a condition of entering a voluntary remediation agreement with a responsible person, that the responsible person, at the responsible person's own expense, seek and provide to the director the opinion of an allocation panel under subsection (2)."
"Environmental Management Act","Provincial","51","Voluntary remediation agreements","regulation; agreement","director","discretionary","51  (1) On the request of a responsible person, including a minor contributor, a director may enter into a voluntary remediation agreement in accordance with the regulations, consisting of"
"Environmental Management Act","Provincial","51","Voluntary remediation agreements","agreement","director","discretionary; requirement","(3) A director may stipulate in a voluntary remediation agreement that a responsible person is not required to begin remediation of a contaminated site for a specified period of time if the responsible person demonstrates that the contaminated site does not present an imminent and significant threat or risk to"
"Environmental Management Act","Provincial","53","Approvals in principle and certificates of compliance","plan; assessment","director","discretionary","53  (1) For the purposes of exercising powers and performing duties under this section, a director may rely on any information the director considers sufficient for the purpose, including, but not limited to, a preliminary site investigation, a detailed site investigation, a risk assessment, a remediation plan or a summary of site condition."
"Environmental Management Act","Provincial","53","Approvals in principle and certificates of compliance","regulation; plan; approval","director","discretionary","(1.1) On application by a responsible person, a director, in accordance with the regulations, may issue an approval in principle stating that a remediation plan for a contaminated site"
"Environmental Management Act","Provincial","53","Approvals in principle and certificates of compliance","plan","director","requirement","(c) a plan has been prepared for the purposes of containing, controlling and monitoring any substances remaining on the site and, if required by the director, works have been installed to implement the plan,"
"Environmental Management Act","Provincial","53","Approvals in principle and certificates of compliance","regulation","minister; director","discretionary","(d) any security in relation to the management of contamination, which security may include real and personal property in the amount and form and subject to the conditions specified by the director, has been provided in accordance with the minister's regulations, and"
"Environmental Management Act","Provincial","54","Independent remediation procedures","regulation","director","discretionary","(5) The director may assess against a person, in accordance with the regulations, the prescribed fees for carrying out the actions referred to in subsection (4)."
"Environmental Management Act","Provincial","56","Selection of remediation options","regulation; guideline; approval; certificate","director","mandatory","(2) When issuing an approval in principle or a certificate of compliance, a director must consider whether permanent solutions have been given preference to the maximum extent practicable as determined in accordance with any guidelines set out in the regulations."
"Environmental Management Act","Provincial","57","Delegation of responsibilities to municipalities or other ministries","agreement","minister","discretionary","57  (1) The minister and a municipality may enter into an agreement authorizing the municipality to exercise powers and perform functions described in subsection (3), except in relation to a contaminated site that is owned by a municipality or for which a municipality is a responsible person."
"Environmental Management Act","Provincial","57","Delegation of responsibilities to municipalities or other ministries","agreement","director","discretionary","(3) If an agreement or arrangement under subsection (1) or (2) has been entered into, a director may delegate to one or more officials of a municipality or another ministry the powers and functions of a director respecting any or all of the following:"
"Environmental Management Act","Provincial","58","Orphan sites","order","minister; officer","discretionary; authorization","(3) If the minister has made a declaration under subsection (2), the minister may carry out remediation and recover the reasonably incurred costs of the remediation and the minister, or an officer authorized in writing by the minister, may, even though the ordered action interferes with or abrogates property rights, order any person to"
"Environmental Management Act","Provincial","59","Cost recovery if minister carries out remediation","order","minister","requirement","(b) by order of the minister directing a person who is purchasing or otherwise acquiring an interest in land that is subject to remediation under section 58 [orphan sites] to pay to the minister, in respect of the amounts spent in remediation, instead of to the vendor, an amount not exceeding the amount owing to the vendor, and the purchaser is discharged in the amount paid to the minister from the obligation to pay the vendor."
"Environmental Management Act","Provincial","59","Cost recovery if minister carries out remediation","order","minister","mandatory","(7) If the minister makes an order under subsection (2) (b), the registrar must make a notation of the order on the site registry."
"Environmental Management Act","Provincial","60","Government retains right to take future action","agreement","director","discretionary","60  A director may exercise any of a director's powers or functions under this Part, even though they have been previously exercised and despite any voluntary remediation agreement, if"
"Environmental Management Act","Provincial","62","Contaminated site regulations","report","director; authority","requirement","(m) authorizing a director to require a report of a qualified professional and specify the requirements of the report before exercising the director's authority under this Part;"
"Environmental Management Act","Provincial","62","Contaminated site regulations","order","director","mandatory","(n) prescribing factors that must be considered in determining reasonable costs of remediation, circumstances in which costs of remediation are considered reasonable and evidentiary matters for the purposes of an apportionment of remediation costs by a court under section 47 [general principles of liability for remediation] or by the director in a remediation order under section 48 [remediation orders];"
"Environmental Management Act","Provincial","62","Contaminated site regulations","order_in_council","governor_in_council; council","discretionary","(q) exempting any person from any requirement under this Part in circumstances and on conditions that the Lieutenant Governor in Council may prescribe;"
"Environmental Management Act","Provincial","63","Minister's regulations - contaminated sites","notice","director","mandatory","(ii)  prescribing the persons to whom a director must give notice of a determination under section 44 [determinations of contaminated sites],"
"Environmental Management Act","Provincial","65","Definitions and interpretation","regulation; approval; certificate","director","mandatory","(5) Despite sections 66 (5) [exploration sites], 67 (4) [advanced exploration sites] and 68 (4) [producing or past producing mine sites], a person who requests a director to issue an approval in principle or a certificate of compliance under section 53 [approvals in principle and certificates of compliance] or to provide any other services in relation to a contaminated site must pay the fees prescribed in the regulations for those services."
"Environmental Management Act","Provincial","67","Advanced exploration sites","order","director","discretionary; prohibited","(2) A director may not issue a remediation order under section 48 [remediation orders] to a current or previous owner or operator of a core area within an advanced exploration site."
"Environmental Management Act","Provincial","68","Producing or past producing mine sites","order","director","discretionary; prohibited","(2) The director may not issue a remediation order under section 48 [remediation orders] in relation to the remediation of a core area of a producing or past producing mine unless"
"Environmental Management Act","Provincial","79","Spill prevention and reporting","plan","minister","requirement","(b) to prepare, in accordance with the minister's directions, a contingency plan containing information the minister requires, and"
"Environmental Management Act","Provincial","79","Spill prevention and reporting","order; plan","director","discretionary","(3) If an escape or spill occurs of a polluting substance for which a contingency plan was prepared, a director may order any person having possession, charge or control of the substance at the time it escaped or was spilled, or the person who prepared the plan or all of them to put the contingency plan into operation at their expense."
"Environmental Management Act","Provincial","79","Spill prevention and reporting","order; plan","minister","discretionary","(4) The minister may order a person who prepared a contingency plan to test the plan."
"Environmental Management Act","Provincial","81","Pollution prevention orders","regulation; order; plan; permit; authorization; approval; certificate","director","discretionary; prohibited","(4) The powers of a director under this section may not be exercised in relation to any part of an activity or operation that is in compliance with the regulations or a permit, approval, order, waste management plan or operational certificate or an authorization made under the regulations."
"Environmental Management Act","Provincial","83","Pollution abatement orders","order; designation","director","discretionary; designation; authorization","(3) An order under subsection (1) may authorize any persons designated by the director to enter land for the purpose of controlling, abating or stopping the pollution or to carry out remediation."
"Environmental Management Act","Provincial","86","Environmental management plan - in relation to environmental protection order","order; order_in_council; plan","governor_in_council; minister; council","discretionary","86  (1) If the minister has made a declaration under section 85 (1) [environmental protection orders] respecting a detrimental environmental impact, the Lieutenant Governor in Council may direct the minister to prepare an environmental management plan for the locality that is, or would be, impacted."
"Environmental Management Act","Provincial","9","Hazardous waste storage and disposal","regulation; order; plan","director","mandatory; discretionary","(3) Despite subsection (2), a director may serve a person referred to in that subsection with a written order to comply with the regulations or the approved waste management plan, and, if a director does so, subject to subsection (4), the person must comply with the order within the period the director specifies in that order."
"Environmental Management Act","Provincial","9","Hazardous waste storage and disposal","regulation; order","director","mandatory","(4) If a person who is served with an order under subsection (3) does not comply with the regulations in the period specified by the director, the person must dispose of the hazardous waste as directed by a director."
"Environmental Management Act","Provincial","90.1","Permits under area based management plan","order; plan; permit","minister; director","discretionary","90.1  (1) Despite section 14 [permits], if the introduction of waste into the environment is provided for under an area based management plan, the minister may, in writing, order a director to issue a permit under that section authorizing the introduction of waste"
"Environmental Management Act","Provincial","91.11","Regulated persons - spill contingency planning","regulation; order; plan","director","discretionary","(6) A director who requests a copy of a spill contingency plan may order that the spill contingency plan be amended in accordance with the director's directions and resubmitted in the time specified by the director, if the director is satisfied that the spill contingency plan does not comply with this Act or the regulations."
"Environmental Management Act","Provincial","91.11","Regulated persons - spill contingency planning","order; plan","director","discretionary","(7) A director may order a regulated person to test the efficacy of the regulated person's spill contingency plan in the time and manner specified by the director."
"Environmental Management Act","Provincial","91.2","Responsible persons - spill response","regulation; order; plan","director","discretionary","(4) A director may order a responsible person in relation to a spill to prepare, in accordance with the regulations, and submit to the director, in the time and manner specified by the director, a recovery plan, or an amended recovery plan, to resolve or mitigate the impacts of the spill."
"Environmental Management Act","Provincial","91.21","When restoration not reasonably achievable","order; plan","director","discretionary","(2) In the circumstances described in subsection (1), the director may order that the recovery plan for the spill provide for"
"Environmental Management Act","Provincial","91.3","Certificate of recovery","plan; certificate; report","director","discretionary","91.3  If a director is satisfied on the basis of a report under section 91.2 (6) (c) [responsible persons - spill response] that an approved recovery plan has been carried out, the director may issue to the responsible person a certificate to that effect."
"Environmental Management Act","Provincial","91.4","Government spill response","certificate","director","mandatory; discretionary","(7) A certificate under subsection (6) may be in the prescribed form, must be signed by a director and must contain"
"Environmental Management Act","Provincial","91.7","Report to the Legislative Assembly","report","minister","mandatory","91.7  At the prescribed frequency, the minister must lay before the Legislative Assembly a report respecting the administration and operation of this Division, and the effectiveness of the spill response scheme under this Division, for the period beginning, as applicable,"
"Farm Practices Protection Act","Provincial","2","Normal farm practices protected","order_in_council; designation","governor_in_council; council","discretionary; designation","(2.1) The Lieutenant Governor in Council may designate Crown land as a farming area for the purposes of subsection (2) (b) (iv)."
"Fish And Seafood Act","Provincial","11","Taking licensing action to protect marine beds","licence","officer","discretionary","11  (1) A licensing officer may refuse to issue or renew, add terms or conditions on, or vary, suspend or cancel, a licence to harvest aquatic plants if the licensing officer is of the opinion that doing so is necessary to protect, or to prevent, reduce or address any adverse effect on, all or part of a bed on which aquatic plants grow."
"Fish And Seafood Act","Provincial","11","Taking licensing action to protect marine beds","licence","officer","discretionary","(2) Nothing in this section limits any other reason for which a licensing officer may make a decision or take an action under this Act with respect to a licence, or an application for a licence, to harvest aquatic plants."
"Fish And Seafood Act","Provincial","26","Seizure and destruction","notice","inspector","mandatory","(4) An inspector must give written notice to a person from whom fish or aquatic plants are seized before taking an action under subsection (2) (b) or (3) (a) or (b)."
"Fish And Seafood Act","Provincial","59","Regulations respecting application of Act and general prohibitions","regulation; order_in_council","governor_in_council; council","discretionary","(2) The Lieutenant Governor in Council may prescribe, in a regulation made under subsection (1) (d), products or byproducts of fish or aquatic plants that are not themselves prescribed."
"Fish And Seafood Act","Provincial","6","Possession or distribution of restricted fish or aquatic plants","permit","officer","discretionary","(3) A licensing officer may issue a permit, with or without terms or conditions, for the purposes of subsection (2) (b)"
"Fish And Seafood Act","Provincial","64","Other regulation-making powers","regulation; order_in_council","governor_in_council; council","discretionary","64  (1) The Lieutenant Governor in Council may make regulations exempting a class of persons, fish, aquatic plants, facilities or things from one or more provisions of the regulations."
"Fisheries Act","Federal","10","Allocation of fish","agreement","minister; agency","discretionary","10 (1) For the proper management and control of fisheries and the conservation and protection of fish, the Minister may determine a quantity of fish or of fishing gear and equipment that may be allocated for the purpose of financing scientific and fisheries management activities that are described in a joint project agreement entered into with any person or body, or any federal or provincial minister, department or agency."
"Fisheries Act","Federal","10","Quantity in licence","licence","minister","discretionary","(2) The Minister may specify, in a licence issued under this Act, a quantity of fish or of fishing gear and equipment allocated for the purpose of financing those activities."
"Fisheries Act","Federal","18","Licences for lobster pounds","licence; certificate","minister; officer","mandatory","18 (1) No one shall maintain a pound or enclosure in which lobsters, legally caught during the open season, are retained for sale during the close season at a place where the pound or enclosure is located, or for export therefrom, except under a licence from the Minister, and no lobsters shall be taken from any such pound or enclosure and disposed of during the close season at the place where it is located, except under a certificate from a fishery officer or fishery guardian, setting out the pound or enclosure from which the lobsters were taken and that they had been legally caught during the open season."
"Fisheries Act","Federal","2","Definitions","designation","officer","definition; designation","fishery officer means a person who is designated as a fishery officer pursuant to subsection 5(1); (agent des peches)"
"Fisheries Act","Federal","25","Officer's discretion","permit","officer","discretionary","(3) A fishery officer may permit fishing gear or apparatus to remain in the water, along a beach or within a fishery after the commencement of a close time for any period the fishery officer considers necessary to permit the removal of the gear or apparatus."
"Fisheries Act","Federal","31","Exception by Minister","notice","minister","discretionary","(2) The Minister may, by notice published in the Canada Gazette, except any kind or kinds of fish from the operation of all or any part of subsection (1)."
"Fisheries Act","Federal","33.1","Definition of ""fishing plan""","plan; agreement","minister","definition","33.1 (1) In this section, fishing plan means a Nisga'a annual fishing plan, as defined in the Fisheries Chapter of the Nisga'a Final Agreement given effect by the Nisga'a Final Agreement Act, that is approved, or varied and approved, by the Minister in accordance with that Agreement."
"Fisheries Act","Federal","33.1","Conditions of prosecution","plan","minister","designation; authorization","(b) unless the Minister, or a person appointed to a position in the Department of Fisheries and Oceans who is authorized by the Minister, considers such proceedings to be necessary to ensure compliance with the fishing plan."
"Fisheries Act","Federal","34.3","Studies, etc. - management or control of obstruction","study","minister","mandatory","34.3 (1) If the Minister considers that doing so is necessary to ensure the free passage of fish or the protection of fish or fish habitat, the owner or person who has the charge, management or control of an obstruction or any other thing that is detrimental to fish or fish habitat shall, on the Minister's request and within the period specified by him or her, conduct studies, analyses, samplings and evaluations, and provide the Minister with any document and other information relating to them, to the obstruction or thing or to the fish or fish habitat that is or is likely to be affected by the obstruction or thing."
"Fisheries Act","Federal","34.3","Minister's order","order","minister","mandatory","(2) If the Minister considers that doing so is necessary to ensure the free passage of fish or the protection of fish or fish habitat, the owner or person who has the charge, management or control of an obstruction or any other thing that is detrimental to fish or fish habitat shall, on the Minister's order, within the period specified by him or her and in accordance with any of his or her specifications,"
"Fisheries Act","Federal","35.1","Designated project","designation","minister","discretionary; designation","35.1 (1) The Minister may designate, as a work, undertaking or activity that is associated with a designated project, any work, undertaking or activity that the Minister considers likely to result in the death of fish or the harmful alteration, disruption or destruction of fish habitat."
"Fisheries Act","Federal","35.1","Work, undertaking or activity designated by Minister","designation","minister","mandatory; designation","(2) The Minister shall designate any work, undertaking or activity that is part of a designated project and that the Minister considers likely to result in the death of fish or the harmful alteration, disruption or destruction of fish habitat."
"Fisheries Act","Federal","35.2","Designation - ecologically significant area","regulation; order_in_council; designation","governor_in_council; minister; council","discretionary","(2) The Governor in Council may, on the recommendation of the Minister, make regulations designating ecologically significant areas."
"Fisheries Act","Federal","35.2","Requirement to provide information","regulation","minister","mandatory; requirement","(3) Any person who proposes to carry on a work, undertaking or activity referred to in subsection (1) in an ecologically significant area shall provide the Minister with any document and other information that is required by regulation in respect of the prescribed work, undertaking or activity, or the water, place, fish or fish habitat that is likely to be affected by the prescribed work, undertaking or activity."
"Fisheries Act","Federal","35.2","Powers of Minister","regulation","minister","discretionary; authorization","(7) If the Minister is satisfied, after having reviewed any document and other information provided under subsection (3) or (4), that avoidance and mitigation measures may be implemented to achieve the prescribed objectives for the conservation and protection of fish and fish habitat, he or she may authorize, subject to the regulations made under subsection (10), the carrying on of the work, undertaking or activity referred to in subsection (1) in an ecologically significant area, on any conditions that he or she considers appropriate."
"Fisheries Act","Federal","35.2","Fish habitat restoration plan","order; plan","minister","mandatory; requirement","(9) The Minister shall, as soon as feasible, prepare a fish habitat restoration plan for an ecologically significant area, if he or she is of the opinion that fish habitat restoration in that ecologically significant area is required in order to meet any prescribed objectives for the conservation and protection of fish and fish habitat."
"Fisheries Act","Federal","36","Regulations for authorizing certain deposits","authorization","authority","discretionary; authorization","(f) the persons who may authorize the deposit of any deleterious substances or classes thereof in the absence of any other authority, and the conditions or circumstances under which and requirements subject to which those persons may grant the authorization."
"Fisheries Act","Federal","36","Directions by the Minister","regulation; order; authorization; report","minister","mandatory; authorization; requirement","(6) A person authorized to deposit a deleterious substance by or under regulations made under subsection (5) or (5.2) shall, when directed by the Minister, despite any regulations made under paragraph (5)(e) or (5.2)(d) or any conditions set out in an authorization made under paragraph (5)(f), conduct any sampling, analyses, tests, measurements or monitoring, install or operate any equipment or comply with any procedures, and report any information, that is required by the Minister in order to determine whether the person is depositing the deleterious substance in the manner authorized."
"Fisheries Act","Federal","37","Minister may require plans and specifications","regulation; plan; study","minister","mandatory; discretionary","37 (1) If a person carries on or proposes to carry on any work, undertaking or activity that results or is likely to result in the death of fish, in the harmful alteration, disruption or destruction of fish habitat or in the deposit of a deleterious substance in water frequented by fish or in any place under any conditions where that deleterious substance or any other deleterious substance that results from the deposit of that deleterious substance may enter any such waters, the person shall, on the request of the Minister - or without request in the manner and circumstances prescribed by regulations made under paragraph (3)(a) - provide him or her with any documents - plans, specifications, studies, procedures, schedules, analyses, samples, evaluations - and any other information relating to the work, undertaking or activity, or to the water, place, fish or fish habitat that is or is likely to be affected by the work, undertaking or activity, that will enable the Minister to determine"
"Fisheries Act","Federal","37","Consultation","order","minister","mandatory","(4) If the Minister proposes to make an order under subsection (2), he or she shall offer to consult with the governments of any provinces that he or she considers to be interested in the proposed order and with any departments or agencies of the Government of Canada that he or she considers appropriate."
"Fisheries Act","Federal","38","Duty to notify - death of fish","regulation","authority; officer; inspector","mandatory; authorization","(4) Every person shall without delay notify an inspector, a fishery officer, a fishery guardian or an authority prescribed by the regulations of the death of fish that is not authorized under this Act, or of a serious and imminent danger of such occurrence, if the person at any material time"
"Fisheries Act","Federal","38","Duty to notify - harmful alteration, disruption or destruction of fish habitat","regulation","authority; officer; inspector","mandatory; authorization","(4.1) Every person shall without delay notify an inspector, a fishery officer, a fishery guardian or an authority prescribed by the regulations of a harmful alteration, disruption or destruction of fish habitat that is not authorized under this Act, or of a serious and imminent danger of such an occurrence, if the person at any material time"
"Fisheries Act","Federal","38","Duty to notify - deleterious substance","regulation","authority; officer; inspector","mandatory; discretionary; authorization","(5) If there occurs a deposit of a deleterious substance in water frequented by fish that is not authorized under this Act, or if there is a serious and imminent danger of such an occurrence, and detriment to fish habitat or fish or to the use by humans of fish results or may reasonably be expected to result from the occurrence, then every person shall without delay notify an inspector, a fishery officer, a fishery guardian or an authority prescribed by the regulations if the person at any material time"
"Fisheries Act","Federal","38","Report","regulation; report","authority; officer; inspector","mandatory","(7) As soon as feasible after the occurrence or after learning of the danger of the occurrence, the person shall provide an inspector, a fishery officer, a fishery guardian or an authority prescribed by the regulations with a written report on the occurrence or danger of the occurrence."
"Fisheries Act","Federal","38","Corrective measures","order; report","officer; inspector","discretionary","(7.1) If an inspector or fishery officer, whether or not they have been notified under subsection (4), (4.1) or (5) or provided with a report under subsection (7), is satisfied on reasonable grounds that immediate action is necessary in order to take any measures referred to in subsection (6), the inspector or officer may, subject to subsection (7.2), take any of those measures at the expense of any person described in paragraph (4)(a) or (b), (4.1)(a) or (b) or (5)(a) or (b) or direct that person to take the measures at their expense."
"Fisheries Act","Federal","4.1","Minister may enter into agreements","agreement","minister","discretionary; establishment","4.1 (1) The Minister may enter into an agreement with any government of a province, any Indigenous governing body and any body - including a co-management body - established under a land claims agreement, to further the purpose of this Act, including an agreement with respect to one or more of the following:"
"Fisheries Act","Federal","42.1","Annual report","report","minister","mandatory","42.1 (1) The Minister shall, as soon as feasible after the end of each fiscal year, prepare and cause to be laid before each house of Parliament a report on the administration and enforcement of the provisions of this Act relating to fish and fish habitat protection and pollution prevention for that year."
"Fisheries Act","Federal","43","Amendments to list of aquatic invasive species","regulation","minister","discretionary; establishment","(3) The Minister may, by regulation, add species to the list of aquatic invasive species established by regulations made under paragraph (1)(n) or remove species from that list, and vary the places to which regulations made under paragraph (1)(o) apply."
"Fisheries Act","Federal","43.3","Regulations - Minister","regulation","minister","discretionary","43.3 (1) The Minister may, for the purposes of the conservation and protection of marine biodiversity and with respect to any area of Canadian fisheries waters that he or she specifies, make regulations"
"Fisheries Act","Federal","44","Prohibition of harvesting of marine plants in certain cases","regulation; licence","minister","mandatory","44 Except in accordance with the conditions of a licence issued by the Minister under section 45, no person shall harvest marine plants in the coastal waters of Canada in contravention of any regulation made under paragraph 46(1)(a)."
"Fisheries Act","Federal","45","Licences","regulation; licence","minister","discretionary","45 The Minister may, on receipt of an application made in accordance with the regulations, issue a licence to the applicant for the harvesting of marine plants in the coastal waters of Canada for a term not exceeding one year and on such conditions relating to"
"Fisheries Act","Federal","5","Designation","designation","minister; officer","discretionary; designation","5 (1) The Minister may designate any persons or classes of persons as fishery officers or fishery guardians for the purposes of this Act and may limit in any manner the Minister considers appropriate the powers that a fishery officer or fishery guardian may exercise under this Act or any other Act of Parliament."
"Fisheries Act","Federal","5","Certificate of designation","designation; certificate","minister; officer","mandatory; discretionary","(2) Each fishery officer and fishery guardian shall be provided with a certificate in a form the Minister considers appropriate certifying their designation as such and, where the powers of a fishery officer or fishery guardian are limited pursuant to subsection (1), specifying the powers that the officer or guardian may exercise under this Act or any other Act of Parliament."
"Fisheries Act","Federal","5","Presentation of certificate","designation; certificate","officer","mandatory","(3) On entering any place under this Act or any other Act of Parliament, a fishery officer or fishery guardian shall, on request, show the certificate of designation to the person in charge of the place."
"Fisheries Act","Federal","55","Boundaries of estuary fishing","designation","minister; officer","designation; authorization","55 The Minister, or any fishery officer duly authorized by the Minister, has power to define the boundaries of tidal waters and estuaries and to designate what is the mouth of any river, stream or other water for the purposes of this Act."
"Fisheries Act","Federal","56","Gurry grounds","designation","officer","discretionary; designation","56 Gurry grounds may be designated or defined by any fishery officer."
"Fisheries Act","Federal","6.2","Plan to rebuild","plan","minister","mandatory","6.2 (1) If a major fish stock has declined to or below its limit reference point, the Minister shall develop a plan to rebuild the stock above that point in the affected area, taking into account the biology of the fish and the environmental conditions affecting the stock, and implement it within the period provided for in the plan."
"Fisheries Act","Federal","6.2","Amendment","order; plan","minister","discretionary","(2) If the Minister is of the opinion that such a plan could result in adverse socio-economic or cultural impacts, the Minister may amend the plan or the implementation period in order to mitigate those impacts while minimizing further decline of the fish stock."
"Fisheries Act","Federal","61","Duty to provide information","designation","authority; officer","mandatory; discretionary; designation","(4) A person referred to in subsection (1) shall, on the request of any fishery officer or fishery guardian, provide the officer or guardian, or any authority designated by the officer or guardian, with any information relating to a matter mentioned in subsection (2) that the officer or guardian may request."
"Fisheries Act","Federal","61","Idem","regulation; designation; licence","authority; officer","mandatory; designation; requirement","(5) A person referred to in subsection (1) shall, in accordance with the regulations and the terms and conditions of any lease or licence issued to the person under this Act, provide a fishery officer, a fishery guardian or any authority designated in the regulations, lease or licence with any information relating to a matter mentioned in subsection (2) that the regulations, lease or licence requires."
"Fisheries Act","Federal","63","False statements","designation","authority; officer; inspector","mandatory; designation","63 (1) No person shall make a false or misleading statement, whether orally or in writing, to an inspector, a fishery officer, a fishery guardian, any authority designated by a fishery officer or a fishery guardian or any authority prescribed under paragraph 38(9)(a) or (b) who is carrying out duties or functions under this Act."
"Fisheries Act","Federal","63","False records","designation","authority; officer; inspector","mandatory; designation","(3) No person shall produce for examination or copying by an inspector, a fishery officer or a fishery guardian or any authority designated by a fishery officer or a fishery guardian any records, books of account or other documents that contain false or misleading information."
"Fisheries Act","Federal","7","Default of payment of fine","licence","minister","discretionary","(1.1) The Minister may refuse to issue a lease or licence for fisheries or fishing to a person, if, among other things, they are in default of payment of a fine in relation to a contravention of the Act and the proceeds of the fine belong to Her Majesty in Right of Canada or of a province or to any other person or entity."
"Fisheries Act","Federal","79.7","Procedure","regulation; code","officer; inspector","discretionary","79.7 (1) In addition to the procedures set out in the Criminal Code for commencing a proceeding, proceedings in respect of any offence prescribed by regulation may be commenced by a fishery officer, fishery guardian or inspector"
"Fisheries Act","Federal","79.7","Notice of forfeiture","regulation; notice","officer; inspector","mandatory","(3) Where any fish or other thing is seized under this Act and proceedings relating to the fish or thing are commenced by way of the ticketing procedure described in subsection (1), the fishery officer, fishery guardian or inspector who completes the ticket shall give written notice to the accused that if the accused pays the fine prescribed by regulation within the period set out in the ticket, the fish or thing, or any proceeds realized from its disposition, shall thereupon be forfeited to Her Majesty."
"Fisheries Act","Federal","8","Fees","regulation; order_in_council; licence","governor_in_council; minister; council","discretionary","8 (1) Except if fees are prescribed in this Act, the Governor in Council may, by regulation and on the recommendation of the Minister, prescribe the fees that are to be charged for fishery or fishing licences and for fishing quotas."
"Fisheries Act","Federal","86.92","Government records","agreement","minister; agency","discretionary","86.92 (1) The Minister, fishery officers, fishery guardians and inspectors and any department or agency of a government in Canada with which the Minister has entered into an agreement under section 86.94 may keep records and use information obtained as a result of the use of alternative measures"
"Fisheries Act","Federal","86.94","Agreements respecting exchange of information","agreement; report","minister; agency","discretionary","86.94 The Minister may enter into an agreement with a department or agency of a government in Canada respecting the exchange of information for the purpose of administering alternative measures or preparing a report in respect of an alleged offender's compliance with an alternative measures agreement."
"Fisheries Act","Federal","9.1","Powers of Minister","order","minister","mandatory; discretionary; requirement","9.1 (1) The Minister may, if he or she is of the opinion that prompt measures are required to address a threat to the proper management and control of fisheries and the conservation and protection of fish, make a fisheries management order with respect to any aspect of fisheries in any area of Canadian fisheries waters specified in the order"
"Fisheries Development Act","Federal","3","Projects with a province","agreement","minister; agency","discretionary; authorization","(2) The Minister may enter into an agreement with any province providing for the undertaking jointly with the government of the province or any agency thereof of any project that the Minister is authorized to undertake under subsection (1)."
"Fisheries Development Act","Federal","3","Payments to a province","order_in_council; agreement; approval","governor_in_council; minister; agency; council","discretionary; authorization","(3) The Minister may, with the approval of the Governor in Council, enter into an agreement with any province providing for the payment to the province of contributions in respect of the cost of any project that is undertaken by the government of the province or any agency thereof and that the Minister is authorized to undertake under subsection (1)."
"Fisheries Development Act","Federal","4","Services, etc., of other departments","study","minister","mandatory","4 The Minister shall, in carrying out any project or economic study under this Act, make use, wherever possible, of the services and facilities of other departments of the Government of Canada or of any agencies thereof."
"Fisheries Development Act","Federal","7","Advisory committees","order","minister","discretionary; establishment; designation","7 (1) The Minister may, in order to carry out the purposes and provisions of this Act, establish such advisory committees as he deems necessary and appoint the members thereof."
"Fishing And Recreational Harbours Act","Federal","27","Appointment of officers or employees","regulation","minister","mandatory; discretionary; designation","27 For the purposes of this Act, the Minister may appoint and fix the remuneration of such officers or employees as the Minister thinks proper for the operation, administration and management of any scheduled harbours, and the officers or employees so appointed shall perform such duties or functions as the Minister may direct or as may be prescribed by regulations made under this Act."
"Fishing And Recreational Harbours Act","Federal","6","Services of other departments","study","minister","mandatory","6 The Minister shall, in carrying out any project or study under this Act, make use, wherever possible, of the services and facilities of other departments, boards or agencies of the Government of Canada."
"Flood Relief Act","Provincial","4","Report and audit","order_in_council","governor_in_council; board; council","mandatory; designation","(2) Unless the Auditor General is appointed in accordance with the Auditor General Act as the auditor of the board, the Lieutenant Governor in Council must appoint an auditor to audit the accounts of the board at least once each year."
"Foreign Missions And International Organizations Act","Federal","2","Article 17Performance of diplomatic acts by consular officers","agreement","officer","mandatory; discretionary; prohibited","2 A consular officer may, after notification addressed to the receiving State, act as representative of the sending State to any inter-governmental organization. When so acting, he shall be entitled to enjoy any privileges and immunities accorded to such a representative by customary international law or by international agreements; however, in respect of the performance by him of any consular function, he shall not be entitled to any greater immunity from jurisdiction than that to which a consular officer is entitled under the present Convention."
"Forest Act","Provincial","10","Apportioning cut","agreement","minister","discretionary","10  (1) The minister may specify that a portion of the allowable annual cut determined for the Crown land in a timber supply area under section 8 (1) (a) is available for granting under a form of agreement referred to in section 12."
"Forest Act","Provincial","100","Scaling","licence","minister","mandatory; designation","100  (1) A person who applies for a scaling licence must be examined by one or more scaling examiners appointed by the minister."
"Forest Act","Provincial","103.1","Assessments for merchantable Crown timber that is not cut and removed","regulation; order_in_council; agreement; assessment","governor_in_council; council","discretionary","(4) Despite subsections (1) to (3), the Lieutenant Governor in Council may make regulations specifying circumstances under which waste assessments are payable to the government in respect of merchantable Crown timber that could have been cut and removed under the agreement but, at the agreement holder's discretion, is not cut and removed."
"Forest Act","Provincial","105","Stumpage rate determined","policy","minister","mandatory","(5) Within 30 days after the minister approves the policies and procedures referred to in subsection (1) (c), they must be posted on a publicly accessible government website or published in any other manner that the minister considers will allow the public to have access to those policies and procedures."
"Forest Act","Provincial","106","Cruise instead of scale","agreement","minister","discretionary; requirement","(2) For the purposes of calculating the amount of stumpage payable using information provided by a cruise of the timber conducted before the timber is cut, the minister may require the holder of an agreement to submit the following information to the government:"
"Forest Act","Provincial","106","Cruise instead of scale","agreement","minister","mandatory; requirement","(3) The holder of an agreement who is required under subsection (2) to submit information to the government must submit the information in the manner and at the times required by the minister."
"Forest Act","Provincial","111","Annual rent","order_in_council; agreement; permit; licence","governor_in_council; minister; council","mandatory","must pay to the government, on or before a date specified by the minister, annual rent at the rates prescribed by the Lieutenant Governor in Council even if the licence, agreement or permit does not contain a provision to that effect."
"Forest Act","Provincial","112.1","Annual rent for council","regulation; order_in_council; licence","governor_in_council; council","discretionary; establishment; authorization","112.1  (1) If authorized by the regulations and in accordance with the regulations, the Lieutenant Governor in Council, in prescribing the rate of annual rent for a woodlot licence, under section 111 (1), may allocate a portion of that rate to represent money payable to the Woodlot Product Development Council by producers, under the Farming and Fishing Industries Development Act, in respect of a levy established by the council under that Act."
"Forest Act","Provincial","117","Mandatory refusal to issue road permit","permit","minister","requirement","(ii)  the applicant was required, under section 15.1 of the Forest and Range Practices Act, to prepare and make publicly available a forest operations map before applying for the road permit, and the minister considers that, taking into account the prescribed matters, if any,"
"Forest Act","Provincial","119","Road permit content - right to harvest timber in right-of-way","permit","minister","mandatory; definition; authorization","119  (1) In this section and in section 119.1, ""roadway timber"", in relation to a road authorized to be constructed under a road permit, means Crown timber that the minister is satisfied must be cut to construct the road."
"Forest Act","Provincial","119.5","Issuance of road use permit to eligible holder","permit","minister","discretionary","119.5  The minister may, on application by an eligible holder, issue a road use permit authorizing the eligible holder to use a forest service road if the minister is satisfied that use of the road by the applicant will not"
"Forest Act","Provincial","119.6","Issuance of road use permit for natural resource development purpose","permit","minister","discretionary","(2) The minister may, on application by a person other than an eligible holder, issue a road use permit authorizing the person to use a forest service road for a natural resource development purpose if the minister is satisfied that use of the road under the permit will not"
"Forest Act","Provincial","12","Form of agreements","agreement","minister","discretionary","12  (1) The minister may enter on behalf of the government into an agreement granting rights to harvest Crown timber in the form of a"
"Forest Act","Provincial","120.1","Declaration of forest service road","permit","minister","mandatory","(2) If a road referred to in subsection (1) (a) is declared to be a forest service road, the minister must issue a road use permit in relation to the road to the holder of the road permit."
"Forest Act","Provincial","121","Road and trail construction","plan; agreement","minister","discretionary","(8) If the minister enters into an agreement under subsection (1) (f) with an owner of land, the minister may, for the purposes of causing the land to be dedicated to the government under section 107 of the Land Title Act, deposit in the land title office a reference plan or explanatory plan that shows the portion of land subject to the agreement as a road and, in that event, section 107 (1) (c), (d) and (e) and (3) of the Land Title Act applies to that portion of land."
"Forest Act","Provincial","121","Road and trail construction","notice","minister","discretionary; establishment","(a) may, by notice in the form established under paragraph (a.1) and published or broadcast, or both, in the manner the minister considers appropriate, discontinue and close a right of way or forest service road or a part of either, in which event the right of way or forest service road or the part is discontinued and closed,"
"Forest Act","Provincial","126","Area closure","notice","minister","discretionary","126  (1) If notified that logs have been lost in an area of coastal waters, the minister, in a notice published or broadcast, or both, in or near the area may"
"Forest Act","Provincial","132","Removal permit","order","minister","discretionary","132  (1) The minister may order a person who has failed to pay money owing to the government by the date specified in a statement under section 130 (1) (a) to pay up to 10% of the fair market value, as estimated by the minister, of"
"Forest Act","Provincial","142.931","Information-sharing agreements","agreement","minister; agency","requirement","(a) any confidential information obtained by the revenue minister under an information-sharing agreement with the government of Canada or an agency of that government from being used or disclosed for the purpose of administering and enforcing an enactment administered by the revenue minister that provides for the imposition or collection of a tax or duty, or"
"Forest Act","Provincial","151","Regulations","agreement","minister","discretionary","(i)  the circumstances in which the minister may change a boundary or increase the area of a community forest agreement,"
"Forest Act","Provincial","151","Regulations","agreement","minister","mandatory","(ii)  the factors the minister must consider before changing a boundary or increasing the area of a community forest agreement, and"
"Forest Act","Provincial","151","Regulations","regulation; order_in_council; agreement","governor_in_council; council","discretionary; requirement","(11) The Lieutenant Governor in Council may make regulations respecting deposits and security of any kind, including but not limited to money, to be provided by the applicant for or the holder of an agreement listed in section 12 or a pulpwood agreement, to ensure the performance of an obligation under this Act or the agreement, the Forest and Range Practices Act, the Wildfire Act or the Forest Practices Code of British Columbia Act."
"Forest Act","Provincial","151.1","Regulation making power to establish forest districts","regulation","minister","discretionary; establishment","(4) A regulation made under subsection (2) may establish the boundaries of BC timber sales business areas, forest districts or forest regions by reference to maps that are available to the public and that are kept by the ministry of the minister responsible for the administration of this Act"
"Forest Act","Provincial","151.1","Regulation making power to establish forest districts","designation","minister","discretionary; designation","(7) The minister may designate a person employed in the ministry of the minister responsible for the administration of this Act to be the custodian of the database under subsection (4) (b) with the title of Custodian of the Forest Administrative Boundaries Database."
"Forest Act","Provincial","169","Specifying Crown land as a designated area","regulation; order_in_council","governor_in_council; council","discretionary","169  (1) The Lieutenant Governor in Council, by regulation, may"
"Forest Act","Provincial","169","Specifying Crown land as a designated area","regulation; order_in_council; designation","governor_in_council; council","designation","(a) specify Crown land as a designated area, for a period set out in the regulation, if the Lieutenant Governor in Council believes it is in the public interest to specify the Crown land as a designated area, and"
"Forest Act","Provincial","170","What is the effect of specifying a designated area?","order; plan; designation; permit; licence","minister","discretionary; designation","(4) If a permit, licence or plan is suspended or varied under subsection (2) (a) and the Crown land to which the suspension or variation relates ceases to be a designated area, the minister may, by order,"
"Forest Act","Provincial","170","What is the effect of specifying a designated area?","plan; designation; permit; licence","minister; authority","mandatory; designation; authorization","then, subject to subsection (6), after the Crown land to which the direction pertains ceases to be a designated area, or after an earlier date, if any, ordered in writing by the minister, the issuing authority must issue the permit, licence or plan, or, in the case of one previously issued as authorized under subsection (2) (b) (ii), must amend the permit, licence or plan to give effect as nearly as practicable to the original application or submission."
"Forest Act","Provincial","171","Conditions","designation","minister","designation","(2) A condition under subsection (1) expires when the Crown land it relates to ceases to be a designated area or on an earlier expiry date, if any, ordered in writing by the minister."
"Forest Act","Provincial","173","Allowable annual cut and allowable harvest in a designated area","order; designation; agreement; licence","minister","discretionary; designation; authorization","(6) The minister, by written order, may reduce the allowable annual cut authorized for a community forest agreement area, first nations woodland licence area or woodlot licence area if all or part of the area is a designated area."
"Forest Act","Provincial","180","Definitions for Part 15","agreement; permit; licence","authority","definition; authorization","""authorized official"", in relation to an agreement, licence or permit referred to in this Part, means a person who has authority under this Act or the Forest Practices Code of British Columbia Act to enter into, issue or amend the agreement, licence or permit;"
"Forest Act","Provincial","181","Designation for access purpose or non-timber production purpose","regulation; order_in_council; designation","governor_in_council; council","discretionary; designation","181  The Lieutenant Governor in Council may, by regulation, designate an area of Crown land as a special purpose area so that the Crown land may be used for one of the following purposes:"
"Forest Act","Provincial","182","Designation for first nation purpose, BCTS licence purpose or community forest agreement purpose","regulation; order_in_council; designation","governor_in_council; council","discretionary; designation","182  (1) The Lieutenant Governor in Council may, by regulation, designate an area of Crown land as a special purpose area so that Crown land or timber may be used for any one or more of the purposes referred to in this section."
"Forest Act","Provincial","212","Government deactivation of road","agreement; permit","minister","discretionary; authorization","212  (1) If a road described in section 211 (1) (a) or (b) is authorized under an agreement or permit referred to in that section, the minister may enter into, with the holder of the agreement or permit, a written agreement under which"
"Forest Act","Provincial","212","Government deactivation of road","order; agreement","minister","discretionary; prohibited","(2) The minister may not enter into an agreement under this section respecting the deactivation of a road if the minister has made an order under section 211 [order to deactivate road] in relation to the road."
"Forest Act","Provincial","217","Order that property in ancillary road structure vests in government","order","minister","discretionary","217  (1) The minister may, by order, cause property in an ancillary road structure to be vested in the government if any of the following apply:"
"Forest Act","Provincial","217","Order that property in ancillary road structure vests in government","order; notice","minister","mandatory","(3) Within 30 days after making an order under this section in respect of an ancillary road structure, the minister must serve notice of the order on the following:"
"Forest Act","Provincial","22.2","BCTS disposition agreements","agreement","minister","discretionary","(2) The minister may enter into a BCTS disposition agreement on behalf of the government for the purposes of"
"Forest Act","Provincial","243","Compensation for cutting permit issued for community forest agreement or woodlot licence","regulation; agreement; permit; licence","minister","discretionary","243  (1) The minister may compensate the holder of a cutting permit issued for a community forest agreement or woodlot licence if the minister is satisfied that the impact and other requirements specified in the regulations are met."
"Forest Act","Provincial","25","Permanent transfer to adjacent timber supply area","licence","minister","mandatory; prohibited","(2) The minister must not give a direction under subsection (1) transferring the right to harvest timber under a forest licence from one timber supply area to an adjacent timber supply area, unless"
"Forest Act","Provincial","268","Regulations respecting compensation for cutting permits","regulation; agreement; permit; licence","minister","discretionary; authorization","(3) A regulation made for the purposes of section 243 [compensation for cutting permit issued for community forest agreement or woodlot licence] may authorize the minister to provide compensation, in the amount determined by the minister, to the holder of a specified cutting permit issued for a community forest agreement."
"Forest Act","Provincial","35","Content of tree farm licence","licence","minister","mandatory; definition; authorization","(b) subject to sections 33 and 39, must describe a tree farm licence area, determined by the minister or a person authorized by the minister, comprising Crown land, the timber on which is unencumbered except by the licence, and if the area includes"
"Forest Act","Provincial","39.1","Change in boundary or area","licence","minister","discretionary","39.1  (1) The minister may change the boundary or area of a tree farm licence with the consent of its holder."
"Forest Act","Provincial","39.1","Change in boundary or area","licence","minister","definition","(2) The discretion of the minister under subsection (1) includes the discretion to change the boundary or area of the tree farm licence with the consent of its holder by"
"Forest Act","Provincial","43.2","Applications for community forest agreements","agreement","minister","discretionary","43.2  (1) On request or on his or her own initiative the minister, by advertising in the prescribed manner, may invite applications for a community forest agreement."
"Forest Act","Provincial","43.2","Applications for community forest agreements","agreement","minister","mandatory","(4) The minister must evaluate applications for a community forest agreement in accordance with prescribed requirements."
"Forest Act","Provincial","43.2","Applications for community forest agreements","agreement","minister","discretionary","(6) If an applicant whose application is approved under subsection (5) does not enter into the community forest agreement, the minister may"
"Forest Act","Provincial","43.2","Applications for community forest agreements","agreement","minister","mandatory","(7) Subject to subsection (8), the minister must enter into a community forest agreement with every applicant whose application is approved under subsection (5) or (6)."
"Forest Act","Provincial","43.2","Applications for community forest agreements","plan; agreement","minister","mandatory; prohibited","(8) The minister must not enter into a community forest agreement until a management plan is approved by the minister for the proposed community forest agreement area."
"Forest Act","Provincial","43.2","Applications for community forest agreements","reserve","minister","discretionary","(9) The minister may reserve from disposition under this Act the timber in the area described in the advertising, pending"
"Forest Act","Provincial","43.3","Content of community forest agreement","agreement","minister","mandatory; definition; authorization","(b) must describe a community forest agreement area, determined by the minister or a person authorized by the minister, comprising Crown land and, if the area so determined includes land that is"
"Forest Act","Provincial","43.3","Content of community forest agreement","regulation; standard; agreement","minister","discretionary","(h) may include other terms and conditions that the minister determines are consistent with any proposal made in the application for the community forest agreement, this Act, the Forest and Range Practices Act, the Wildfire Act and any regulations or standards made under those Acts."
"Forest Act","Provincial","43.4","Replacement of community forest agreements","agreement","minister","mandatory; prohibited","(4) Unless a community forest agreement provides that a replacement for the community forest agreement must not be offered, the minister, during the 6 month period following the ninth anniversary of an existing community forest agreement, must offer the holder a replacement community forest agreement."
"Forest Act","Provincial","43.4","Replacement of community forest agreements","order; agreement","minister","discretionary","(4.1) Despite subsection (4), if the holder of a community forest agreement, or a related person of the holder, has not paid an amount owing under an order made under Division 3 of Part 6 of the Forest and Range Practices Act against the holder or related person, and the due date for paying the amount has passed, the minister may decline to offer a replacement for the community forest agreement until the holder or related person pays the amount."
"Forest Act","Provincial","43.4","Replacement of community forest agreements","regulation; agreement","minister","discretionary","(6) In accordance with the regulations, and with the consent of the person to whom a community forest agreement is offered under this section, the minister may change the boundary or area in the offered community forest agreement from the boundary or area of the existing community forest agreement."
"Forest Act","Provincial","43.4","Replacement of community forest agreements","agreement","minister","mandatory","(a) a community forest agreement containing the terms and conditions set out in the offer, including amendments, must be entered into by the minister and the holder of the community forest agreement, and"
"Forest Act","Provincial","43.51","Direct award of community forest agreements","agreement","minister","discretionary","(1) The minister may enter into a community forest agreement"
"Forest Act","Provincial","43.51","Direct award of community forest agreements","agreement","minister","discretionary","(2.1) After a community forest agreement has been entered into under subsection (1) with a first nation or its representative, the minister may, if it furthers the objectives set out in subsection (1) (a), and with the consent of the holder of the community forest agreement, increase the area covered by the community forest agreement."
"Forest Act","Provincial","43.52","Change in area or boundary","regulation; agreement","minister","discretionary","43.52  In accordance with the regulations, and with the consent of the holder of the agreement, the minister may change the boundary or increase the area of a community forest agreement."
"Forest Act","Provincial","43.54","Award of first nations woodland licence","agreement; licence","minister","discretionary","(2) The minister may enter into a first nations woodland licence with a first nation or its representative to implement or further an agreement between the first nation and the government respecting treaty-related measures, interim measures or economic measures."
"Forest Act","Provincial","43.55","Content of first nations woodland licence","licence","minister","mandatory; definition","(b) must describe a first nations woodland licence area, determined by the minister, comprising Crown land and, if the area so determined includes land that is"
"Forest Act","Provincial","43.56","Replacement of first nations woodland licences","regulation; licence","minister","discretionary","(3) In accordance with the regulations, and with the consent of the person to whom a first nations woodland licence is offered under this section, the minister may change the boundary or area in the offered first nations woodland licence from the boundary or area of the existing first nations woodland licence."
"Forest Act","Provincial","43.57","Change in area or boundary","regulation; licence","minister","discretionary","43.57  In accordance with the regulations and with the consent of the holder of the licence, the minister may change the boundary or area of a first nations woodland licence."
"Forest Act","Provincial","44","Applications","plan; licence","minister","mandatory; prohibited","(10) The minister must not enter into a woodlot licence until a management plan is approved by the government for the proposed woodlot licence area."
"Forest Act","Provincial","45","Content of woodlot licence","regulation; standard","minister","discretionary","(g) may include other terms and conditions, consistent with this Act, the Forest and Range Practices Act, the Forest Practices Code of British Columbia Act, the Wildfire Act and any regulations or standards made under those Acts, determined by the minister."
"Forest Act","Provincial","47.1","Change in area or boundary","regulation; licence","minister","discretionary","47.1  (1) In accordance with the regulations, if any, and with the consent of the holder of the woodlot licence, the minister may change the boundary or area of a woodlot licence."
"Forest Act","Provincial","49.1","Free use permit in area subject to area-based licence","permit; licence","minister","discretionary","(2) With the consent of the holder of an area-based licence, the minister may enter into a free use permit authorizing the holder of the permit to harvest timber from Crown land within the area subject to the area-based licence."
"Forest Act","Provincial","52.05","Mandatory refusal to issue cutting permit","permit","minister","requirement","(ii)  the applicant was required, under section 15.1 of the Forest and Range Practices Act, to prepare and make publicly available a forest operations map before applying for the permit, and the minister considers that, taking into account the prescribed matters, if any,"
"Forest Act","Provincial","54.7","Disposition of private land subject to tree farm licence or woodlot licence","licence","minister","mandatory","54.7  (1) The minister's prior written consent must be obtained for the disposition of private land or an interest in private land if the private land or interest is subject to a tree farm licence or to a woodlot licence."
"Forest Act","Provincial","54.7","Disposition of private land subject to tree farm licence or woodlot licence","licence; notice","minister","discretionary","(3) The minister, without notice and despite section 77, may cancel a tree farm licence or woodlot licence if the minister determines that"
"Forest Act","Provincial","54.7","Disposition of private land subject to tree farm licence or woodlot licence","licence","minister","discretionary","(b) the minister, in making the decision not to cancel, may attach conditions to the licence that the minister considers appropriate in the circumstances."
"Forest Act","Provincial","57","Exchanges of rights","order_in_council; licence","governor_in_council; minister; council","discretionary","57  (1) The minister, with the consent of the Lieutenant Governor in Council, may enter into, in exchange for the surrender of a timber licence, a new timber licence describing Crown land the timber on which is not otherwise encumbered."
"Forest Act","Provincial","6","Wilderness areas","order_in_council; designation","governor_in_council; council","discretionary; designation","6  The Lieutenant Governor in Council may designate any Crown land in a Provincial forest as a wilderness area, cancel such designation or amend the boundaries of a wilderness area."
"Forest Act","Provincial","69","Reduction by chief forester of allowable annual cut","licence; notice","chief","discretionary","that portions of the allowable annual cut for the tree farm licence are to be harvested from different types of timber or terrain in different parts of Crown land or private land within the tree farm licence area or from different areas of Crown land within the tree farm licence area and the holder of the tree farm licence fails to harvest a portion of the allowable annual cut so specified, the chief forester, in a notice served on the holder, may reduce the allowable annual cut available to the holder by a volume equal to the specified portion that was not so harvested."
"Forest Act","Provincial","70","Reductions in allowable annual cut","agreement; licence; notice","chief","discretionary","(2) In a notice served on the holder of an agreement that is a major licence, a community forest agreement, a first nations woodland licence or a woodlot licence, the chief forester, subject to subsection (3), may reduce the allowable annual cut"
"Forest Act","Provincial","70","Reductions in allowable annual cut","agreement; licence; notice","minister","mandatory","(4) In a notice served on the holder of an agreement that is a major licence, a community forest agreement, a first nations woodland licence or a woodlot licence, the minister, subject to subsection (5), must reduce the allowable annual cut"
"Forest Act","Provincial","75.1","Interpretation","regulation; order","authority","mandatory","(3.2) An order made under authority of a regulation made under subsection (3) (a.1) must be published by posting the order on a publicly accessible website maintained by or on behalf of the government."
"Forest And Range Practices Act","Provincial","107","Limitation on liability of persons to government","order; notice","minister","mandatory; requirement","the minister determines by order that an obligation specified in the declaration has not been fulfilled, the minister must give written notice of the order to the person, including with the notice the reasons for the order."
"Forest And Range Practices Act","Provincial","107","Limitation on liability of persons to government","order; notice","minister","mandatory; prohibited; requirement","(5) The minister must not give written notice under subsection (4) of an order to the effect that an obligation in respect of establishing a free growing stand on an area has not been fulfilled unless the minister has determined that"
"Forest And Range Practices Act","Provincial","107","Limitation on liability of persons to government","order; notice","minister","requirement","(a) the minister has determined by order under subsection (4), of which notice has been given in accordance with that section, that the obligation has not been fulfilled, or"
"Forest And Range Practices Act","Provincial","108","Government may fund extra expense or waive obligation","regulation","minister","discretionary","108  (0.1) A person may apply to the minister, in accordance with the regulations,"
"Forest And Range Practices Act","Provincial","110","How notice may be given","notice","board","discretionary; requirement","110  (1) A notice or another document that the government or board is required or permitted to give to a person under this Act may be given by giving it, or a copy of it, to the person as follows:"
"Forest And Range Practices Act","Provincial","110.1","Complete and accurate information","approval","minister","mandatory","110.1  (1) A person who submits information to the government for the purposes of seeking approval by the minister in relation to a matter under this Act must ensure that, at the time the information is submitted, the information is complete and accurate."
"Forest And Range Practices Act","Provincial","118","Power to enter into agreements","designation; agreement","minister","discretionary; designation","(a.1) an official designated by the minister may enter into an agreement with a person to develop, maintain or remove a range development,"
"Forest And Range Practices Act","Provincial","118","Power to enter into agreements","designation; agreement","minister","discretionary; designation","(b) an official designated by the minister may enter into agreements for the control and disposal of insects, diseases, animals and abiotic factors on forest land and for sharing costs of control and disposal,"
"Forest And Range Practices Act","Provincial","118","Power to enter into agreements","designation; agreement","minister","discretionary; designation","(c) the minister or an official designated by the minister may enter into agreements under which the government provides"
"Forest And Range Practices Act","Provincial","124","Powers of investigation","order","board","discretionary","(4) If a question arises as to the board's jurisdiction to investigate a case or class of cases, the chair may apply to the Supreme Court for a declaratory order determining the question."
"Forest And Range Practices Act","Provincial","131","Report and recommendations","report","board","mandatory","131  (1) Subject to subsection (1.1), after completing an audit or investigation, the board must report its conclusions, with reasons, to any complainant, to the party and, if the government is not the party affected by the audit or investigation, to the ministers."
"Forest And Range Practices Act","Provincial","143","Fees or charges","regulation; order_in_council","governor_in_council; board; commission; council","discretionary","143  (1) The Lieutenant Governor in Council may make regulations respecting fees or charges for the provision under this Act to any person by the government, or by the board, commission or council, if any, under this Act, of a service or any property or use of property."
"Forest And Range Practices Act","Provincial","143","Fees or charges","plan","minister","requirement","(2) For the purpose of this section, the preparation of a range use plan or an amendment to a range use plan by the minister is a service provided by the government to the person required to follow the plan."
"Forest And Range Practices Act","Provincial","150","Community watersheds","designation","minister","designation","(i)  the minister responsible for the Land Act to designate an area of land in a watershed as a community watershed, or"
"Forest And Range Practices Act","Provincial","150.2","Lakeshore management zones and objectives","designation","minister","designation","(a) authorizing the minister to designate an area of land as a lakeshore management zone,"
"Forest And Range Practices Act","Provincial","150.4","Consistency among objectives","regulation; order_in_council","governor_in_council; council","discretionary; establishment","150.4  The Lieutenant Governor in Council may make regulations respecting objectives set by government and other objectives that are established under this Act, including but not limited to regulations"
"Forest And Range Practices Act","Provincial","150.5","Streams, wetlands and lakes","designation","minister","designation","(e) authorizing the minister responsible for the administration of the Wildlife Act, in prescribed circumstances, to designate streams as temperature sensitive streams."
"Forest And Range Practices Act","Provincial","151.2","Dispute resolution - forest landscape plans","regulation; order_in_council; plan","governor_in_council; council","discretionary","151.2  (1) The Lieutenant Governor in Council may make regulations respecting the resolution of disputes under sections 2.26 and 2.27 relating to the preparation and establishment of forest landscape plans, including, without limitation, regulations respecting the following:"
"Forest And Range Practices Act","Provincial","153","Practices and planning - community forest agreements, woodlot licences","regulation; order_in_council; licence","governor_in_council; council","discretionary","(3) The Lieutenant Governor in Council may make regulations respecting first nations woodland licences, first nations woodland licence areas and holders of first nations woodland licences, including regulations"
"Forest And Range Practices Act","Provincial","155","Roads and rights of way","order; agreement","minister","authorization; requirement","(d) the transfer of an obligation to maintain or deactivate a forest service road or road that is authorized under an agreement under the Forest Act, including authorizing the minister to make orders that transfer obligations to maintain or deactivate a road;"
"Forest And Range Practices Act","Provincial","156.1","Forest practices","regulation; order_in_council; designation","governor_in_council; minister; council","discretionary; designation","(2) The Lieutenant Governor in Council may make regulations authorizing the minister to designate an area as a wildland urban interface area."
"Forest And Range Practices Act","Provincial","16","Approval of forest stewardship plan, woodlot licence plan or amendment","regulation; plan; standard; licence; approval","minister","mandatory","(2) A forest stewardship plan, a woodlot licence plan or an amendment to either that is submitted to the minister for approval must be considered to have conformed to this Act, the regulations, the standards and the objectives set by government if the plan or amendment conforms to the relevant provisions of this Act, the regulations, the standards and the objectives as they were 4 months before the date of the submission of the plan or amendment to the minister."
"Forest And Range Practices Act","Provincial","16","Approval of forest stewardship plan, woodlot licence plan or amendment","regulation; order; order_in_council; plan; standard; licence; approval","governor_in_council; minister; council","mandatory; discretionary","(2.01) The Lieutenant Governor in Council, by order, may declare that a forest stewardship plan, a woodlot licence plan or an amendment to either that is submitted to the minister for approval, despite subsection (2), must immediately conform to some or all of this Act, the regulations, the standards and the objectives set by government as set out in the order."
"Forest And Range Practices Act","Provincial","164","Intervention and remediation","regulation; agreement; authorization","minister","requirement","(a) the power of the minister to require the holder of an agreement under the Forest Act or the Range Act to take action to achieve a requirement of this Act or the regulations or to prevent damage to the environment if the damage is associated with a forest practice, range practice or range authorization,"
"Forest And Range Practices Act","Provincial","170","Forest Practices Advisory Council","report","council","mandatory","(b) the annual report that must be prepared by the council;"
"Forest And Range Practices Act","Provincial","2.21","Chief forester may establish forest landscape plan","order; plan","chief","discretionary; establishment","2.21  (1) The chief forester may, by order, establish a forest landscape plan for the following land:"
"Forest And Range Practices Act","Provincial","2.21","Chief forester may establish forest landscape plan","order; plan","chief","establishment","(3) A forest landscape plan established by order of the chief forester takes effect on the later of the following:"
"Forest And Range Practices Act","Provincial","2.22","Preparation of forest landscape plan","plan","chief","mandatory","2.22  The chief forester, in preparing a forest landscape plan, must consider the following objectives:"
"Forest And Range Practices Act","Provincial","2.23","Consultation and cooperation with Indigenous peoples","plan","chief","mandatory","2.23  Before establishing a forest landscape plan, the chief forester must consult and cooperate with Indigenous peoples whose rights could be affected by the establishment of the forest landscape plan."
"Forest And Range Practices Act","Provincial","2.24","Consultation and cooperation with Indigenous governing body","plan; notice","chief","mandatory; discretionary; authorization","2.24  (1) For the purposes of section 2.23, the chief forester must, before preparing a forest landscape plan, provide notice to any Indigenous governing body that is authorized to act on behalf of Indigenous peoples whose rights could be affected by the establishment of the forest landscape plan."
"Forest And Range Practices Act","Provincial","2.24","Consultation and cooperation with Indigenous governing body","plan; notice","chief","mandatory; establishment","(2) On providing notice under subsection (1) to an Indigenous governing body, the chief forester must attempt to establish, with the Indigenous governing body, a process for consultation and cooperation in the preparation of the forest landscape plan."
"Forest And Range Practices Act","Provincial","2.24","Consultation and cooperation with Indigenous governing body","plan; notice","chief","mandatory; establishment","(3) If a process for consultation and cooperation is established under subsection (2) with an Indigenous governing body within 60 days of the provision of notice under subsection (1) to the Indigenous governing body, the chief forester must implement the process before establishing the forest landscape plan."
"Forest And Range Practices Act","Provincial","2.25","Consultation and cooperation with Indigenous governing body if process not established","plan; notice","chief","mandatory; establishment","2.25  (1) If a process for consultation and cooperation in the preparation of a forest landscape plan is not established under section 2.24 (2) with an Indigenous governing body referred to in that subsection within 60 days of the provision of notice, the chief forester must,"
"Forest And Range Practices Act","Provincial","2.25","Consultation and cooperation with Indigenous governing body if process not established","plan","chief","discretionary","(2) An Indigenous governing body may, within 60 days after receiving the information referred to in subsection (1) (a) or the proposed forest landscape plan referred to subsection (1) (b), provide comments to the chief forester."
"Forest And Range Practices Act","Provincial","2.25","Consultation and cooperation with Indigenous governing body if process not established","plan; notice","chief","discretionary","(4) An Indigenous governing body may, within 60 days after receiving a proposed forest landscape plan under subsection (3) (b), provide notice to the chief forester of its consent or lack of consent to the proposed forest landscape plan."
"Forest And Range Practices Act","Provincial","2.26","Dispute resolution facilitation","notice","chief","mandatory; designation","(2) If a dispute arises between the chief forester and an Indigenous governing body to which notice was provided under section 2.24 (1) relating to a matter described in section 2.25 (5) and the chief forester and the Indigenous governing body cannot resolve the dispute, the chief forester must appoint an individual to facilitate the resolution of the dispute."
"Forest And Range Practices Act","Provincial","2.3","Extension of forest landscape plan","order; plan","chief","discretionary","2.3  (1) The chief forester may, by order, extend the term of a forest landscape plan on one or more occasions."
"Forest And Range Practices Act","Provincial","2.31","Report on forest landscape plans","plan; report","chief","mandatory","(2) Within 2 years after the end of a reporting period for a forest landscape plan, the chief forester must publish a report on a ministry website setting out the extent to which the outcomes identified in the plan have been achieved during the reporting period."
"Forest And Range Practices Act","Provincial","2.32","Plans, studies, analyses and information","order; plan; report","chief","discretionary; requirement","2.32  (1) The chief forester may, by order, for the purposes of preparing or amending a forest landscape plan or preparing a report under section 2.31 in relation to a forest landscape plan, require a person referred to in subsection (2) of this section to take one or more of the following actions, as the chief forester considers adequate:"
"Forest And Range Practices Act","Provincial","2.33","Notice of decisions in relation to forest landscape plans","order; plan; agreement; notice","chief","mandatory","2.33  (1) The chief forester must give notice to the holder of an agreement that grants rights to harvest timber in a forest landscape area if, in relation to the forest landscape plan, the chief forester makes an order that"
"Forest And Range Practices Act","Provincial","2.34","Requirement to keep records of forest landscape plans","plan","chief","mandatory","2.34  (1) The chief forester must keep a record of each forest landscape plan and of each of the following, as applicable, that relates to the plan:"
"Forest And Range Practices Act","Provincial","2.34","Requirement to keep records of forest landscape plans","plan","chief","mandatory","(3) During the term of a forest landscape plan, the chief forester must publish on a ministry website"
"Forest And Range Practices Act","Provincial","2.35","Forest operations plan","plan","minister","definition","""approved forest operations plan"" means a forest operations plan that is approved by the minister;"
"Forest And Range Practices Act","Provincial","2.36","Content of forest operations plan","plan; agreement","minister","mandatory","(2) A forest operations plan held by the holder of an agreement must include a map, in a scale and form satisfactory to the minister, that shows the following:"
"Forest And Range Practices Act","Provincial","2.36","Content of forest operations plan","plan","minister","mandatory","(3) A forest operations plan held by a timber sales manager must include a map, in a scale and form satisfactory to the minister, that shows the following:"
"Forest And Range Practices Act","Provincial","2.38","Engagement on and review of forest operations plans","regulation; plan; approval","minister","mandatory; prohibited","2.38  (1) A person must not submit to the minister for approval a forest operations plan or an amendment to a forest operations plan unless the person has done the following, in accordance with the regulations:"
"Forest And Range Practices Act","Provincial","2.38","Engagement on and review of forest operations plans","plan; approval","minister","mandatory","(2) In submitting a forest operations plan or amendment to the minister for approval, the person submitting the plan or amendment must include the following:"
"Forest And Range Practices Act","Provincial","2.38","Engagement on and review of forest operations plans","plan","minister","discretionary","(3) If the minister requests a person to resubmit a forest operations plan or amendment to address changes requested by the minister, the minister may relieve the person from the requirements under subsections (1) and (2) for the purposes of resubmitting the plan or amendment."
"Forest And Range Practices Act","Provincial","2.39","Approval of forest operations plans","plan","minister","discretionary","2.39  (1) Subject to section 2.4, the minister may approve a forest operations plan or an amendment to a forest operations plan if satisfied of all of the following:"
"Forest And Range Practices Act","Provincial","2.39","Approval of forest operations plans","plan; permit","minister","discretionary; authorization","(2) Subject to subsection (3), the minister may, in approving a forest operations plan or amendment, impose a condition under section 112 (1) that the holder, by the date specified by the minister, deactivate a road authorized under a road permit or cutting permit held by the holder, including a road that is located outside of the forest operations area."
"Forest And Range Practices Act","Provincial","2.4","Approval of forest operations plans that are inconsistent with forest landscape plans","plan","minister","discretionary; prohibited","2.4  (1) If a forest operations plan is inconsistent with a forest landscape plan, or would be inconsistent with a forest landscape plan as a result of an amendment to the forest operations plan, the minister may not approve the forest operations plan or amendment unless the minister is satisfied of all of the following:"
"Forest And Range Practices Act","Provincial","2.41","Limited protection of certain roads and cutblocks","plan; permit; licence; approval","minister","mandatory","2.41  (1) A proposed forest operations plan or an amendment to a forest operations plan must be considered to have received the minister's approval under section 2.39 for the parts of the plan, if any, that relate to a cutting permit, road permit or timber sale licence that is in effect on the date on which the proposed forest operations plan is submitted for approval."
"Forest And Range Practices Act","Provincial","2.41","Limited protection of certain roads and cutblocks","plan; approval","minister","mandatory","(2) In prescribed circumstances, a forest operations plan or amendment must be considered to have received the minister's approval under section 2.39 for the parts of the plan that relate to prescribed matters or things."
"Forest And Range Practices Act","Provincial","2.43","Extension of term of forest operations plan","plan; notice","minister","discretionary","(2) Subject to subsection (3), the minister, by giving written notice to the holder of a forest operations plan, may extend the term of the plan as follows:"
"Forest And Range Practices Act","Provincial","2.45","Mandatory amendments to forest operations plan","regulation; plan; approval","minister","mandatory","2.45  (1) Unless the regulations provide otherwise, the holder of a forest operations plan must propose and submit, for approval by the minister under section 2.39 and in accordance with this section, an amendment to the plan if any of the following applies:"
"Forest And Range Practices Act","Provincial","2.45","Mandatory amendments to forest operations plan","plan","minister","discretionary","(4) In prescribed circumstances, the minister may exempt a person from a requirement to amend a plan under subsection (1)."
"Forest And Range Practices Act","Provincial","2.5","Decision-making agreement","agreement","minister","definition","""decision-making agreement"" means an agreement entered into under section 7 of the Declaration on the Rights of Indigenous Peoples Act by the minister, on behalf of the government, and an Indigenous governing body relating to one or both of the following:"
"Forest And Range Practices Act","Provincial","2.52","Decision-making agreement - statutory power of chief forester","order; plan; report; study","chief","requirement","2.52  (1) This section applies in respect of the power of the chief forester under section 2.32 (1) to, by order, require the submission of plans, studies, analyses or information for the purposes of preparing or amending a forest landscape plan or preparing a report under section 2.31."
"Forest And Range Practices Act","Provincial","20.26","Additional parties to plans","plan; licence","minister","discretionary","20.26  (1) Subject to subsections (2) and (3), if a forest operations plan, forest stewardship plan or woodlot licence plan has been approved by the minister, a person may be added or removed as a party to the plan only if an amendment to add or remove the person as a party to the plan is approved by the minister."
"Forest And Range Practices Act","Provincial","214","Mandate of board re: transition","regulation; plan; approval; review","minister; board","discretionary","(3) In accordance with the regulations, the board may request the minister to review the approval of, or the giving effect to, a forest development plan or range use plan or an amendment to either if"
"Forest And Range Practices Act","Provincial","26","Control of insects, diseases, animals or abiotic factors","notice","minister","discretionary; requirement","26  (1) If the minister determines that a forested area on private land is being damaged by insects, diseases, animals or abiotic factors, the minister, by written notice given to the owner, may require the owner to submit, for that forested area, a proposal that conforms to subsection (3) to control or dispose of the insects, diseases, animals or abiotic factors."
"Forest And Range Practices Act","Provincial","26","Control of insects, diseases, animals or abiotic factors","regulation; order; agreement","minister","requirement","(9) If a proposal approved, or an order made, by the minister under this section requires the holder of an agreement under the Forest Act to carry out a measure other than timber harvesting, then to the extent provided in the regulations, the expenses of the measure are to be paid by the government."
"Forest And Range Practices Act","Provincial","27","Forest health emergency","regulation; order_in_council; designation; protected_area","governor_in_council; council","discretionary; designation","27  (1) If the Lieutenant Governor in Council considers that a forest health emergency exists in an area of Crown land or private land, he or she may designate the area by regulation as a forest health emergency management area."
"Forest And Range Practices Act","Provincial","27","Forest health emergency","regulation; order; agreement","minister","requirement","(5) If an order made by the minister under this section requires the holder of an agreement under the Forest Act or the timber sales manager to carry out a measure other than timber harvesting, then to the extent provided in the regulations, the expenses of the measure are to be paid by the government."
"Forest And Range Practices Act","Provincial","32","Range use plan and range stewardship plan required","agreement; approval","minister","mandatory","32  (1) Before the holder of an agreement under the Range Act grazes livestock or cuts hay on Crown range to which the agreement applies, the holder must prepare, and obtain the minister's approval of,"
"Forest And Range Practices Act","Provincial","32","Range use plan and range stewardship plan required","plan; agreement","minister","discretionary; authorization","(2) The minister may authorize the holder of an agreement under the Range Act to prepare a range stewardship plan"
"Forest And Range Practices Act","Provincial","32","Range use plan and range stewardship plan required","plan; agreement; authorization","minister","authorization","(4) Unless a holder of an agreement under the Range Act is notified by the minister that he or she is considering matters preliminary to granting an authorization under subsection (2), the minister is deemed to have authorized the holder under subsection (2) in respect of a range stewardship plan for an area if the holder"
"Forest And Range Practices Act","Provincial","35","Content of range stewardship plan","plan; strategy","minister","discretionary","(2) If the minister is satisfied as set out in section 32 (2) (b) as to the competence of the holder of a range stewardship plan or an amendment to a range stewardship plan the holder of the plan may specify intended results or strategies to achieve them."
"Forest And Range Practices Act","Provincial","35","Content of range stewardship plan","plan; strategy; approval","minister","discretionary","(3) The intended results or strategies specified under subsection (2) may differ from the prescribed requirements referred to in subsection (1) as the minister, at the time of approval of the plan, considers to be appropriate in the circumstances."
"Forest And Range Practices Act","Provincial","36","Term of range use plan and range stewardship plan","plan","minister","discretionary","(2) Despite subsection (1), the minister, in the circumstances and on the conditions, if any, that are prescribed may extend the term of a range use plan or range stewardship plan for an additional period not exceeding 5 years."
"Forest And Range Practices Act","Provincial","37","Approval of a range use plan or range stewardship plan","plan","minister","mandatory","37  (1) The minister must approve a range use plan, a range stewardship plan or an amendment to either if the minister determines that the plan or amendment"
"Forest And Range Practices Act","Provincial","37","Approval of a range use plan or range stewardship plan","regulation; plan; standard; approval","minister","mandatory","(2) A range use plan, a range stewardship plan or an amendment to either that is submitted to the minister for approval must be considered to have conformed to this Act, the regulations, the standards and the objectives set by government if the plan or amendment conforms to the relevant provisions of this Act, the regulations, the standards and the objectives as they were 4 months before the date of the submission of the plan or amendment to the minister."
"Forest And Range Practices Act","Provincial","37","Approval of a range use plan or range stewardship plan","regulation; order; order_in_council; plan; standard; approval","governor_in_council; minister; council","mandatory; discretionary","(2.1) The Lieutenant Governor in Council, by order, may declare that a range use plan, a range stewardship plan or an amendment to either that is submitted to the minister for approval, despite subsection (2), must immediately conform to some or all of this Act, the regulations, the standards and the objectives set by government as set out in the order."
"Forest And Range Practices Act","Provincial","37","Approval of a range use plan or range stewardship plan","plan; approval","minister; committee","discretionary","(3) The minister or the person seeking approval of a range use plan, a range stewardship plan or an amendment to either may refer the plan to an advisory committee for its recommendations, and the minister may consider those recommendations when making a determination under subsection (1)."
"Forest And Range Practices Act","Provincial","37","Approval of a range use plan or range stewardship plan","plan","minister","mandatory","(4) The minister must give reasons for refusing to approve a range use plan, a range stewardship plan or an amendment to either."
"Forest And Range Practices Act","Provincial","38","Mandatory amendments","plan; strategy","minister","mandatory","(3) The holder of a range stewardship plan described in subsection (1) who knows or reasonably ought to know that the strategies or actions specified in the plan, are not sufficient to achieve the intended results specified in the plan, must prepare and submit to the minister an amendment to the plan so that the plan, as approved, is sufficient to achieve those intended results."
"Forest And Range Practices Act","Provincial","38","Mandatory amendments","plan","minister","mandatory","(4) The holder of a range stewardship plan described in subsection (2) (a) or a range use plan mentioned in subsection (2) (b) who knows or reasonably ought to know that the actions specified in the plan are not sufficient to deal with issues identified by the minister must amend the plan so that it is sufficient to deal with those issues."
"Forest And Range Practices Act","Provincial","38","Mandatory amendments","order; plan","minister","mandatory","(5) The holder of a range use plan or range stewardship plan, if and as directed by order of the minister, must prepare and submit an amendment to the plan to take into account prescribed circumstances."
"Forest And Range Practices Act","Provincial","39","Cumulative impacts require plan amendment","plan; agreement","minister","discretionary","39  (1) At the request of a holder of an agreement under the Range Act, the minister may determine whether range use plans or range stewardship plans held by other holders of agreements under the Range Act prevent or are likely to prevent the holder making the request from"
"Forest And Range Practices Act","Provincial","39","Cumulative impacts require plan amendment","order; plan; agreement; approval","minister","discretionary; requirement","(2) If the determination under subsection (1) is that the requesting holder is prevented or is likely to be prevented from doing the things described in subsection (1) (a) or (b), the minister by order may require one or more of the other holders of agreements referred to in subsection (1) to prepare and submit for the minister's approval the appropriate amendments to one or more range use or range stewardship plans so that the holder making the request does not continue to be prevented from doing those things."
"Forest And Range Practices Act","Provincial","39","Cumulative impacts require plan amendment","plan","minister","mandatory","(3) Before making a determination under this section, the minister must give the holders of range use plans or range stewardship plans affected an opportunity to be heard."
"Forest And Range Practices Act","Provincial","41","Review and comment","plan; review","minister","discretionary","(2) Despite subsection (1), the minister may approve a range use plan or an amendment to one that has not been made available for review and comment if"
"Forest And Range Practices Act","Provincial","42","Proportional objectives","plan","minister","discretionary; establishment","42  In prescribed circumstances, the minister may establish targets for sharing, in specified proportions between or among the holders of range use plans and range stewardship plans, the responsibility to achieve objectives set by government."
"Forest And Range Practices Act","Provincial","51","Range developments","agreement; authorization","minister","mandatory","(2) A person, other than the holder of an agreement under the Range Act, must obtain the authorization of the minister before maintaining a range development on Crown land."
"Forest And Range Practices Act","Provincial","58","Protection of recreation and range resources on Crown land","order; notice","minister","mandatory","(3) The minister must post a notice of an order under subsection (1) in the area to which the order applies."
"Forest And Range Practices Act","Provincial","70","No interference with notice","notice","minister","mandatory; prohibited","70  Without the permission of the minister a person must not, remove, alter, destroy or deface a notice posted by the government for the purposes of notifying the public of a seizure under section 67 or 68."
"Forest And Range Practices Act","Provincial","77","Power of intervention: general","order","minister","discretionary; requirement","(2) If the minister believes on reasonable grounds that a person is transporting or is about to transport beetle-infested timber and that the transportation of the timber will or probably will cause or has caused an adverse impact on the environment, the minister, by order that meets the prescribed requirements, may require the person"
"Forest And Range Practices Act","Provincial","9","Proportional objectives","plan","minister","discretionary; establishment","9  In prescribed circumstances, the minister may establish targets, in specified proportions between or among the holders of forest stewardship plans, for sharing the responsibility to obtain results consistent with objectives set by government."
"Freshwater Fish Marketing Act","Federal","24","Participation agreements","order_in_council; agreement; approval","governor_in_council; minister; council","discretionary","(2) With the approval of the Governor in Council, the Minister may, on behalf of the Government of Canada, enter into an agreement with the government of any province to which this section applies, providing for"
"Freshwater Fish Marketing Act","Federal","3","Appointment of Chairperson and President","order_in_council","governor_in_council; council","mandatory; designation","(2) The Chairperson and the President shall each be appointed by the Governor in Council to hold office during pleasure for such term as the Governor in Council considers appropriate."
"Freshwater Fish Marketing Act","Federal","3","Appointment of directors","order_in_council; approval","governor_in_council; minister; director; council","mandatory; designation","(3) Each director, other than the Chairperson and the President, shall be appointed by the Minister, with the approval of the Governor in Council, to hold office during pleasure for a term not exceeding four years that will ensure, as far as possible, the expiration in any one year of the terms of office of not more than one half of the directors."
"Freshwater Fish Marketing Act","Federal","3","Appointment","order_in_council","governor_in_council; director; council","mandatory; designation","(4) A director of the Corporation for a participating province shall be appointed on the recommendation of the lieutenant governor in council of the participating province."
"Greenbelt Act","Provincial","3","Preservation of greenbelt land","order_in_council; agreement; approval","governor_in_council; minister; council","discretionary","(c) with the approval of the Lieutenant Governor in Council, the minister may make an agreement on behalf of the government with any of the following for the acquisition by the government of land owned by them as greenbelt land:"
"Hydro And Power Authority Act","Provincial","1","Definitions","licence","authority","definition","""power site"" includes any land, or any lake, river, stream, watercourse or body of water, water licence or privilege, or reservoir, dam, water storage, sluice, canal, raceway, tunnel or aqueduct that is used or that, in the opinion of the authority, might be used for or in connection with the generation or supply of power;"
"Hydro And Power Authority Act","Provincial","34","Taxation","order_in_council; approval","governor_in_council; authority; council","discretionary","(1) With the approval of the Lieutenant Governor in Council, the authority may make annual grants to the Surveyor of Taxes with respect to a rural area and to municipalities and other local governments within the territorial jurisdiction of which the authority generates, transmits or sells electric power or otherwise carries on business."
"Hydro And Power Authority Act","Provincial","34.2","Grants to Nisg_a'a Lisims Government","order_in_council; approval","governor_in_council; authority; council","discretionary","(2) With the approval of the Lieutenant Governor in Council, the authority may make annual grants to the Nisg_a'a Nation with respect to Nisg_a'a Lands within which the authority generates, transmits or sells electric power or otherwise carries on business."
"Hydro And Power Authority Act","Provincial","35","Directives","order_in_council","governor_in_council; commission; authority; council","discretionary","35  Despite the Utilities Commission Act, the Lieutenant Governor in Council may issue directives directing the authority in a fiscal year to pay to the government an amount specified in the directive and may issue directives directing the authority in a fiscal year to pay to the persons constituting one or more classes of the authority's past or present customers an amount specified in the directive."
"Hydro And Power Authority Act","Provincial","36","Pension arrangements","order_in_council; plan; agreement","governor_in_council; authority; council","discretionary; designation","(5) Despite any requirement or agreements existing and applicable to any superannuation or retirement plan or scheme for the benefit of any officers or employees of the authority or corporation formed by amalgamation under this Act or a partnership formed under this Act, the Lieutenant Governor in Council may rescind the appointment of any trustee under any plan or scheme and appoint a trustee or trustees in place of that trustee."
"Hydro And Power Authority Act","Provincial","4","Directors","order_in_council","governor_in_council; authority; council","mandatory; designation","(2) The Lieutenant Governor in Council must appoint one or more of the directors to chair the authority."
"Hydro And Power Authority Act","Provincial","9","Executive committee","order_in_council","governor_in_council; authority; council; committee","mandatory; discretionary; designation","9  (1) The Lieutenant Governor in Council may appoint an executive management committee of the authority that is composed of not more than 5 directors, and that must, subject to the direction of the directors of the authority, manage the operations of the authority."
"Impact Assessment Act","Federal","109","Regulations - Governor in Council","order_in_council; designation","governor_in_council; minister; council","discretionary; definition; designation","(b) for the purpose of the definition designated project in section 2, designating a physical activity - or class of physical activities - the carrying out of which may, in the Governor in Council's opinion, cause adverse effects within federal jurisdiction or direct or incidental adverse effects and specifying which physical activity or class of physical activities may be designated by the Minister under paragraph 112(1)(a.2);"
"Impact Assessment Act","Federal","112","Regulations - Minister","order_in_council; designation","governor_in_council; authority; agency; council","mandatory","(a.2) designating, for the purposes of section 112.1, a physical activity or class of physical activities from among those specified by the Governor in Council under paragraph 109(b), establishing the conditions that must be met for the purposes of the designation and setting out the information that a person or entity - federal authority, government or body - that is referred to in subsection (3) must provide the Agency in respect of the physical activity that they propose to carry out;"
"Impact Assessment Act","Federal","112","Written notice","designation","minister; authority; agency","mandatory; designation","(3) A person or entity - federal authority, government or body - that proposes the carrying out of a physical activity that is designated by the Minister under paragraph 112(1)(a.2) or that is part of a class of physical activities that is designated by the Minister under that paragraph must notify the Agency in writing that they propose to do so."
"Impact Assessment Act","Federal","114","International agreements and arrangements","agreement; assessment","minister","discretionary; definition","(2) The Minister and the Minister of Foreign Affairs may enter into agreements or arrangements with any jurisdiction referred to in paragraphs (h) and (i) of the definition jurisdiction in section 2 respecting assessments of environmental effects, including for the purposes of implementing the provisions of any international agreement or arrangement respecting the assessment of environmental effects to which the Government of Canada is a party."
"Impact Assessment Act","Federal","12","Agency's obligation - offer to consult","designation; assessment","agency","mandatory; discretionary; designation","12 For the purpose of preparing for a possible impact assessment of a designated project, the Agency must offer to consult with any jurisdiction that has powers, duties or functions in relation to an assessment of the environmental effects of the designated project and any Indigenous group that may be affected by the carrying out of the designated project."
"Impact Assessment Act","Federal","14","Agency's obligation - summary of issues","designation","authority; agency","mandatory; designation","14 (1) The Agency must provide the proponent of a designated project with a summary of issues with respect to that project that it considers relevant, including issues that are raised by the public or by any jurisdiction or Indigenous group that is consulted under section 12, and with any information or knowledge made available to it by a federal authority that the Agency considers appropriate."
"Impact Assessment Act","Federal","153","Agency continued","assessment","minister; agency","mandatory","153 (1) The Canadian Environmental Assessment Agency is continued as the Impact Assessment Agency of Canada. The Impact Assessment Agency must advise and assist the Minister in exercising the powers and performing the duties and functions conferred on him or her by this Act."
"Impact Assessment Act","Federal","16","Factors","plan; designation; study","agency","designation","(f) any study that is conducted or plan that is prepared by a jurisdiction - in respect of a region that is related to the designated project - and that has been provided to the Agency;"
"Impact Assessment Act","Federal","16","Limitation","designation; assessment","agency","discretionary; designation; requirement","(2.1) The Agency may decide that an impact assessment is required only if it is satisfied that the carrying out of the designated project may cause adverse effects within federal jurisdiction or direct or incidental adverse effects."
"Impact Assessment Act","Federal","17","Minister's obligation","designation; notice; assessment","minister; authority; agency","mandatory; designation","17 (1) If, before the Agency provides the proponent of a designated project with a notice of the commencement of the impact assessment of the designated project under subsection 18(1), a federal authority advises the Minister that it will not be exercising a power conferred on it under an Act of Parliament other than this Act that must be exercised for the project to be carried out in whole or in part, or the Minister is of the opinion that it is clear that the designated project would cause unacceptable environmental effects within federal jurisdiction, the Minister must provide the proponent with a written notice that he or she has been so advised or is of that opinion. The written notice must set out the reasons why the federal authority will not exercise its power or the basis for the Minister's opinion."
"Impact Assessment Act","Federal","181","Continuance or termination of environmental assessment","designation; assessment; study","agency","discretionary; designation","(3) If the proponent fails to provide the information or studies within the time limit referred to in subsection (2) or within any extension of that time limit or notifies the Agency that it will fail to do so, the Agency may decide that the environmental assessment of the designated project is to be continued as an impact assessment under this Act or is to be terminated."
"Impact Assessment Act","Federal","183","Request of proponent","designation; assessment; review","minister","designation","(2) Despite subsection (1), on request made to the Minister by the proponent of a designated project referred to in that subsection, the environmental assessment is continued as an impact assessment under this Act as if the impact assessment had been referred by the Minister to a review panel under subsection 36(1) of this Act."
"Impact Assessment Act","Federal","183","Power of Agency","designation; assessment; review; study","minister; agency","discretionary; designation; requirement","(2.1) If, within one year after the day on which this subsection comes into force, the proponent of a designated project referred to in subsection (1) fails to collect the information or undertake the studies required by the Agency under section 39 of the 2012 Act, the Agency may, despite subsection (1), decide that the environmental assessment of that project is to be continued as an impact assessment under this Act as if the impact assessment had been referred by the Minister to a review panel under subsection 36(1) of this Act."
"Impact Assessment Act","Federal","185.1","Non-application of this Act","designation; assessment","agency","designation; requirement","185.1 (1) This Act does not apply to a designated project, as defined in subsection 2(1) of the 2012 Act, that is a designated project, as defined in section 2 of this Act, if the former Agency determined that no environmental assessment was required under the 2012 Act or that section 128 of that Act applied to the project."
"Impact Assessment Act","Federal","2","Definitions","plan; agreement","minister; board; commission; agency; council","establishment","It does not include the Executive Council of - or a minister, department, agency or body of the government of - Yukon, the Northwest Territories or Nunavut, a council of the band within the meaning of the Indian Act, Export Development Canada or the Canada Pension Plan Investment Board. It also does not include a Crown corporation, as defined in subsection 83(1) of the Financial Administration Act, that is a wholly-owned subsidiary, as defined in that subsection, a harbour commission established under the Harbour Commissions Act or a not-for-profit corporation that enters into an agreement under subsection 80(5) of the Canada Marine Act, that is not set out in Schedule 1. (autorite federale)"
"Impact Assessment Act","Federal","2","Definitions","designation; assessment","agency","establishment; designation","(b) any agency or body that is established under an Act of Parliament and that has powers, duties or functions in relation to an assessment of the environmental effects of a designated project;"
"Impact Assessment Act","Federal","2","Definitions","designation; assessment","agency","establishment; designation","(d) any agency or body that is established under an Act of the legislature of a province and that has powers, duties or functions in relation to an assessment of the environmental effects of a designated project;"
"Impact Assessment Act","Federal","2","Definitions","designation","authority","definition; designation","proponent means the person or entity - federal authority, government or body - that proposes the carrying out of, or carries out, a designated project. (promoteur)"
"Impact Assessment Act","Federal","23","Specialist or expert information","designation; agreement; assessment","minister","designation","(c) a jurisdiction that, in relation to a designated project in respect of which the Minister has approved a substitution under section 31, conducts an assessment of the effects of the designated project or undertakes activities under an agreement or arrangement referred to in paragraph 114(1)(f) in relation to the assessment of those effects."
"Impact Assessment Act","Federal","28","Effects set out in report","designation; report","agency","mandatory; designation","(3) The report must set out the effects that, in the Agency's opinion, are likely to be caused by the carrying out of the designated project. It must also indicate, from among the effects set out in the report, those that are adverse effects within federal jurisdiction and those that are direct or incidental adverse effects, and specify, from among those adverse effects within federal jurisdiction and direct or incidental adverse effects, the ones that are likely to be, to some extent, significant and the extent to which they are significant."
"Impact Assessment Act","Federal","28","Time limit established by Agency - designated project","designation; assessment","agency","designation","(a) a longer time limit than the time limit referred to in subsection (2) to take into account circumstances that are specific to the designated project or to allow the Agency to cooperate with a jurisdiction referred to in section 21 with respect to the impact assessment of that project; or"
"Impact Assessment Act","Federal","28","Extension of time limit by Minister","designation","minister; agency","discretionary; establishment; designation","(6) The Minister may extend the time limit referred to in subsection (2) or any time limit established under subsection (5) by any period - up to a maximum of 90 days - that is necessary to take into account circumstances that are specific to the designated project or to allow the Agency to cooperate with a jurisdiction referred to in section 21."
"Impact Assessment Act","Federal","28","Extension of time limit by Governor in Council","order_in_council; designation","governor_in_council; minister; agency; council","discretionary; designation","(7) The Governor in Council may, on the recommendation of the Minister, extend the time limit extended under subsection (6) by any period that is necessary to take into account circumstances that are specific to the designated project or to allow the Agency to cooperate with a jurisdiction referred to in section 21."
"Impact Assessment Act","Federal","29","Delegation","designation; report; assessment","agency","discretionary; definition; designation","29 The Agency may delegate to any person, body or jurisdiction referred to in paragraphs (a) to (g) of the definition jurisdiction in section 2 the carrying out of any part of the impact assessment of the designated project and the preparation of the report with respect to the impact assessment of the designated project."
"Impact Assessment Act","Federal","30","Non-disclosure","authorization","agency","mandatory; prohibited","(2) If the Agency is satisfied that the disclosure of evidence, records or other things would cause specific harm to the environment, the evidence, records or things are privileged and must not, without the Agency's authorization, knowingly be, or be permitted to be, disclosed by any person who has obtained the evidence, records or other things under this Act."
"Impact Assessment Act","Federal","31","Minister's power","designation; assessment","minister","discretionary; definition; designation","31 (1) Subject to sections 32 and 33, the Minister may, on request of a jurisdiction referred to in any of paragraphs (c) to (g) of the definition jurisdiction in section 2 that has powers, duties or functions in relation to an assessment of the effects of a designated project and before the expiry of the time limit referred to in subsection 18(1), or any extension of that time limit, do one of the following:"
"Impact Assessment Act","Federal","31","Minister's power","designation; assessment","minister","designation","(a) if the Minister is of the opinion that a process for assessing the effects of designated projects that is followed by the jurisdiction would be an appropriate substitute, approve the substitution of that process for the impact assessment;"
"Impact Assessment Act","Federal","31","Minister's power","designation; agreement; assessment","minister","designation","(b) if the Minister is of the opinion that a process for assessing the effects of designated projects that is followed by the jurisdiction would, together with the activities undertaken under an agreement or arrangement referred to in paragraph 114(1)(f) in relation to the assessment of the effects of the designated project, be an appropriate substitute, approve the substitution of that process and those activities for the impact assessment."
"Impact Assessment Act","Federal","35","Information","designation; agreement; assessment","minister; agency","discretionary; designation; requirement","35 If, with respect to the assessment of the effects of a designated project in respect of which the Minister has approved a substitution, the Agency is of the opinion that information is required for the purpose of ensuring that the factors set out in subsection 22(1) will be considered or for the purposes of subsection 60(1) or (1.1), it may require the proponent of that project to provide the information to the Minister or may make a request to the jurisdiction that is following or followed the process - or to any jurisdiction that is undertaking or undertook activities under an agreement or arrangement referred to in paragraph 114(1)(f) in relation to the assessment of effects of that project - to provide that information to the Minister."
"Impact Assessment Act","Federal","37","Limit of 600 days","designation; assessment; review","agency","mandatory; prohibited; establishment; designation; requirement","(2) Subject to subsection (3), the total number of days for the time limits established under subsection (1) must not exceed 600 unless the Agency is of the opinion that more time is required to take into account circumstances that are specific to the designated project or to allow the review panel to cooperate with a jurisdiction referred to in section 21 with respect to the impact assessment of that project."
"Impact Assessment Act","Federal","37","Extension of time limit by Minister","designation; review","minister","discretionary; establishment; designation","(3) The Minister may extend the time limit established under paragraph (1)(a) by any period - up to a maximum of 90 days - that is necessary to take into account circumstances that are specific to the designated project or to allow the review panel to cooperate with a jurisdiction referred to in section 21."
"Impact Assessment Act","Federal","37","Extension of time limit by Governor in Council","order_in_council; designation; review","governor_in_council; minister; council","discretionary; designation","(4) The Governor in Council may, on the recommendation of the Minister, extend the time limit extended under subsection (3) by any period that is necessary to take into account circumstances that are specific to the designated project or to allow the review panel to cooperate with a jurisdiction referred to in section 21."
"Impact Assessment Act","Federal","39","Agreement to jointly establish review panel","designation; agreement; assessment; review","minister","discretionary; definition; designation","39 (1) When the Minister refers the impact assessment of a designated project to a review panel, he or she may enter into an agreement or arrangement with any jurisdiction referred to in paragraphs (a) to (g) of the definition jurisdiction in section 2 that has powers, duties or functions in relation to an assessment of the environmental effects of the designated project, respecting the joint establishment of a review panel and the manner in which the impact assessment of the designated project is to be conducted by that panel."
"Impact Assessment Act","Federal","39","Other jurisdiction","designation; agreement; assessment; review","minister","discretionary; definition; designation","(3) When the Minister refers the impact assessment of a designated project to a review panel, the Minister and the Minister of Foreign Affairs may enter into an agreement or arrangement with any jurisdiction referred to in paragraph (h) or (i) of the definition jurisdiction in section 2 that has powers, duties or functions in relation to an assessment of the environmental effects of the designated project respecting the joint establishment of a review panel and the manner in which the impact assessment of the designated project is to be conducted by that panel."
"Impact Assessment Act","Federal","40","Document establishing review panel","review","minister; board","mandatory; establishment; requirement","(2) When the Minister is required to refer the proposal to a review panel, he or she and the Mackenzie Valley Environmental Impact Review Board must, in writing, jointly establish a review panel and prescribe the manner of its examination of the impact of the proposal on the environment."
"Impact Assessment Act","Federal","40","Coordination with environmental impact review","assessment; review","minister","mandatory; requirement","(4) The Minister must, to the extent possible, ensure that any assessment of the proposal required by subsection (3) is coordinated with any environmental impact review of the proposal under the Mackenzie Valley Resource Management Act."
"Impact Assessment Act","Federal","41","Terms of reference and appointment of members","designation; notice; assessment; review","minister; agency","mandatory; establishment; designation","41 (1) If the impact assessment of a designated project is referred to a review panel, the Minister must - within 45 days after the day on which the notice referred to in subsection 19(4) with respect to the designated project is posted on the Internet site - establish the panel's terms of reference and the Agency must, within the same period, appoint as a member one or more persons who are unbiased and free from any conflict of interest relative to the designated project and who have knowledge or experience relevant to the designated project's anticipated effects or have knowledge of the interests and concerns of the Indigenous peoples of Canada that are relevant to the assessment."
"Impact Assessment Act","Federal","42","Provisions of agreement","designation; notice; review","agency","mandatory; designation","(c) the Agency must - within 45 days after the day on which the notice referred to in subsection 19(4) with respect to the designated project is posted on the Internet site - appoint the chairperson, or a co-chairperson, and at least one other member of the review panel; and"
"Impact Assessment Act","Federal","43.1","Agreement - referral under paragraph 43(a)","designation; agreement; assessment; review","minister; commission","discretionary; definition; designation","43.1 (1) The Minister may, when referring an impact assessment of a designated project to a review panel under paragraph 43(a), enter into an agreement or arrangement with respect to the impact assessment with the President of the Canadian Nuclear Safety Commission and any jurisdiction referred to in paragraphs (a) to (g) of the definition jurisdiction in section 2."
"Impact Assessment Act","Federal","43.1","Agreement - referral under paragraph 43(b)","designation; agreement; assessment; review","minister; commissioner","discretionary; definition; designation","(2) The Minister may, when referring an impact assessment of a designated project to a review panel under paragraph 43(b), enter into an agreement or arrangement with respect to the impact assessment with the Lead Commissioner of the Canadian Energy Regulator and any jurisdiction referred to in paragraphs (a) to (g) of the definition jurisdiction in section 2."
"Impact Assessment Act","Federal","44","Terms of reference - Nuclear Safety and Control Act","designation; notice; assessment; review","minister; commission; agency","mandatory; definition; establishment; designation","44 (1) When the Minister refers an impact assessment of a designated project that includes activities regulated under the Nuclear Safety and Control Act to a review panel, the Minister must - within 45 days after the day on which the notice referred to in subsection 19(4) with respect to the designated project is posted on the Internet site - establish the panel's terms of reference in consultation with the President of the Canadian Nuclear Safety Commission and the Agency must, within the same period, appoint the chairperson and at least two other members."
"Impact Assessment Act","Federal","47","Terms of reference - Canadian Energy Regulator Act","designation; notice; assessment; review","minister; commissioner; agency","mandatory; definition; establishment; designation","47 (1) When the Minister refers an impact assessment of a designated project that includes activities regulated under the Canadian Energy Regulator Act to a review panel, the Minister must - within 45 days after the day on which the notice referred to in subsection 19(4) with respect to the designated project is posted on the Internet site - establish the panel's terms of reference in consultation with the Lead Commissioner of the Canadian Energy Regulator and the Agency must, within the same period, appoint the chairperson and at least two other members."
"Impact Assessment Act","Federal","50","Establishment of roster","review","commission","discretionary; establishment; designation","(b) a roster of persons who are members of the Canadian Nuclear Safety Commission and who may be appointed as members of a review panel established under subsection 44(1);"
"Impact Assessment Act","Federal","59","Effects set out in report","designation; report","agency","mandatory; designation","(2) The report must set out the effects that, in the Agency's opinion, are likely to be caused by the carrying out of the designated project. It must also indicate, from among the effects set out in the report, those that are adverse effects within federal jurisdiction and those that are direct or incidental adverse effects and specify, from among those adverse effects within federal jurisdiction and direct or incidental adverse effects, the ones that are likely to be, to some extent, significant and the extent to which they are significant."
"Impact Assessment Act","Federal","64","Conditions - adverse effects within federal jurisdiction","order_in_council; designation; report","governor_in_council; minister; council","mandatory; discretionary; establishment; designation","64 (1) The Minister must, based on any determination made by the Minister under subsection 60(1) or any determination made by the Governor in Council under section 62, as the case may be, establish any conditions that the Minister considers appropriate in relation to the adverse effects within federal jurisdiction that are indicated in the report. The proponent of the designated project must comply with those conditions."
"Impact Assessment Act","Federal","65","Time limit - Governor in Council's decision","order_in_council; report","governor_in_council; minister; council","mandatory","(4) If the Governor in Council makes a determination under paragraph 62(a) that the adverse effects within federal jurisdiction - and the direct or incidental adverse effects - that are indicated in the report are not likely to be, to some extent, significant or makes a determination under paragraph 62(b), the Minister must issue the decision statement no later than 90 days after"
"Impact Assessment Act","Federal","65","Extension of time limit by Minister","designation","minister","discretionary; designation","(5) The Minister may extend the time limit referred to in subsection (3) or (4) by any period - up to a maximum of 90 days - that is necessary to take into account circumstances that are specific to the designated project or to facilitate cooperation with a jurisdiction referred to in section 21."
"Impact Assessment Act","Federal","65","Extension of time limit by Governor in Council","order_in_council; designation","governor_in_council; minister; council","discretionary; designation","(6) The Governor in Council may, on the recommendation of the Minister, extend the time limit extended under subsection (5) by any period that is necessary to take into account circumstances that are specific to the designated project or to facilitate cooperation with a jurisdiction referred to in section 21."
"Impact Assessment Act","Federal","9","Minister's power to designate","regulation; order; designation","minister","discretionary; designation","9 (1) The Minister may, on request or on the Minister's own initiative, by order, designate a physical activity that is not prescribed by regulations made under paragraph 109(b) if, in the Minister's opinion, the carrying out of that physical activity may cause adverse effects within federal jurisdiction or direct or incidental adverse effects."
"Impact Assessment Act","Federal","92","Regional assessments - region entirely on federal lands","assessment","minister; agency; committee","discretionary; establishment; authorization","92 The Minister may establish a committee - or authorize the Agency - to conduct a regional assessment of the effects of existing or future physical activities carried out in a region that is entirely on federal lands."
"Impact Assessment Act","Federal","93","Regional assessments - other regions","agreement; assessment","committee","definition","(i) enter into an agreement or arrangement with any jurisdiction referred to in paragraphs (a) to (g) of the definition jurisdiction in section 2 respecting the joint establishment of a committee to conduct the assessment and the manner in which the assessment is to be conducted, or"
"Impact Assessment Act","Federal","93","Regional assessments - other regions","agreement; assessment","minister; committee","discretionary; definition","(b) the Minister and the Minister of Foreign Affairs may enter into an agreement or arrangement with any jurisdiction referred to in paragraph (h) or (i) of that definition respecting the joint establishment of a committee to conduct the assessment and the manner in which the assessment is to be conducted."
"Impact Assessment Act","Federal","93","Committee - foreign state or international organization of states","agreement","minister; committee","mandatory; establishment; designation","(2) If an agreement or arrangement referred to in paragraph (1)(b) is entered into, the Minister must establish - or approve - the committee's terms of reference and appoint as a member of the committee one or more persons, or approve their appointment."
"Impact Assessment Act","Federal","93","Committee - federal authority, etc.","agreement","committee","mandatory; designation","(b) appoint or approve the appointment of the members of the committee, of which at least one person must have been recommended by the jurisdiction with which the agreement or arrangement was entered into."
"Impact Assessment Act","Federal","94","Agency's obligation to offer to consult","assessment","agency","mandatory; definition","94 If the Agency conducts an assessment referred to in subsection 92 or 93, it must offer to consult and cooperate with any jurisdiction referred to in paragraphs (a) to (g) of the definition jurisdiction in section 2 that has powers, duties or functions in relation to the physical activities in respect of which the assessment is conducted."
"Integrated Pest Management Act","Provincial","37","Power to make regulations","bylaw","authority","discretionary","(b) despite any other enactment, restricting the authority of a municipality or a              regional district to make bylaws in relation to prescribed pesticide uses, which may              include, but are not limited to, uses of pesticide"
"Integrated Pest Management Act","Provincial","39","Administrator's regulations","regulation","minister","establishment","(a) assigning pesticides to classes established under section 38 (2)              (b) [minister's regulations];"
"International Boundary Waters Treaty Act","Federal","20","Agreements with provinces","order_in_council; agreement; approval","governor_in_council; minister; council","discretionary","20 The Minister may, with the approval of the Governor in Council, enter into an agreement or arrangement with the government of one or more provinces respecting the activities referred to in sections 11 to 13."
"International Boundary Waters Treaty Act","Federal","20.1","Power to designate","designation; approval","minister","discretionary; designation; authorization","20.1 For the purposes of the administration and enforcement of this Act, the Minister may designate persons or classes of persons to exercise powers in relation to any matter referred to in the designation, including, with the approval of a provincial government, persons or classes of persons who are authorized by that government to exercise powers and carry out functions with respect to bodies of water in the province."
"International Boundary Waters Treaty Act","Federal","42","Article III","agreement; approval","commission; authority","mandatory","It is agreed that, in addition to the uses, obstructions, and diversions heretofore permitted or hereafter provided for by special agreement between the Parties hereto, no further or other uses or obstructions or diversions, whether temporary or permanent, of boundary waters on either side of the line, affecting the natural level or flow of boundary waters on the other side of the line, shall be made except by authority of the United States or the Dominion of Canada within their respective jurisdictions and with the approval, as hereinafter provided, of a joint commission, to be known as the International Joint Commission."
"International Boundary Waters Treaty Act","Federal","42","Article V","licence","authority","mandatory; prohibited; authorization","The High Contracting Parties agree that it is expedient to limit the diversion of waters from the Niagara River so that the level of Lake Erie and the flow of the stream shall not be appreciably affected. It is the desire of both Parties to accomplish this object with the least possible injury to investments which have already been made in the construction of power plants on the United States side of the river under grants of authority from the State of New York, and on the Canadian side of the river under licenses authorized by the Dominion of Canada and the Province of Ontario."
"International Boundary Waters Treaty Act","Federal","42","Article VII","order_in_council","governor_in_council; commission; council","establishment; designation","The High Contracting Parties agree to establish and maintain an International Joint Commission of the United States and Canada composed of six commissioners, three on the part of the United States appointed by the President thereof, and three on the part of the United Kingdom appointed by His Majesty on the recommendation of the Governor in Council of the Dominion of Canada."
"International Boundary Waters Treaty Act","Federal","42","Article VIII","approval","commission","mandatory; requirement","This International Joint Commission shall have jurisdiction over and shall pass upon all cases involving the use or obstruction or diversion of the waters with respect to which under Articles III and IV of this treaty the approval of this Commission is required, and in passing upon such cases the Commission shall be governed by the following rules or principles which are adopted by the High Contracting Parties for this purpose:"
"International Boundary Waters Treaty Act","Federal","42","Article VIII","approval","commission","discretionary; requirement","The Commission in its discretion may make its approval in any case conditional upon the construction of remedial or protective works to compensate so far as possible for the particular use or diversion proposed, and in such cases may require that suitable and adequate provision, approved by the Commission, be made for the protection and indemnity against injury of any interests on either side of the boundary."
"International Boundary Waters Treaty Act","Federal","42","Article VIII","approval","commission","mandatory; discretionary; requirement","In cases involving the elevation of the natural level of waters on either side of the line as a result of the construction or maintenance on the other side of remedial or protective works or dams or other obstructions in boundary waters or in waters flowing therefrom or in waters below the boundary in rivers flowing across the boundary, the Commission shall require, as a condition of its approval thereof, that suitable and adequate provision, approved by it, be made for the protection and indemnity of all interests on the other side of the line which may be injured thereby."
"International Boundary Waters Treaty Act","Federal","42","Article VIII","agreement; report","commission","mandatory; discretionary","The majority of the Commissioners shall have power to render a decision. In case the Commission is evenly divided upon any question or matter presented to it for decision, separate reports shall be made by the Commissioners on each side to their own Government. The High Contracting Parties shall thereupon endeavor to agree upon an adjustment of the question or matter of difference, and if an agreement is reached between them, it shall be reduced to writing in the form of a protocol and shall be communicated to the Commissioners, who shall take such further proceedings as may be necessary to carry out such agreement."
"International Boundary Waters Treaty Act","Federal","42","Article IX","report","commission","mandatory","The High Contracting Parties further agree that any other questions or matters of difference arising between them involving the rights, obligations, or interests of either in relation to the other or to the inhabitants of the other, along the common frontier between the United States and the Dominion of Canada, shall be referred from time to time to the International Joint Commission for examination and report, whenever either the Government of the United States or the Government of the Dominion of Canada shall request that such questions or matters of difference be so referred."
"International Boundary Waters Treaty Act","Federal","42","Article IX","report","commission","mandatory","In case the Commission is evenly divided upon any question or matter referred to it for report, separate reports shall be made by the Commissioners on each side to their own Government."
"International Boundary Waters Treaty Act","Federal","42","Article X","report","commission; council","discretionary; authorization","Any questions or matters of difference arising between the High Contracting Parties involving the rights, obligations, or interests of the United States or of the Dominion of Canada either in relation to each other or to their respective inhabitants, may be referred for decision to the International Joint Commission by the consent of the two Parties, it being understood that on the part of the United States any such action will be by and with the advice and consent of the Senate, and on the part of His Majesty's Government with the consent of the Governor General in Council. In each case so referred, the said Commission is authorized to examine into and report upon the facts and circumstances of the particular questions and matters referred, together with such conclusions and recommendations as may be appropriate, subject, however, to any restrictions or exceptions which may be imposed with respect thereto by the terms of the reference."
"International Boundary Waters Treaty Act","Federal","6","Commission may compel attendance of witnesses","order","commission","mandatory; designation; authorization","6 The International Joint Commission, when appointed and constituted pursuant to the treaty, shall have power, when holding joint sessions in Canada, to take evidence on oath and to compel the attendance of witnesses by application to a judge of a superior court of the province in which the session is held, and that judge is hereby authorized and directed to make all orders and issue all processes necessary and appropriate to that end."
"International River Improvements Act","Federal","2","Definitions","designation; review","chief; officer","definition; designation","Chief Review Officer means the review officer appointed as Chief Review Officer under subsection 244(1) of the Canadian Environmental Protection Act, 1999 and includes any review officer designated under subsection 244(3) of that Act to perform the functions of the Chief Review Officer; (reviseur-chef)"
"Land Act","Provincial","10.1","When no application for Crown land may be made","order","minister","mandatory","(2) An order made under subsection (1) must be published by the minister for the term of the order on a publicly accessible website maintained by or on behalf of the minister."
"Land Act","Provincial","102","Minister may consent to plan proceedings","plan","minister","discretionary; requirement","102  If the government is the owner of land in a subdivision plan and proceedings are proposed under part of the land title legislation, the minister, if the minister considers it advisable, may sign a petition or give a consent on behalf of the government if either may be required for the proceedings."
"Land Act","Provincial","103","Minister may order government title cancelled","order; certificate","minister","mandatory","(2) On receiving an order of the minister under subsection (1), the registrar of the land title office must cancel the registration of the indefeasible or absolute title to the land described in the order and call in and cancel any duplicate indefeasible title or certificate of title that has been issued."
"Land Act","Provincial","106","Land revested in government","park","agency","mandatory","(3) A power under any Act, other than the Ministry of Lands, Parks and Housing Act or the Public Agency Accommodation Act, to dispose of the fee simple in Crown land as defined in this Act, must be exercised in compliance with this Act."
"Land Act","Provincial","17","Conditional withdrawal","designation","minister","discretionary; designation","17  (1) The minister may, if the minister considers it advisable in the public interest, designate a portion of Crown land for a particular use or for the conservation of natural or heritage resources."
"Land Act","Provincial","17","Conditional withdrawal","designation","minister","designation","(2) A portion of Crown land designated under subsection (1) is withdrawn from disposition under this Act for any purpose that is not, in the opinion of the minister, compatible with the purpose for which the land has been designated."
"Land Act","Provincial","18","Land below natural water boundary","order; order_in_council","governor_in_council; council","mandatory; discretionary; prohibited","18  (1) Except by order of the Lieutenant Governor in Council, on the terms the Lieutenant Governor in Council may specify, unfilled Crown land below the natural boundary of a body of water must not be disposed of by Crown grant under this Act."
"Land Act","Provincial","18","Land below natural water boundary","order","minister","mandatory; discretionary; prohibited","(2) Except by order of the minister, on the terms the minister may specify, filled Crown land below the natural boundary of a body of water must not be disposed of by Crown grant under this Act."
"Land Act","Provincial","39","Licence of occupation","licence","minister","discretionary","39  The minister may issue a licence to occupy and use Crown land, called a ""licence of occupation"", subject to the terms and reservations the minister considers advisable."
"Land Act","Provincial","51","Grant of Crown land to government corporations and bodies","order_in_council; approval","governor_in_council; board; authority; council","discretionary","51  (1) Despite any other provision of this Act, Crown land may, with the approval of the Lieutenant Governor in Council and subject to the terms, reservations and restrictions that the Lieutenant Governor in Council considers advisable, be disposed of by Crown grant under this Act, free or otherwise, to a government corporation, municipality, regional district, hospital board, university, college, board of education, francophone education authority as defined in the School Act or other government related body or to the South Coast British Columbia Transportation Authority continued under the South Coast British Columbia Transportation Authority Act or any of its subsidiaries."
"Land Act","Provincial","58","Application to include body of water or road in subdivision","plan","minister","discretionary","58  (1) If doubt exists whether a body of water or road shown on the map or plan attached to a grant from the government is included in the grant, or whether it is in the public interest that the part coloured other than in red need be retained by the government, a person proposing to subdivide may apply to the minister for a declaration of intention about that part."
"Land Act","Provincial","58","Application to include body of water or road in subdivision","plan","minister","discretionary","(3) On receiving a plan certified by the registrar as being otherwise acceptable for deposit, the minister may, if the minister considers it advisable, endorse a declaration on the plan that the land is included in the grant or need not be retained by the government."
"Land Act","Provincial","66","Prohibition of use of Crown land in designated areas","regulation; order_in_council; designation","governor_in_council; council","discretionary; designation","66  (1) The Lieutenant Governor in Council may, by regulation, prohibit a specific use of Crown land in a designated area."
"Land Act","Provincial","76","Power to order survey","order","minister","mandatory","(2) Unless the minister otherwise orders, an applicant for unsurveyed Crown land must pay the cost of a survey of that land."
"Land Act","Provincial","93.4","Minister may establish Forest and Range Practices Act objectives by order","order; order_in_council; designation","governor_in_council; minister; council","discretionary; establishment","(2) An order of the minister under subsection (1) may apply in respect of Crown resources or Crown land, whether or not the Crown resources or Crown land are also the subject of a designation made or an objective established by the Lieutenant Governor in Council under this Part."
"Land Act","Provincial","93.7","Delegation by minister","regulation; designation","minister","discretionary; prohibited; designation; requirement","(a) delegate a power or duty of the minister under sections 93.4 to 93.6 or under the regulations to a person, designated by name or position and employed in the ministry of the minister or in another ministry, and this Act applies to the delegate as if the delegate were the minister, except that the delegate may not sub-delegate the power or duty,"
"Land Act","Provincial","93.81","Regulations for this Part","regulation; order_in_council","governor_in_council; minister; council","discretionary; establishment","93.81  The Lieutenant Governor in Council may make regulations respecting objectives established under section 93.4, including but not limited to regulations prescribing procedures and criteria that are to be followed by the minister or a delegate of the minister in establishing the objectives."
"Land Act","Provincial","97","Minister may delegate; may amend terms","regulation","minister","discretionary","(2) If an applicant, because of illness or other unforeseen circumstances, does not comply with a provision of this Act, the regulations, or a term, covenant or stipulation in a disposition, the minister may, if the minister considers it advisable, if no other person is or is likely to be prejudiced and if all other provisions of this Act and the regulations have been complied with, extend the time for compliance by the applicant or vary the terms, covenants or stipulations of the disposition."
"Libby Dam Reservoir Act","Provincial","4","Use of land and water","order_in_council","governor_in_council; council","mandatory; discretionary","4  (1) Land acquired under this Act must be made available, and other land of the government that, in the opinion of the Lieutenant Governor in Council, is necessary or convenient for the purposes set out in section 2, may be made available, for those purposes."
"Maanulth First Nations Final Agreement Act","Federal","10","Powers of Minister of Fisheries and Oceans","agreement","minister","discretionary","10 Despite section 7 of the Fisheries Act, the Minister of Fisheries and Oceans may, on behalf of Her Majesty in right of Canada, enter into and implement the Maa-nulth Harvest Agreement referred to in paragraph 10.2.1 of the Agreement, including any amendments made to it."
"Mines Act","Provincial","1","Definitions","designation","chief; inspector","designation","(e) a place designated by the chief inspector as a mine;"
"Mines Act","Provincial","10","Permits","regulation; plan; program; code; permit","chief; officer; inspector","mandatory; establishment","(1) Before starting any work in, on or about a mine, the owner, agent, manager or any other person must hold a permit issued by the chief permitting officer and, as part of the application for the permit, there must be filed with an inspector a plan outlining the details of the proposed work and a program for the conservation of cultural heritage resources and for the protection and reclamation of the land, watercourses and cultural heritage resources affected by the mine, including the information, particulars and maps established by the regulations or the code."
"Mines Act","Provincial","12","Mine reclamation fund","regulation; order_in_council","governor_in_council; council","mandatory; discretionary; establishment","(2) The Lieutenant Governor in Council may, by regulation, establish a fund to be known as the mine reclamation fund into which must be paid security, that is in the form of money, given by the owner, agent or manager of a mine under section 10."
"Mines Act","Provincial","13","Variance of regulations or code for individual mine","review","chief; committee; inspector","mandatory","(a) must review each variance and advise the manager, occupational health and safety committee and local union that the chief inspector intends to review the variance, and"
"Mines Act","Provincial","15","Inspections","permit","inspector","authorization","(ii)  a site at which the inspector considers mining activity to be taking place, including mining activity not authorized by a permit;"
"Mines Act","Provincial","15","Inspections","designation","inspector","mandatory; designation","(2) If an inspector is making a health and safety inspection, on arrival at the mine the inspector must request the manager to arrange for the worker co-chair or designate and the management co-chair or designate each to appoint a representative to accompany the inspector on the inspection."
"Mines Act","Provincial","15","Inspections","regulation; order; code; permit","inspector","discretionary","(4.1) If an inspector believes on reasonable grounds that a person has contravened or is contravening an order under this section or a provision of the Act, the code, the regulations or a permit and that the contravention has a detrimental environmental impact, the inspector may order the owner, agent, manager, permittee or any other person apparently in charge in, on or about a mine to do any of the following:"
"Mines Act","Provincial","15","Inspections","order","inspector","mandatory","(5) If an inspector is of the opinion that a delay in remedying a hazard would be dangerous to persons, property or the environment, the inspector must issue an order"
"Mines Act","Provincial","16","Order not to interfere with public works, etc.","order","inspector","discretionary","16  An inspector may order the operation of a mine to be conducted in a manner that will not interfere with a public work, public service, public utility, highway or railway, or with a pipeline as defined in section 1 (2) of the Energy Resource Activities Act or an adjacent mine property."
"Mines Act","Provincial","17","Chief inspector's authority to cause work to be done","notice","commissioner; chief","discretionary","(4) Notice of the debt in the prescribed form may be registered as a charge in the land title office or in the office of the chief gold commissioner, and no transfer of title or other dealing with the mine may take place until the debt is paid and the notice cancelled."
"Mines Act","Provincial","2.1","Chief auditor","designation","minister; chief","mandatory; designation","2.1  (1) The minister must designate in writing a person appointed under the Public Service Act, as the chief auditor."
"Mines Act","Provincial","2.5","Audits","order","chief","discretionary","(3) If, in inspecting a place under subsection (1), the chief auditor identifies a hazard and is of the opinion that a delay in remedying the hazard would be dangerous to persons, property or the environment, the chief auditor may issue an order"
"Mines Act","Provincial","3","Chief inspector","designation","minister; chief; inspector","mandatory; designation","3  The minister must designate in writing a person appointed under the Public Service Act, as the Chief Inspector of Mines."
"Mines Act","Provincial","30","Posting of reports and orders","order; report","inspector","mandatory","30  (1) Each manager must post in a conspicuous place at the mine all inspection reports and orders issued by an inspector and must maintain them there for 30 days."
"Mines Act","Provincial","34","Health, safety and reclamation code committee","code","minister; committee","mandatory; establishment; designation","34  (1) The minister must establish a health, safety and reclamation code committee consisting of the members the minister appoints."
"Mines Act","Provincial","34","Health, safety and reclamation code committee","code","committee","mandatory; discretionary; requirement","(3) The committee must prepare a code dealing with all aspects of health, safety and reclamation in the operation of a mine and may amend the code from time to time as required."
"Mines Act","Provincial","35","Enforcement of Act, regulations, code, permit or order","regulation; order; code; permit","inspector","discretionary","35  (1) If an inspector finds that a mine is not being operated in accordance with an order under section 15 or a provision of the Act, the regulations, the code or a permit, the inspector may order the owner, agent, manager, permittee or person apparently in charge in, on or about a mine to comply with the order or provision."
"Mines Act","Provincial","38","Power to make regulations","approval","inspector","discretionary; requirement","(c) specify that the approval or consent of an inspector or some other person is required before a specified action may be taken, and, without limiting this section, may require approval or consent before a specified type of equipment is used at a mine or continues to be used in specified circumstances,"
"Mines Act","Provincial","8.2","Chief permitting officer","designation","minister; chief; officer","mandatory; designation","8.2  The minister must designate in writing a person appointed under the Public Service Act, as the chief permitting officer."
"Mines Act","Provincial","9","Advisory committee","permit; approval; review","chief; committee; officer","mandatory; establishment","9  The chief permitting officer must establish and chair an advisory committee and must establish regional advisory committees to review applications for mine approvals and reclamation permits, referred to them by the chief permitting officer, to assist the chief permitting officer in carrying out the duties of the chief permitting officer under this Act."
"Natural Resource Compliance Act","Provincial","1","Definitions","designation","officer","definition; designation","""natural resource officer"" means a person designated under section 2."
"Natural Resource Compliance Act","Provincial","2","Natural resource officers - designation","regulation; designation","minister","discretionary; designation","2  (1) Subject to the regulations, if any, the minister may designate in writing persons or a class of persons as natural resource officers."
"Natural Resource Compliance Act","Provincial","2","Natural resource officers - designation","designation","minister","discretionary","(2) In designating natural resource officers under subsection (1), the minister may"
"Natural Resource Compliance Act","Provincial","2","Natural resource officers - designation","designation","minister","discretionary","(3) The minister may vary or revoke a designation."
"Oceans Act","Federal","11","Prevention in contiguous zone of infringement of federal laws","code","commission","discretionary","11 A person who is responsible for the enforcement of a federal law that is a customs, fiscal, immigration or sanitary law and who has reasonable grounds to believe that a person in the contiguous zone of Canada would, if that person were to enter Canada, commit an offence under that law may, subject to Canada's international obligations, prevent the entry of that person into Canada or the commission of the offence and, for greater certainty, section 25 of the Criminal Code applies in respect of the exercise by a person of any powers under this section."
"Oceans Act","Federal","25","Recommendation - Minister of Foreign Affairs","regulation; order_in_council","governor_in_council; council","discretionary","(ii) in respect of a portion of the territorial sea of Canada prescribed in the regulations, an outer limit line may be determined, where, in the opinion of the Governor in Council, a portion of the territorial sea of Canada determined in accordance with paragraph 4(a) would conflict with the territorial sea of another state or other area of the sea in which another state has sovereign rights or would be unreasonably close to the coast of another state,"
"Oceans Act","Federal","25","Recommendation - Minister of Foreign Affairs","regulation; order_in_council","governor_in_council; council","discretionary","(iii) in respect of a portion of the exclusive economic zone of Canada or the continental shelf of Canada prescribed in the regulations, an outer limit line may be determined, where, in the opinion of the Governor in Council, a portion of the exclusive economic zone of Canada or the continental shelf of Canada determined in accordance with paragraph 13(1)(a) or 17(1)(a) or (b) would conflict with the territorial sea of another state or other area of the sea in which another state has sovereign rights or would be unreasonably close to the coast of another state or is otherwise inappropriate, and"
"Oceans Act","Federal","29","Development and implementation of strategy","strategy; agreement","minister","mandatory; establishment","29 The Minister, in collaboration with other ministers, boards and agencies of the Government of Canada, with provincial and territorial governments and with affected aboriginal organizations, coastal communities and other persons and bodies, including those bodies established under land claims agreements, shall lead and facilitate the development and implementation of a national strategy for the management of estuarine, coastal and marine ecosystems in waters that form part of Canada or in which Canada has sovereign rights under international law."
"Oceans Act","Federal","31","Integrated management plans","plan; agreement","minister","mandatory; establishment","31 The Minister, in collaboration with other ministers, boards and agencies of the Government of Canada, with provincial and territorial governments and with affected aboriginal organizations, coastal communities and other persons and bodies, including those bodies established under land claims agreements, shall lead and facilitate the development and implementation of plans for the integrated management of all activities or measures in or affecting estuaries, coastal waters and marine waters that form part of Canada or in which Canada has sovereign rights under international law."
"Oceans Act","Federal","32","Implementation of integrated management plans","agreement","minister; board; agency","discretionary; establishment","(c) may, on his or her own or jointly with another person or body or with another minister, board or agency of the Government of Canada, and taking into consideration the views of other ministers, boards and agencies of the Government of Canada, provincial and territorial governments and affected aboriginal organizations, coastal communities and other persons and bodies, including those bodies established under land claims agreements,"
"Oceans Act","Federal","33","Consultation","agreement","minister","discretionary; establishment","(2) In exercising the powers and performing the duties and functions mentioned in this Part, the Minister may consult with other ministers, boards and agencies of the Government of Canada, with provincial and territorial governments and with affected aboriginal organizations, coastal communities and other persons and bodies, including those bodies established under land claims agreements."
"Oceans Act","Federal","35","Network of marine protected areas","plan","minister","mandatory","(2) For the purposes of integrated management plans referred to in sections 31 and 32, the Minister shall lead and coordinate the development and implementation of a national network of marine protected areas on behalf of the Government of Canada."
"Oceans Act","Federal","39","Designation of provincial government employees","designation","minister","discretionary; prohibited; designation","(2) The Minister may not designate any person or class of persons employed by the government of a province unless that government agrees."
"Park Act","Provincial","10","Class C parks boards","park","minister; board","mandatory; designation","10  (1) Every Class C park must be under the jurisdiction of a separate park board appointed by the minister."
"Park Act","Provincial","10","Class C parks boards","regulation; park","board","mandatory","(3) A park board must conduct its proceedings and manage, administer, regulate and control the park under its jurisdiction in accordance with this Act and the regulations."
"Park Act","Provincial","11","Minister's power to acquire land","order_in_council; park; approval","governor_in_council; minister; council","discretionary","11  (1) For the purpose of establishing or enlarging any park, conservancy or recreation area, the minister, on behalf of the government, with the approval of the Lieutenant Governor in Council, may do one or more of the following:"
"Park Act","Provincial","2","Application of other Acts","regulation; protected_area; assessment","minister","mandatory; prohibited","2  (1) This Act is subject to the Environment and Land Use Act, the Environmental Assessment Act, the Haida Nation Recognition Act, the Muskwa-Kechika Management Area Act, the Wildfire Act, except section 18 of that Act, and the Environmental Management Act, but otherwise, except as provided in this Act, this Act and the regulations are not subject to any other Act or regulation, whenever made, and a minister, ministry of government or agent of the Crown must not exercise any power granted under any other Act or regulation except in accordance with this Act and the regulations."
"Park Act","Provincial","22","Restoration deposit may be required","park; permit","minister","discretionary; authorization; requirement","22  Before issuing a park use permit or resource use permit, the minister or the minister's authorized agent may require the person to whom it is intended to issue the permit to pay to the government a sum that the minister or that agent considers sufficient to defray the cost of the restoration or repair of the park, conservancy or recreation area concerned necessitated by the use authorized by the permit."
"Park Act","Provincial","27","Minister may accept gifts","reserve; park","minister","discretionary","27  (1) The minister, on behalf of the government, may accept gifts or bequests of money or other property for purposes of parks, conservancies, recreation areas, ecological reserves or areas protected under the Environment and Land Use Act and administered by the minister."
"Park Act","Provincial","3","Duties and responsibilities of minister","park","minister","mandatory","3  (1) Except as otherwise provided in this Act, the minister has jurisdiction over, and must manage and administer, all matters concerning parks, conservancies and recreation areas and public and private use and conduct in them, including all of the following:"
"Park Act","Provincial","3","Duties and responsibilities of minister","order","minister","mandatory","(2) The minister has, subject to an order under section 6, jurisdiction over and must manage and administer land or a trail, path or waterway comprised in an order under that section."
"Park Act","Provincial","31.1","Transitional - validation of existing permits in conservancies","park; permit","minister","discretionary","31.1  (1) Despite section 9 (10) (d), the minister may issue a park use permit authorizing a person who, on the establishment date for a conservancy, holds"
"Park Act","Provincial","31.1","Transitional - validation of existing permits in conservancies","park; permit","minister","discretionary","(2) The minister may renew, cancel, amend or approve the transfer of a park use permit issued under subsection (1)."
"Park Act","Provincial","4","Directors, officers, employees and park rangers","park","minister","discretionary; designation","(2) The minister may appoint persons, or persons within a class of persons, to be park rangers."
"Park Act","Provincial","5","Classification of parks, conservancies and recreation areas","order_in_council; park","governor_in_council; council","mandatory; discretionary","(2) Even though the power conferred on the Lieutenant Governor in Council by subsection (1) is expressed as being permissive, the Lieutenant Governor in Council must exercise that power to the extent and as often as may be necessary to ensure that the total area of parks and recreation areas"
"Park Act","Provincial","5","Classification of parks, conservancies and recreation areas","order; order_in_council","governor_in_council; council","discretionary; establishment","(7) The Lieutenant Governor in Council, by order, may extend the boundaries of any conservancy, or consolidate 2 or more of the conservancies, established or continued under the Protected Areas of British Columbia Act."
"Park Act","Provincial","7","Power to modify boundaries","order_in_council; park","governor_in_council; council","discretionary; establishment","7  (1) The Lieutenant Governor in Council may cancel, reestablish or revise the boundaries of any park, conservancy or recreation area established under this Act to"
"Parks Canada Agency Act","Federal","10","Appointment","order_in_council","governor_in_council; chief; council; officer","mandatory; discretionary; designation","10 (1) The Governor in Council shall appoint an officer, to be called the Chief Executive Officer, to hold office during pleasure for a term of not more than five years, which term may be renewed for one or more further terms."
"Parks Canada Agency Act","Federal","31","Report - heritage areas and programs","program; park; report","minister; chief; agency; officer","mandatory","31 At least every five years, the Chief Executive Officer shall provide the Minister with a report, to be tabled in each House of Parliament, on the state of national parks, national historic sites, national marine conservation areas and other protected heritage areas and heritage protection programs, and on the Agency's performance in carrying out its responsibilities under section 6."
"Parks Canada Agency Act","Federal","32","Management plans","plan; park","minister; chief; officer","mandatory","32. (1) In addition to the duties in relation to management plans under the Canada National Parks Act and the Canada National Marine Conservation Areas Act, the Chief Executive Officer shall, within five years after the establishment of a national historic site or other protected heritage area, other than the Rouge National Urban Park, or within five years after the coming into force of this section, whichever is later, provide the Minister with a management plan for that national historic site or other protected heritage area in respect of any matter that the Minister deems appropriate, including, but not limited to, commemorative and ecological integrity, resource protection or visitor use, and that plan shall be tabled in each House of Parliament."
"Parks Canada Agency Act","Federal","41","Employees on probation","regulation","commission; agency","establishment; designation","41 (1) Every employee who was considered to be on probation under section 28 of the Public Service Employment Act immediately before being appointed to the Agency continues on probation with the Agency until the end of any period established by the Public Service Commission by regulation for that employee or a class of persons of which that employee is a member."
"Parks Canada Agency Act","Federal","42","Designated positions","designation","agency","designation","42 If an employee, immediately before being appointed to the Agency, occupied a position that was a designated position in the Department of Canadian Heritage, that employee is, on appointment to the Agency, deemed to occupy a designated position in the Agency."
"Parks Canada Agency Act","Federal","5","Exercise of powers conferred on Minister","regulation; program; park","minister; agency","mandatory; discretionary","5 (1) Subject to any direction given by the Minister, the Agency may exercise the powers and shall perform the duties and functions that relate to national parks, national historic sites, national marine conservation areas, other protected heritage areas and heritage protection programs that are conferred on, or delegated, assigned or transferred to, the Minister under any Act or regulation."
"Parks Canada Agency Act","Federal","6","System plans","plan; park","agency","mandatory","(2) The Agency shall ensure that there are long-term plans in place for establishing systems of national parks, national historic sites and national marine conservation areas."
"Pest Control Products Act","Federal","13","Mandatory reporting","report","minister","mandatory","13 An applicant for registration of a pest control product, a person who makes an application under subsection 10(2) or a registrant shall report any prescribed information that relates to the health or environmental risks or the value of the pest control product to the Minister within the prescribed time and in the form and manner directed by the Minister."
"Pest Control Products Act","Federal","14","Determination by Minister","review","minister","mandatory","14 After considering any information reported under section 12 or 13, the Minister shall determine whether a special review of the registration of the pest control product should be initiated."
"Pest Control Products Act","Federal","16","Request for information from departments and provinces","regulation; notice","minister","mandatory","(4) After the re-evaluation is initiated, the Minister shall deliver a notice to federal and provincial government departments and agencies whose interests and concerns are affected by the federal regulatory system requesting them to provide, in the form and within the period specified in the notice, information in respect of the health and environmental risks and the value of the product that is under re-evaluation."
"Pest Control Products Act","Federal","16","If active ingredients not equivalent","regulation; permit","minister","mandatory","(5.1) If the active ingredients of the registered pest control product that is subject to the re-evaluation are not equivalent to the active ingredients in another registrant's registered pest control product, the Minister shall, subject to and in accordance with the regulations, permit the registrant whose product is subject to the re-evaluation to use or rely on information provided by the other registrant if the Minister is satisfied that the information is necessary for the re-evaluation."
"Pest Control Products Act","Federal","16","Evaluation of pest control product","regulation","minister","mandatory; requirement","(6) After the re-evaluation is initiated, the Minister shall, in accordance with the regulations, if any, conduct any evaluations that the Minister considers necessary with respect to the health or environmental risks or the value of the pest control product and shall carry out the consultations required by section 28."
"Pest Control Products Act","Federal","17","Initiation of special review by Minister","review","minister","mandatory","17 (1) The Minister shall initiate a special review of the registration of a pest control product if the Minister has reasonable grounds to believe that the health or environmental risks of the product are, or its value is, unacceptable."
"Pest Control Products Act","Federal","17","Special review where OECD ban","review","minister","mandatory","(2) Without limiting the generality of subsection (1), when a member country of the Organisation for Economic Co-operation and Development prohibits all uses of an active ingredient for health or environmental reasons, the Minister shall initiate a special review of registered pest control products containing that active ingredient."
"Pest Control Products Act","Federal","17","Special review where information from department or province","review","minister; agency","mandatory","(3) Without limiting the generality of subsection (1), the Minister shall initiate a special review of the registration of a pest control product if a federal or provincial government department or agency has provided information to the Minister that relates to the health or environmental risks or the value of the product and if, after considering the information provided, the Minister has reasonable grounds to believe that the health or environmental risks of the product are, or its value is, unacceptable."
"Pest Control Products Act","Federal","17","Scope of special review","review","minister","mandatory","(6) For the purposes of this section, the Minister shall initiate a special review only in relation to the aspect of the pest control product that prompted the special review."
"Pest Control Products Act","Federal","18","Request for information from departments and provinces","regulation; notice; review","minister","mandatory","(2) After the special review is initiated, the Minister shall deliver a notice to federal and provincial government departments and agencies whose interests and concerns are affected by the federal regulatory system requesting them to provide, in the form and within the period specified in the notice, information in respect of the health and environmental risks and the value of the product that is under special review."
"Pest Control Products Act","Federal","18","If active ingredients not equivalent","regulation; permit; review","minister","mandatory","(3.1) If the active ingredients of a registered pest control product that is subject to the special review are not equivalent to the active ingredients in another registrant's registered pest control product, the Minister shall, subject to and in accordance with the regulations, permit the registrant whose product is subject to the special review to use or rely on information provided by the other registrant if the Minister is satisfied that the information is necessary for the special review."
"Pest Control Products Act","Federal","18","Evaluation of pest control product","regulation; review","minister","mandatory; requirement","(4) After the special review is initiated, the Minister shall, in accordance with the regulations, if any, evaluate only the aspects of the pest control product that are within the scope of the special review and shall carry out the consultations required by section 28."
"Pest Control Products Act","Federal","19","Government policy to be given effect in evaluation","policy","minister","mandatory","(3) In evaluating the health and environmental risks and the value of a pest control product, the Minister shall give effect to government policy."
"Pest Control Products Act","Federal","2","Definitions","designation","inspector","definition; designation","inspector means an individual who is appointed or designated as an inspector under section 45. (inspecteur)"
"Pest Control Products Act","Federal","27","Implementation of international agreement","order; order_in_council; agreement","governor_in_council; council","discretionary","27 The Governor in Council may, by order, cancel or amend the registration of a pest control product or a class of pest control products if the Governor in Council considers it necessary to do so to implement an international agreement."
"Pest Control Products Act","Federal","28","Minister to consult","regulation","minister","mandatory","28 (1) The Minister shall consult the public and federal and provincial government departments and agencies whose interests and concerns are affected by the federal regulatory system before making a decision"
"Pest Control Products Act","Federal","33","Export control list","order; order_in_council","governor_in_council; council","discretionary; establishment","33 (1) The Governor in Council may, by order, establish a Pest Control Products Export Control List consisting of pest control products that meet the prescribed criteria."
"Pest Control Products Act","Federal","33","Application","authorization","minister","mandatory","(3) An application for authorization to export a pest control product must be made to the Minister in the form and manner directed by the Minister."
"Pest Control Products Act","Federal","39","Confirmation, reversal or variation of decision","review","minister","mandatory; prohibited","39 (1) After considering the recommendations of a review panel, the Minister shall confirm, reverse or vary the decision under review, but the confirmation, reversal or variation must not result in the registration, either initial or continued, of a pest control product unless the Minister considers that its health and environmental risks and its value are acceptable."
"Pest Control Products Act","Federal","42","Register","regulation; review","minister","mandatory; establishment","42 (1) The Minister shall establish and maintain a Register of Pest Control Products in accordance with the regulations, if any, that contains information about pest control products, including information about applications, registrations, re-evaluations and special reviews."
"Pest Control Products Act","Federal","53.1","Release of seized thing","regulation","inspector","mandatory","53.1 If an inspector is satisfied that the provisions of this Act and the regulations that apply with respect to a pest control product or other thing seized under this Act have been complied with, the product or thing must be released."
"Pest Control Products Act","Federal","53.3","Duty of inspector","regulation","inspector","mandatory","(3) If the inspector decides under subsection (1) not to give the owner or importer or the person having possession, care or control of the pest control product the opportunity to take a measure in respect of it, the inspector shall exercise, in respect of the product, any of the powers conferred by the provisions of this Act, other than this section, or of the regulations."
"Pest Control Products Act","Federal","67","Regulations re WTO Agreement","regulation; order_in_council; agreement","governor_in_council; authority; council","discretionary","(3) Without limiting the authority conferred by subsection (1), the Governor in Council may make any regulations that the Governor in Council considers necessary for the purpose of implementing, in relation to pest control products, Article 39(3) of the Agreement on Trade-related Aspects of Intellectual Property Rights set out in Annex 1C to the WTO Agreement."
"Pest Control Products Act","Federal","7","Application to Minister","regulation","minister","mandatory; requirement","7 (1) An application to register a pest control product or to amend the product's registration must be made to the Minister in the form and manner directed by the Minister and must include any information or other thing that is required by the regulations to accompany the application."
"Pest Control Products Act","Federal","7","Use of information provided by registrants","regulation; permit","minister","mandatory","(2) If the Minister determines that the active ingredient of the applicant's pest control product is equivalent to the active ingredient of a registered pest control product, the Minister shall, subject to and in accordance with the regulations, permit the applicant to use or rely on any information referred to in subsection (1) that has been provided by any registrant if the Minister is satisfied that the information"
"Pest Control Products Act","Federal","7","Government policy to be given effect in evaluation","policy","minister","mandatory","(8) In evaluating the health and environmental risks and the value of a pest control product, the Minister shall give effect to government policy."
"Pest Control Products Act","Federal","8","Registration or amendment","regulation","minister","mandatory; requirement","8 (1) If the Minister considers that the health and environmental risks and the value of the pest control product are acceptable after any required evaluations and consultations have been completed, the Minister shall register the product or amend its registration in accordance with the regulations, if any, by"
"Pest Control Products Act","Federal","8","Provision of safety information to workplaces","regulation","minister","mandatory","(3) Without limiting the generality of paragraph (1)(a), the Minister shall specify, as a condition of registration, the requirement for product safety information, including a material safety data sheet for the product, to be provided to workplaces where the pest control product is used or manufactured, in accordance with the regulations made under paragraph 67(1)(s)."
"Pest Control Products Act","Federal","8","Sales data","regulation; report","minister","mandatory","(5) A registrant of a pest control product shall, as a condition of registration, record, retain and report to the Minister information on sales of the product in the form and manner directed by the Minister and in accordance with the regulations made under paragraph 67(1)(u)."
"Private Managed Forest Land Act","Provincial","15","Critical wildlife habitat","designation","minister; deputy_minister","designation","(a) providing a reasonable opportunity for a person designated in writing by the deputy minister to the minister responsible for the administration of the Wildlife Act to assess whether critical wildlife habitat is present on private managed forest land, and"
"Private Managed Forest Land Act","Provincial","17","Application for private managed forest land","assessment","council","mandatory; discretionary","(1) Before private land may be classified as private managed forest land under this Act or managed forest land under the Assessment Act, the landowner or owner must submit to the council a proposed management commitment that is in the prescribed form and contains"
"Private Managed Forest Land Act","Provincial","19","Exit fee","notice","council","mandatory; discretionary","(a) in the case of property within a municipality, the council must file a notice of the amount of the exit fee with the municipality, which may collect the amount in the same manner as taxes against the property under the Local Government Act or the Vancouver Charter, as applicable;"
"Private Managed Forest Land Act","Provincial","19","Exit fee","notice","council","mandatory; discretionary; designation","(b) in the case of other property, the council must file a notice of the amount of the exit fee with the Surveyor of Taxes appointed under the Taxation (Rural Area) Act, who may collect the amount in the same manner as taxes against the property under that Act."
"Private Managed Forest Land Act","Provincial","27","Remediation orders","order","council","mandatory","(4) If the council makes an order under subsection (2), the council must give a copy of the order to the person named in the order, and the owner if the owner is not the person named in the order, and the order must set out"
"Private Managed Forest Land Act","Provincial","27","Remediation orders","order; notice","council","discretionary","(6) If the council makes an order under subsection (2) against a person other than the owner of the private managed forest land, the owner may, on written notice to the council in the prescribed form and in the prescribed manner, assume responsibility for complying with the order and the order is deemed to be an order naming the owner instead of the other person."
"Private Managed Forest Land Act","Provincial","27","Remediation orders","order; notice","council","mandatory","(7) If an owner gives written notice to the council under subsection (6), the council must serve notice on the person who is named in the order that the owner has assumed responsibility for complying with the order and the person named in the order is not responsible for complying with that order."
"Private Managed Forest Land Act","Provincial","6","Council members","bylaw","council","mandatory; establishment; designation","(2) Subject to subsection (3), the owners must appoint 2 council members in accordance with the procedures set out in bylaws of the council and establish the terms of the appointment of those members."
"Private Managed Forest Land Act","Provincial","6","Council members","designation","council","mandatory; designation","(5) The council members appointed under this section must appoint an additional person as a member of the council and designate that person to be the chair of the council."
"Private Managed Forest Land Act","Provincial","6","Council members","designation","minister; council","discretionary; designation","(6) If, within 60 days after the expiry of the term of the chair, the council members do not appoint a new chair, the minister may appoint an additional person to the council, designate that person to be the chair and set the terms of the chair's appointment, as long as"
"Professional Governance Act","Provincial","1","Definitions and interpretation","regulation; order_in_council","governor_in_council; agency; council","discretionary; definition","""government registrant"" means a ministry or agency of the government that the Lieutenant Governor in Council may prescribe by regulation;"
"Professional Governance Act","Provincial","11","Directives issued by superintendent","regulation; report","board","designation","(b) that a board appoint an auditor to conduct an audit, in accordance with the directive and any applicable regulations, and provide an audit report to the superintendent;"
"Professional Governance Act","Provincial","28","Oath of office","regulation","board; committee","mandatory; establishment; designation","28  (1) Before taking office as a board member or acting as a member of a committee in respect of a regulatory body, a person elected or appointed as a board member or to a committee must take and sign, by oath or solemn affirmation, an oath of office in the form and manner established by regulation."
"Professional Governance Act","Provincial","31","Registrar and register for regulatory body","regulation","board","mandatory; discretionary; designation","31  (1) The board of each regulatory body must appoint a registrar and may appoint one or more deputy registrars for the regulatory body, each of whom holds office during the pleasure of the board."
"Professional Governance Act","Provincial","33","General meetings of regulatory bodies","regulation","board","mandatory; designation","33  (1) An annual general meeting of a regulatory body must be held, at the time and place appointed by the board of the regulatory body, at least once in every calendar year and not more than 15 months after the preceding annual meeting."
"Professional Governance Act","Provincial","4","Office of the superintendent of professional governance established","designation","minister","discretionary; designation","(3) The minister may designate one or more employees of the government to act temporarily in the place of the superintendent."
"Professional Governance Act","Provincial","6","Professional Governance Advisory Committee","regulation; order_in_council","governor_in_council; minister; council","requirement","(c) perform other duties the minister requires or as prescribed by regulation of the Lieutenant Governor in Council."
"Protected Areas Of British Columbia Act","Provincial","1","Ecological reserves","order_in_council; reserve","council","establishment","(2) The ecological reserves established and described in orders in council referred to in Schedule B are continued for the purposes of the Ecological Reserve Act."
"Railway Act","Provincial","138","Connection of intersecting tracks","order; certificate","minister","mandatory; discretionary","138  (1) If the lines or tracks of the railway of one company are intersected or crossed by those of another, or on any application for permission to make an intersection or crossing, or in any case in which the tracks or lines of 2 different railways run through or into the same city, town or village, the minister may, on the application of one of the companies, or of a municipal corporation or other public body, or of any person or persons interested, by certificate, order that the lines or tracks of the railways must be so connected at or near the point of intersection or crossing or in or near the city, town or village as to allow the safe and convenient transfer or passing of engines, cars and trains from the tracks or lines of one railway to those of another, and that the connection must be maintained and used."
"Railway Act","Provincial","14","Map","approval; certificate","minister","mandatory","(5) When the map is approved and the application is filed in the ministry, the minister must signify the minister's approval of the projected line of railway by certificate."
"Railway Act","Provincial","16","Approval by minister","plan","minister","discretionary; requirement","(3) Before approving any plan, profile or book of reference of a section of a railway, the minister may require a company to submit the plan, profile and book of reference of the whole or of any portion of the remainder of the railway, or further or other information the minister considers expedient."
"Railway Act","Provincial","180","Highway obstruction","permit","minister","mandatory; prohibited","180  If a railway crosses a highway at rail level, the company must not, and its officers, agents or employees must not, wilfully permit an engine, tender or car to stand on any part of the highway for a longer period than 5 minutes at one time, or, when shunting, to obstruct public traffic for a longer period than 5 minutes at one time, or, in the opinion of the minister, unnecessarily interfere with it."
"Railway Act","Provincial","185","Obligations and liabilities of logging and mining railways","order; permit","minister","discretionary","(5) If it is shown to the satisfaction of the minister that the use of a railway described in subsection (1) for the carriage of passengers and goods is necessary or desirable in order to facilitate development of the natural resources of British Columbia, the minister may grant a permit in writing to the company owning or operating the railway, authorizing the company to receive and carry passengers and goods under this subsection and subsections (6) to (9)."
"Railway Act","Provincial","185","Obligations and liabilities of logging and mining railways","permit; notice","minister","discretionary","(9) The minister may, at any time by notice in writing to the company, revoke any permit granted to the company under subsection (5)."
"Railway Act","Provincial","186","Accommodation for traffic","certificate","minister","requirement","(b) prohibit or limit the use, either generally or on any specified railway or part of it, of any engines, locomotives, cars, rolling stock, apparatus, machinery or devices, or any class or kind of them, not equipped as required by this Act or by any certificate of the minister."
"Railway Act","Provincial","187","Traffic over connecting lines","order; certificate","minister","mandatory; discretionary; definition","187  (1) If a line of one railway joins or connects the line or lines of that railway with another, the minister may, by certificate, on application of one of the companies or of a municipal corporation or other public body, order that the railway company that constructed the branch line must provide all reasonable and proper facilities, by means of the branch, for the interchange of freight and livestock traffic, and the empty cars incidental to it, between the lines of that railway and those of the railway with which that branch is so joined or connected, in both directions, and also between the lines of the first mentioned railway and those of other railways connecting with the lines of the first mentioned railway, and all tracks and sidings used by the first mentioned railway for the purpose of loading and unloading cars, and owned or controlled by or connecting with the lines of the company owning or controlling the first mentioned railway, and other tracks and sidings            the minister directs."
"Railway Act","Provincial","187","Traffic over connecting lines","certificate","minister","mandatory; discretionary","(2) The minister may, by certificate, determine as questions of fact and direct the price per car that must be charged by and paid to the company owning or controlling the first mentioned railway for that traffic."
"Railway Act","Provincial","21","Deposit of plan of completed railway","plan","minister","mandatory; discretionary","21  (1) A plan and profile of the completed railway or of any part of it which is completed and in operation, and of the land taken or obtained for the use of it, must, within 6 months after completion of the undertaking or within 6 months after beginning to operate the completed part, as the case may be, or within an extended or renewed period as the minister at any time directs, be made and deposited in the ministry."
"Railway Act","Provincial","21","Deposit of plan of completed railway","regulation; order; plan","minister","mandatory; discretionary; requirement","(2) Plans and profiles of the parts of the railway so completed or in operation located in different districts and counties, prepared on the scale, in the manner and form, and signed or authenticated in the manner the minister may, by regulation of general application or by order dealing with a particular case, approve or require, must be deposited in the land title offices for the districts and counties in which the parts are located."
"Railway Act","Provincial","23","Further plans","order; plan","minister","mandatory; discretionary; requirement","23  In addition to the plans, profiles and books of reference, a company must, with all reasonable expedition, prepare and deposit in the ministry any other or further plans, profiles or books of reference of any portion of the railway, or of any siding, station or works of it, that the minister may order or require."
"Railway Act","Provincial","24","Deviations, changes or alterations","plan; approval","minister","mandatory; discretionary; requirement","24  (1) If any deviation, change or alteration is required by a company to be made in the railway or any portion of it as already constructed, or as merely located and approved, a plan, profile and book of reference of the portion of the railway proposed to be changed, showing the deviation, change or alteration proposed to be made, must, in similar manner as provided with respect to the original plan, profile and book of reference, be submitted for the approval of the minister, and may be approved by the minister."
"Railway Act","Provincial","24","Deviations, changes or alterations","regulation; order; plan","minister","discretionary; requirement","(4) The minister may, by regulation of general application or by order dealing with a particular case, exempt a company from submitting the plan, profile and book of reference, as provided in this section, if the deviation, change or alteration is made or to be made for the purpose of lessening a curve, reducing a gradient or otherwise benefiting the railway, or for any other purpose of public advantage, as may seem to the minister expedient, if the deviation, change or alteration does not require the acquisition or leasing of additional property."
"Railway Act","Provincial","26","Mines to be protected","approval","minister","mandatory; prohibited","26  Unless it has the approval of the minister, a company must not locate the line of its proposed railway, or construct the line or any portion of it, so as to obstruct or interfere with, or injuriously affect the working of or the access or adit to, any mine then open, or for the opening of which preparations are at the time of the location being lawfully and openly made."
"Railway Act","Provincial","3","Special application","designation; certificate","minister; authority","definition; designation","""railway"" means a railway or tramway subject to the legislative authority of the Legislature, and includes any undertaking of a company subject to that authority which is by any certificate of the minister designated as a railway."
"Railway Act","Provincial","33","Compensation to be paid to the government","certificate","minister","mandatory","33  (1) After obtaining a certificate of consent under section 32, a company must promptly apply to the appropriate minister to set the price and compensation to be paid by the company to the government for the taking of the respective land and properties described in the certificate of consent."
"Railway Act","Provincial","35","Application to take more ample space","plan","minister","requirement","(a) a plan, profile and book of reference of the portion of the railway affected, showing the additional land required, and certified as provided in this Act with respect to plans and profiles required to be deposited by the company with the minister, and"
"Railway Act","Provincial","37","Obtaining materials for construction or operation","plan; approval; certificate","minister","discretionary; requirement","(2) The minister may, by certificate, approve all or part of the plan and description, and then, and to the extent to which the approval of the minister is obtained, the company may exercise, in respect of the land shown on the plan and mentioned in the description, all the powers conferred by this Act, and the powers may be used to obtain the material or water required and the right of way to the material or water irrespective of the distance of it from the railway of the company."
"Range Act","Provincial","21","Private land agreements","agreement; permit; licence","minister","discretionary","21  The minister may make entering with an applicant into a grazing licence or grazing permit conditional on the applicant first entering into an agreement with"
"Range Act","Provincial","21.1","Conditions relating to associated private land or associated tenures","permit; licence","minister","discretionary","21.1  (1) The minister may make entering with a person into a licence or permit conditional on the person, for the duration of the term of the licence or permit,"
"Range Act","Provincial","21.1","Conditions relating to associated private land or associated tenures","permit; licence","minister","mandatory","(2) The minister must ensure that a condition referred to in subsection (1) is specified in the licence or permit."
"Range Act","Provincial","29","Retention of associated private land or tenures of holder of licence or permit","permit; licence; notice","minister","discretionary","(3) The minister may cancel a licence or permit without first delivering to the holder of the licence or permit a notice of cancellation if the holder contravenes subsection (2)."
"Range Act","Provincial","29","Retention of associated private land or tenures of holder of licence or permit","permit; licence","minister","mandatory","(a) the minister must inform the holder of the licence or permit of the decision,"
"Range Act","Provincial","29","Retention of associated private land or tenures of holder of licence or permit","permit; licence","minister","discretionary","(b) the minister, in making the decision not to cancel, may prepare amendments to the licence or permit to attach conditions to it that the minister considers appropriate in the circumstances, and"
"Range Act","Provincial","29","Retention of associated private land or tenures of holder of licence or permit","permit; licence; notice","minister","mandatory","(c) the minister must deliver notice to the holder of the licence or permit, setting out the amendments prepared under paragraph (b), if any."
"Range Act","Provincial","3","Minister to grant licences and permits","agreement; permit; licence","minister","discretionary","3  The minister, on behalf of the government, may enter into agreements granting rights over Crown range in the form of grazing licences, grazing permits, hay cutting licences and hay cutting permits."
"Range Act","Provincial","30","Substitutions","permit; licence","minister","discretionary","30  (1) A holder of a licence or permit may apply to the minister to amend the licence or permit by substituting other land for the holder's associated private land."
"Range Act","Provincial","30","Substitutions","permit; licence","minister","discretionary","(2) On receiving an application under subsection (1), the minister may amend the licence or permit by substituting other land for the holder's associated private land."
"Range Act","Provincial","35","Change in boundary or area","regulation; permit; licence","minister","discretionary","35  In accordance with the regulations and with the consent of the holder of a licence or permit, the minister may vary the boundary or area of the licence or permit."
"Range Act","Provincial","37","Licence or permit deletions and reductions because of incompatible land use","order","minister","discretionary","37  The minister by order may"
"Range Act","Provincial","46","90% animal unit months use requirement unless otherwise agreed","agreement; permit; licence","minister","mandatory","46  (1) Unless otherwise agreed by a non-use agreement made in writing between the minister on behalf of the government and the holder of a grazing licence or grazing permit, the holder must ensure that at least 90% of the animal unit months specified in the licence or permit is used in each calendar year."
"Range Act","Provincial","60","Suspension by minister or natural resource officer","order; permit; licence","minister; officer","discretionary; authorization","60  (1) By order, the minister or a natural resource officer authorized by the minister may suspend all or some of the rights granted under a licence or permit if he or she believes on reasonable and probable grounds that"
"Range Act","Provincial","60","Suspension by minister or natural resource officer","order; permit; licence; notice","minister; officer","mandatory; discretionary; authorization","(2) The minister or a natural resource officer authorized by the minister may make an order under subsection (1) without advance notice, but must deliver notice of the order to the holder of the licence or permit, accompanied by the reasons for the order."
"Range Act","Provincial","8","Use by government employees and agents","regulation; standard","minister","mandatory","(c) must include terms and conditions that the minister considers appropriate and that are consistent with this Act and the regulations and with the Forest and Range Practices Act and the regulations and standards under that Act."
"Riparian Areas Protection Act","Provincial","12","Provincial directives on streamside protection","regulation; order_in_council","governor_in_council; council","discretionary; establishment","12  (1) Subject to subsection (2), the Lieutenant Governor in Council may, by regulation,          establish directives regarding the protection and enhancement of riparian areas          that the Lieutenant Governor in Council considers may be subject to residential,          commercial or industrial development."
"Species At Risk Act","Federal","10","Administrative agreements","plan; strategy; agreement","minister; board","discretionary","10 A competent minister may, after consultation with every other competent minister, enter into an agreement with any government in Canada, organization or wildlife management board with respect to the administration of any provision of this Act for which that competent minister has responsibility, including the preparation and implementation of recovery strategies, action plans and management plans."
"Species At Risk Act","Federal","10.1","Stewardship action plan","plan","minister; council","mandatory; discretionary; establishment","10.1 The Minister, after consultation with the Canadian Endangered Species Conservation Council, may establish a stewardship action plan that creates incentives and other measures to support voluntary stewardship actions taken by any government in Canada, organization or person. A copy of the stewardship action plan must be included in the public registry."
"Species At Risk Act","Federal","11","Conservation agreements - species at risk","agreement","minister; council","discretionary","11 (1) A competent minister may, after consultation with every other competent minister, and with the Canadian Endangered Species Conservation Council or any of its members if he or she considers it appropriate to do so, enter into a conservation agreement with any government in Canada, organization or person to benefit a species at risk or enhance its survival in the wild."
"Species At Risk Act","Federal","116","Government records","agreement","minister; agency; officer","discretionary","116 (1) The competent minister, any enforcement officer and any department or agency of a government in Canada with which the competent minister has entered into an agreement under section 10 may keep records and use information obtained as a result of the use of alternative measures to deal with a person"
"Species At Risk Act","Federal","118","Information exchange agreements","agreement; report","minister; agency","discretionary","118 The competent minister may enter into an agreement with a department or agency of a government in Canada respecting the exchange of information for the purpose of administering alternative measures or preparing a report in respect of a person's compliance with an alternative measures agreement."
"Species At Risk Act","Federal","12","Conservation agreements - other species","agreement","minister; council","discretionary","12 (1) A competent minister may, after consultation with every other competent minister, and with the Canadian Endangered Species Conservation Council or any of its members if he or she considers it appropriate to do so, enter into an agreement with any government in Canada, organization or person to provide for the conservation of a wildlife species that is not a species at risk."
"Species At Risk Act","Federal","128","Reports on status of wildlife species","report","minister","mandatory","128 Five years after this section comes into force and at the end of each subsequent period of five years, the Minister must prepare a general report on the status of wildlife species. The Minister must have the report tabled in each House of Parliament within the first 15 days that it is sitting after the completion of the report."
"Species At Risk Act","Federal","13","Funding agreements","program; agreement","minister","discretionary","13 (1) A competent minister may enter into an agreement with any government in Canada, organization or person to provide for the payment of contributions towards the costs of programs and measures for the conservation of wildlife species, including programs and measures under an agreement entered into under subsection 11(1) or 12(1)."
"Species At Risk Act","Federal","132","Time for recovery strategy","order_in_council; strategy; assessment","governor_in_council; council","mandatory","132 If a wildlife species is added to the List by the Governor in Council as the result of an assessment under section 130, the recovery strategy for the species must be prepared within three years after the listing in the case of an endangered species, and within four years in the case of a threatened species."
"Species At Risk Act","Federal","133","Time for management plan","order_in_council; plan; assessment","governor_in_council; council","mandatory","133 If a wildlife species is added to the List by the Governor in Council as a species of special concern as the result of an assessment under section 130, the management plan for the species must be prepared within five years after the listing."
"Species At Risk Act","Federal","17","Regulations and guidelines","regulation; guideline","minister; council","discretionary; establishment","17 The Minister may, after consultation with the Canadian Endangered Species Conservation Council and COSEWIC, establish regulations or guidelines respecting the appointment of members and the carrying out of COSEWIC's functions."
"Species At Risk Act","Federal","2","Definitions","agreement","board","definition; establishment; authorization","wildlife management board means any board or other body established under a land claims agreement that is authorized by the agreement to perform functions in respect of wildlife species. (conseil de gestion des ressources fauniques)"
"Species At Risk Act","Federal","25","Copies to Minister and Council","assessment","minister; council","mandatory","25 (1) When COSEWIC completes an assessment of the status of a wildlife species, it must provide the Minister and the Canadian Endangered Species Conservation Council with a copy of the assessment and the reasons for it. A copy of the assessment and the reasons must also be included in the public registry."
"Species At Risk Act","Federal","25","Report on response","report; assessment","minister","mandatory","(3) On receiving a copy of an assessment of the status of a wildlife species from COSEWIC under subsection (1), the Minister must, within 90 days, include in the public registry a report on how the Minister intends to respond to the assessment and, to the extent possible, provide time lines for action."
"Species At Risk Act","Federal","26","Annual reports","report","council","mandatory","26 COSEWIC must annually provide a report on its activities to the Canadian Endangered Species Conservation Council and a copy of that report must be included in the public registry."
"Species At Risk Act","Federal","27","Pre-conditions for recommendation","agreement","board","authorization","(c) if the species is found in an area in respect of which a wildlife management board is authorized by a land claims agreement to perform functions in respect of a wildlife species, consult the wildlife management board."
"Species At Risk Act","Federal","28","Notice","assessment","minister; council","mandatory","(4) COSEWIC must provide the applicant, the Minister and the Canadian Endangered Species Conservation Council with a copy of its assessment. A copy of the assessment must be included in the public registry."
"Species At Risk Act","Federal","29","Emergency listing","order_in_council","governor_in_council; minister; council","mandatory","29 (1) If the Minister is of the opinion that there is an imminent threat to the survival of a wildlife species, the Minister must, on an emergency basis, after consultation with every other competent minister, make a recommendation to the Governor in Council that the List be amended to list the species as an endangered species."
"Species At Risk Act","Federal","30","Review","order; report","minister","mandatory","30 (1) As soon as possible after an order is made on the basis of a recommendation referred to in subsection 29(1), COSEWIC must have a status report on the wildlife species prepared and, within one year after the making of the order, COSEWIC must, in a report in writing to the Minister,"
"Species At Risk Act","Federal","34","Order","order; order_in_council","governor_in_council; minister; council","discretionary","(2) The Governor in Council may, on the recommendation of the Minister, by order, provide that sections 32 and 33, or either of them, apply in lands in a province that are not federal lands with respect to individuals of a listed wildlife species that is not an aquatic species or a species of birds that are migratory birds protected by the Migratory Birds Convention Act, 1994."
"Species At Risk Act","Federal","34","Consultation","agreement","board","authorization","(b) if the species is found in an area in respect of which a wildlife management board is authorized by a land claims agreement to perform functions in respect of wildlife species, the wildlife management board."
"Species At Risk Act","Federal","35","Pre-conditions for recommendation","agreement","board","authorization","(b) if the species is found in an area in respect of which a wildlife management board is authorized by a land claims agreement to perform functions in respect of wildlife species, consult the wildlife management board."
"Species At Risk Act","Federal","37","Preparation - endangered or threatened species","strategy","minister","mandatory","37 (1) If a wildlife species is listed as an extirpated species, an endangered species or a threatened species, the competent minister must prepare a strategy for its recovery."
"Species At Risk Act","Federal","37","More than one competent minister","strategy","minister","mandatory","(2) If there is more than one competent minister with respect to the wildlife species, they must prepare the strategy together and every reference to competent minister in sections 38 to 46 is to be read as a reference to the competent ministers."
"Species At Risk Act","Federal","38","Commitments to be considered","plan; strategy","minister","mandatory","38 In preparing a recovery strategy, action plan or management plan, the competent minister must consider the commitment of the Government of Canada to conserving biological diversity and to the principle that, if there are threats of serious or irreversible damage to the listed wildlife species, cost-effective measures to prevent the reduction or loss of the species should not be postponed for a lack of full scientific certainty."
"Species At Risk Act","Federal","39","Cooperation with others","agreement","board","authorization","(c) if the species is found in an area in respect of which a wildlife management board is authorized by a land claims agreement to perform functions in respect of wildlife species, the wildlife management board;"
"Species At Risk Act","Federal","39","Land claims agreement","strategy; agreement","board","mandatory; authorization","(2) If the listed wildlife species is found in an area in respect of which a wildlife management board is authorized by a land claims agreement to perform functions in respect of wildlife species, the recovery strategy must be prepared, to the extent that it will apply to that area, in accordance with the provisions of the agreement."
"Species At Risk Act","Federal","39","Consultation","strategy","minister","mandatory","(3) To the extent possible, the recovery strategy must be prepared in consultation with any landowners and other persons whom the competent minister considers to be directly affected by the strategy, including the government of any other country in which the species is found."
"Species At Risk Act","Federal","40","Determination of feasibility","strategy","minister","mandatory","40 In preparing the recovery strategy, the competent minister must determine whether the recovery of the listed wildlife species is technically and biologically feasible. The determination must be based on the best available information, including information provided by COSEWIC."
"Species At Risk Act","Federal","41","Contents if recovery feasible","strategy","minister","mandatory","41 (1) If the competent minister determines that the recovery of the listed wildlife species is feasible, the recovery strategy must address the threats to the survival of the species identified by COSEWIC, including any loss of habitat, and must include"
"Species At Risk Act","Federal","41","Contents if recovery not feasible","strategy","minister","mandatory","(2) If the competent minister determines that the recovery of the listed wildlife species is not feasible, the recovery strategy must include a description of the species and its needs, an identification of the species' critical habitat to the extent possible, and the reasons why its recovery is not feasible."
"Species At Risk Act","Federal","42","Proposed recovery strategy","strategy","minister","mandatory","42 (1) Subject to subsection (2), the competent minister must include a proposed recovery strategy in the public registry within one year after the wildlife species is listed, in the case of a wildlife species listed as an endangered species, and within two years after the species is listed, in the case of a wildlife species listed as a threatened species or an extirpated species."
"Species At Risk Act","Federal","42","First listed wildlife species","strategy","minister","mandatory","(2) With respect to wildlife species that are set out in Schedule 1 on the day section 27 comes into force, the competent minister must include a proposed recovery strategy in the public registry within three years after that day, in the case of a wildlife species listed as an endangered species, and within four years after that day, in the case of a wildlife species listed as a threatened species or an extirpated species."
"Species At Risk Act","Federal","44","Existing plans","plan; strategy","minister","mandatory","44 (1) If the competent minister is of the opinion that an existing plan relating to a wildlife species meets the requirements of subsection 41(1) or (2), and the plan is adopted by the competent minister as the proposed recovery strategy, he or she must include it in the public registry as the proposed recovery strategy in relation to the species."
"Species At Risk Act","Federal","44","Incorporation of existing plans","plan; strategy","minister","discretionary","(2) The competent minister may incorporate any part of an existing plan relating to a wildlife species into a proposed recovery strategy for the species."
"Species At Risk Act","Federal","48","Cooperation with other ministers and governments","agreement","board","authorization","(c) if the species is found in an area in respect of which a wildlife management board is authorized by a land claims agreement to perform functions in respect of wildlife species, the wildlife management board;"
"Species At Risk Act","Federal","48","Land claims agreement","plan; agreement","board","mandatory; authorization","(2) If the listed wildlife species is found in an area in respect of which a wildlife management board is authorized by a land claims agreement to perform functions in respect of wildlife species, an action plan must be prepared, to the extent that it will apply to that area, in accordance with the provisions of the agreement."
"Species At Risk Act","Federal","48","Consultation","plan","minister","mandatory","(3) To the extent possible, an action plan must be prepared in consultation with any landowners, lessees and other persons whom the competent minister considers to be directly affected by, or interested in, the action plan, including the government of any other country in which the species is found."
"Species At Risk Act","Federal","51","Existing plans","plan","minister","mandatory","51 (1) If the competent minister is of the opinion that an existing plan relating to a wildlife species meets the requirements of section 49, and the plan is adopted by the competent minister as a proposed action plan, he or she must include it in the public registry as a proposed action plan in relation to the species."
"Species At Risk Act","Federal","51","Incorporation of existing plans","plan","minister","discretionary","(2) The competent minister may incorporate any part of an existing plan relating to a wildlife species into a proposed action plan for the species."
"Species At Risk Act","Federal","53","Regulations","regulation; plan","minister","mandatory","53 (1) The competent minister must, with respect to aquatic species, species of birds that are migratory birds protected by the Migratory Birds Convention Act, 1994, regardless of where they are located, or with respect to any other wildlife species on federal lands, make any regulations that are necessary in the opinion of the competent minister for the purpose of implementing the measures included in an action plan, but, if the measures relate to the protection of critical habitat on federal lands, the regulations must be made under section 59."
"Species At Risk Act","Federal","53","Consultation","regulation; agreement","minister; board","mandatory; authorization","(3) If the competent minister is of the opinion that a regulation would affect an area in respect of which a wildlife management board is authorized by a land claims agreement to perform functions in respect of wildlife species, he or she must consult the wildlife management board before making the regulation."
"Species At Risk Act","Federal","55","Monitoring and reporting","plan; report","minister","mandatory","55 The competent minister must monitor the implementation of an action plan and the progress towards meeting its objectives and assess and report on its implementation and its ecological and socio-economic impacts five years after the plan comes into effect. A copy of the report must be included in the public registry."
"Species At Risk Act","Federal","56","Codes of practice, national standards or guidelines","guideline; standard","minister; council","discretionary; establishment","56 The competent minister may, after consultation with the Canadian Endangered Species Conservation Council and any person whom he or she considers appropriate, establish codes of practice, national standards or guidelines with respect to the protection of critical habitat."
"Species At Risk Act","Federal","58","Protected areas","plan; strategy; sanctuary; park; protected_area","minister","mandatory; establishment","(2) If the critical habitat or a portion of the critical habitat is in a national park of Canada named and described in Schedule 1 to the Canada National Parks Act, the Rouge National Urban Park established by the Rouge National Urban Park Act, a marine protected area under the Oceans Act, a migratory bird sanctuary under the Migratory Birds Convention Act, 1994 or a national wildlife area under the Canada Wildlife Act, the competent Minister must, within 90 days after the recovery strategy or action plan that identified the critical habitat is included in the public registry, publish in the Canada Gazette a description of the critical habitat or portion that is in that park, area or sanctuary."
"Species At Risk Act","Federal","58","Obligation to make order or statement","plan; strategy","minister","mandatory","(5) Within 180 days after the recovery strategy or action plan that identified the critical habitat is included in the public registry, the competent minister must, after consultation with every other competent minister, with respect to all of the critical habitat or any portion of the critical habitat that is not in a place referred to in subsection (2),"
"Species At Risk Act","Federal","58","Obligation to make order or statement","order","minister","mandatory; discretionary","(b) if the competent minister does not make the order, he or she must include in the public registry a statement setting out how the critical habitat or portions of it, as the case may be, are legally protected."
"Species At Risk Act","Federal","58","Obligation to make recommendation","plan; strategy","minister","mandatory; definition","(5.2) The competent minister must, within 180 days after the recovery strategy or action plan that identified the critical habitat that includes habitat to which the Migratory Birds Convention Act, 1994 applies is included in the public registry, and after consultation with every other competent minister,"
"Species At Risk Act","Federal","58","Consultation","order; agreement","minister; board","mandatory; authorization","(8) If the competent minister is of the opinion that an order under subsection (4) or (5.1) would affect an area in respect of which a wildlife management board is authorized by a land claims agreement to perform functions in respect of wildlife species, he or she must consult the wildlife management board before making the order under subsection (4) or the recommendation under subsection (5.2)."
"Species At Risk Act","Federal","59","Regulations re federal lands","regulation; order_in_council","governor_in_council; minister; council","discretionary","59 (1) The Governor in Council may, on the recommendation of the competent minister after consultation with every other competent minister, make regulations to protect critical habitat on federal lands."
"Species At Risk Act","Federal","59","Obligation to make recommendation","plan; strategy","minister","mandatory; requirement","(2) The competent minister must make the recommendation if the recovery strategy or an action plan identifies a portion of the critical habitat as being unprotected and the competent minister is of the opinion that the portion requires protection."
"Species At Risk Act","Federal","59","Consultation","regulation; agreement","minister; board","mandatory; authorization","(6) If the competent minister is of the opinion that a regulation would affect an area in respect of which a wildlife management board is authorized by a land claims agreement to perform functions in respect of wildlife species, he or she must consult the wildlife management board before recommending the making of the regulation."
"Species At Risk Act","Federal","62","Acquisition of lands","agreement","minister","discretionary","62 A competent minister may enter into an agreement with any government in Canada, organization or person to acquire any lands or interests in land for the purpose of protecting the critical habitat of any species at risk."
"Species At Risk Act","Federal","63","Progress reports on unprotected portions of critical habitat","plan; strategy; report","minister","mandatory","63 If in the opinion of the Minister any portion of the critical habitat of a listed wildlife species remains unprotected 180 days after the recovery strategy or action plan that identified the critical habitat was included in the public registry, the Minister must include in that registry a report on the steps taken to protect the critical habitat. The Minister must continue to report with respect to every subsequent period of 180 days until the portion is protected or is no longer identified as critical habitat."
"Species At Risk Act","Federal","65","Preparation of management plan","plan","minister","mandatory; discretionary","65 If a wildlife species is listed as a species of special concern, the competent minister must prepare a management plan for the species and its habitat. The plan must include measures for the conservation of the species that the competent minister considers appropriate and it may apply with respect to more than one wildlife species."
"Species At Risk Act","Federal","66","Cooperation with other ministers and governments","agreement","board","authorization","(c) if the species is found in an area in respect of which a wildlife management board is authorized by a land claims agreement to perform functions in respect of wildlife species, the wildlife management board;"
"Species At Risk Act","Federal","66","Land claims agreement","plan; agreement","board","mandatory; authorization","(2) If the listed wildlife species is found in an area in respect of which a wildlife management board is authorized by a land claims agreement to perform functions in respect of wildlife species, the management plan must be prepared, to the extent that it will apply to that area, in accordance with the provisions of the agreement."
"Species At Risk Act","Federal","66","Consultation","plan","minister","mandatory","(3) To the extent possible, the management plan must be prepared in consultation with any landowners, lessees and other persons whom the competent minister considers to be directly affected by, or interested in, the management plan, including the government of any other country in which the species is found."
"Species At Risk Act","Federal","68","Proposed management plan","plan","minister","mandatory","68 (1) Subject to subsection (2), the competent minister must include a proposed management plan in the public registry within three years after the wildlife species is listed as a species of special concern."
"Species At Risk Act","Federal","68","First listed species","plan","minister","mandatory","(2) With respect to a wildlife species that is set out in Schedule 1 as a species of special concern on the day section 27 comes into force, the competent minister must include a proposed management plan in the public registry within five years after that day."
"Species At Risk Act","Federal","69","Existing plans","plan","minister","mandatory; definition","69 (1) If the competent minister is of the opinion that an existing plan relating to a wildlife species includes adequate measures for the conservation of the species and the competent minister adopts the existing plan as the proposed management plan, he or she must include a copy of it in the public registry as the proposed management plan in relation to the species."
"Species At Risk Act","Federal","69","Incorporation of existing plans","plan","minister","discretionary","(2) The competent minister may incorporate any part of an existing plan relating to a wildlife species into a proposed management plan for the species."
"Species At Risk Act","Federal","71","Regulations","regulation; order_in_council; plan","governor_in_council; minister; council","discretionary","71 (1) The Governor in Council may, on the recommendation of the competent minister, make any regulations with respect to aquatic species or species of birds that are migratory birds protected by the Migratory Birds Convention Act, 1994, regardless of where they are located, or with respect to any other wildlife species on federal lands, that the Governor in Council considers appropriate for the purpose of implementing the measures included in the management plan."
"Species At Risk Act","Federal","71","Consultation","regulation; agreement","minister; board","mandatory; authorization","(3) If the competent minister is of the opinion that a regulation would affect an area in respect of which a wildlife management board is authorized by a land claims agreement to perform functions in respect of wildlife species, he or she must consult the wildlife management board before recommending the making of the regulation."
"Species At Risk Act","Federal","73","Powers of competent minister","agreement; permit","minister","discretionary","73 (1) The competent minister may enter into an agreement with a person, or issue a permit to a person, authorizing the person to engage in an activity affecting a listed wildlife species, any part of its critical habitat or the residences of its individuals."
"Species At Risk Act","Federal","73","Consultation","agreement; permit","minister; board","mandatory; authorization","(4) If the species is found in an area in respect of which a wildlife management board is authorized by a land claims agreement to perform functions in respect of wildlife species, the competent minister must consult the wildlife management board before entering into an agreement or issuing a permit concerning that species in that area."
"Species At Risk Act","Federal","75","Adding terms and conditions","order; agreement; permit; licence","minister","discretionary","75 (1) A competent minister may add terms and conditions to protect a listed wildlife species, any part of its critical habitat or the residences of its individuals to any agreement, permit, licence, order or other similar document authorizing a person to engage in an activity affecting the species, any part of its critical habitat or the residences of its individuals that is entered into, issued or made by the competent minister under another Act of Parliament."
"Species At Risk Act","Federal","76","Exemption for existing agreements, permits, etc.","regulation; order; order_in_council; agreement; permit; licence","governor_in_council; minister; council","discretionary","76 The Governor in Council may, on the recommendation of a competent minister, by order, provide that section 32, 33, 36, 58, 60 or 61, or any regulation made under section 53, 59 or 71, does not apply, for a period of up to one year from the date of listing of a wildlife species, to agreements, permits, licences, orders or other similar documents authorizing persons to engage in an activity affecting the listed wildlife species, any part of its critical habitat or the residences of its individuals that were entered into, issued or made under another Act of Parliament before the species was listed."
"Species At Risk Act","Federal","77","Licences, permits, etc., under other Acts of Parliament","permit; licence; authorization","minister","discretionary; authorization","77 (1) Despite any other Act of Parliament, any person or body, other than a competent minister, authorized under any Act of Parliament, other than this Act, to issue or approve a licence, a permit or any other authorization that authorizes an activity that may result in the destruction of any part of the critical habitat of a listed wildlife species may enter into, issue, approve or make the authorization only if the person or body has consulted with the competent minister, has considered the impact on the species' critical habitat and is of the opinion that"
"Species At Risk Act","Federal","79","Notification of Minister","assessment","minister; authority","mandatory; requirement","79 (1) Every person who is required by or under an Act of Parliament to ensure that an assessment of the environmental effects of a project is conducted, and every authority who makes a determination under paragraph 82(a) or (b) of the Impact Assessment Act in relation to a project, must, without delay, notify the competent minister or ministers in writing of the project if it is likely to affect a listed wildlife species or its critical habitat."
"Species At Risk Act","Federal","8","Agreement and reporting obligation","agreement; report","minister","mandatory","(3) The delegation must be the subject of an agreement between the delegating minister and the delegate and the agreement must provide that the delegate is to prepare an annual report for the delegating minister on the activities undertaken under the agreement. A copy of the agreement must be included in the public registry within 45 days after it is entered into, and a copy of every annual report must be included in the public registry within 45 days after it is received by the delegating minister."
"Species At Risk Act","Federal","85","Designation of provincial or territorial government employees","designation","minister","discretionary; prohibited; designation","(2) The competent minister may not designate any person or person of a class of persons employed by the government of a province or a territory unless that government agrees."
"Species At Risk Act","Federal","9","Advisory committees to assist Council","park","minister; agency; council","discretionary; establishment","(2) The Minister may, after consultation with the Minister responsible for the Parks Canada Agency, the Minister of Fisheries and Oceans and the Canadian Endangered Species Conservation Council, establish one or more committees to advise the Council on matters related to the Council's role."
"Tla'amin Final Agreement Act","Provincial","28","Commencement","permit; licence","minister","definition","""Tla'amin Harvest Document"" means any fishing licence, permit or document, or amendment thereto, issued by the Minister under Federal or Provincial Law in respect of the Tla'amin Fishing Right;"
"Tla'amin Final Agreement Act","Provincial","28","Commencement","designation; reserve; agreement","commission","designation","31. Any lands designated as an agricultural land reserve which are added to Tla'amin Lands in accordance with this Agreement will retain the designation as an agricultural land reserve under the Agricultural Land Commission Act."
"Tla'amin Final Agreement Act","Provincial","28","Commencement","designation; reserve","commission","discretionary","32. The designation of areas of Tla'amin Lands as an agricultural land reserve may be removed by the Provincial Agricultural Land Commission in accordance with the Agricultural Land Commission Act."
"Tla'amin Final Agreement Act","Provincial","28","Commencement","order; assessment","authority; council","discretionary","124. Notwithstanding paragraph 122 and 123, and paragraph 2 of the Environmental Assessment and Environmental Protection Chapter, a Provincial Expropriating Authority may expropriate Tla'amin Lands in accordance with Appendix J-1 and Provincial Law and with the consent and by the order of the Lieutenant-Governor-in-Council."
"Tla'amin Final Agreement Act","Provincial","9","Agricultural Land Reserve","plan; reserve; notice","commission","mandatory","(2) Despite section 2 of the Agricultural Land Commission Act, on the Effective Date, the Provincial Agricultural Land Commission must amend the land reserve plan in accordance with subsection (1) of this section and provide notice to the Tla'amin Nation and the registrar of titles that the amendment has been made."
"Tla'amin Final Agreement Act","Provincial","Appendix F-1.1","Commencement","assessment","authority","definition","""Realty Taxes"" means all taxes, rates, levies, duties, charges and assessments levied or charged, at any time, by any government authority having jurisdiction which relate to the Land, the Improvements or both of them and which the Licensee is liable to pay under applicable laws;"
"Tla'amin Final Agreement Act","Provincial","Appendix F-1.1","Commencement","assessment","authority","definition","""Realty Taxes"" means all taxes, rates, levies, duties, charges and assessments levied or charged, at any time, by any government authority having jurisdiction which relate to the Land, the Improvements or both of them and which the Licensee is liable to pay under applicable laws;"
"Tla'amin Final Agreement Act","Provincial","Appendix F-19.2","Commencement","regulation; agreement","authority","discretionary; definition","19.2 Failing a negotiated agreement, the parties may then refer the matter to mediation, arbitration or other alternative to court dispute resolution mechanisms by mutual written consent. Absent such consent or failing the resolution of the matter through these means, the matter may be referred to a court or regulatory authority of competent jurisdiction."
"Transport Of Dangerous Goods Act","Provincial","21","Duty to report discharge, emission or escape of dangerous goods","order","inspector","discretionary; authorization; requirement","(4) Any inspector or other person required, requested or authorized to take reasonable emergency measures under subsection (2) or (3) may enter and have access to any place or property and may do all reasonable things in order to comply with either or both of those subsections."
"Transport Of Dangerous Goods Act","Provincial","4","Exemption by permit","designation; permit","minister","discretionary; designation","4  (1) The minister, or a person designated by the minister, may issue a permit exempting a person or dangerous goods from one or more provisions of this Act."
"Transport Of Dangerous Goods Act","Provincial","6","Inspectors and analysts","designation","minister; inspector","discretionary; designation","6  (1) If the minister is of the opinion that a person or the members of a class of persons are qualified to act in the capacity of dangerous goods inspector under this Act, the minister may designate the person or class."
"Transport Of Dangerous Goods Act","Provincial","7","Inspector to show certificate of designation","designation; certificate","inspector","mandatory; designation","7  (1) An inspector must be provided with a certificate, in the prescribed form, of the inspector's designation showing the purposes, classes of dangerous goods, road vehicles or rail vehicles and the buildings or places for which the inspector has been designated."
"Transport Of Dangerous Goods Act","Provincial","8","Powers of inspectors","standard","inspector","mandatory","(3) If an inspector is satisfied, on reasonable and probable grounds, that any dangerous goods are being handled or transported other than in compliance with the applicable prescribed safety marks, safety requirements, safety standards and shipping documents, the inspector must, wherever possible, request the taking of, or take, any measures necessary to remedy the failure to comply."
"Transportation Act","Provincial","33","Financial administration","order_in_council","governor_in_council; authority; council","mandatory; designation","(4) Unless the Auditor General is appointed in accordance with the Auditor General Act as the auditor of the authority, the Lieutenant Governor in Council must appoint an auditor to audit the accounts of the authority at least once each year."
"Transportation Act","Provincial","43","Dedicated land becoming provincial public highways","plan","minister","discretionary","43  If a person agrees under section 3 (1) of the Expropriation Act or otherwise to dedicate land to the government to become a highway, the minister may, for the purposes of section 107 of the Land Title Act, prepare and deposit with the registrar of the applicable land title office an explanatory plan showing that land as highway, and, in that event,"
"Transportation Act","Provincial","56","Forest service roads","order; order_in_council","governor_in_council; minister; council","discretionary","(3) Without limiting any right or power the minister may have to close a provincial public highway, the Lieutenant Governor in Council may, with the consent of the minister and the minister responsible for the administration of the Ministry of Forests and Range Act, order that a provincial public highway cease to be a provincial public highway and become a forest service road for the purposes of the Forest Act, and, in that event, the provincial public highway is deemed to be closed and discontinued at the time it becomes a forest service road."
"Transportation Act","Provincial","56","Forest service roads","order","minister; council","mandatory","(4) Before an order is made under subsection (2) (a) in relation to a forest service road, the minister must consult with the municipal council of the municipality in which the forest service road or a part of it is located."
"Transportation Act","Provincial","66","Extraordinary traffic","agreement; approval","minister","discretionary","(3) Any person to whom this section might otherwise apply may, with the approval of the minister, enter into an agreement for the payment to the government of compensation for the damage or expense that may, in the opinion of the minister, be caused by the extraordinary traffic, and, in that event, the person may use the provincial public highway in the manner contemplated by the agreement despite any limitation, prohibition or direction of the minister under subsection (2) that would otherwise affect that use."
"Transportation Of Dangerous Goods Act, 1992","Federal","10","Certificate of designation","designation; certificate","minister; inspector","mandatory; definition; designation","(2) The Minister shall give every inspector a certificate of designation showing the matters in respect of which the inspector is designated, including the purposes, classes of dangerous goods, means of containment, means of transport and places for which the inspector is designated."
"Transportation Of Dangerous Goods Act, 1992","Federal","15","Powers of inspector","designation","inspector","definition; designation","(a) open and inspect, or request the opening and inspection of, any means of containment for which the inspector is designated, including any closures, valves, safety release devices or other appurtenances that are essential to the use of the means of containment to contain dangerous goods, if the inspector believes on reasonable grounds that it is being used to handle or transport dangerous goods or to contain dangerous goods offered for transport;"
"Transportation Of Dangerous Goods Act, 1992","Federal","27.2","Review","review","minister","mandatory","(3) A security measure comes into force immediately when it is made, but the Minister shall review the security measure within two years after the day on which it is made and within every following two years to determine whether the disclosure of the particular matter that is the subject of the security measure would no longer compromise the security of the importing, offering for transport, handling or transporting of dangerous goods or endanger public safety."
"Transportation Of Dangerous Goods Act, 1992","Federal","27.5","Court to inform Minister","notice","minister","mandatory","(2) If, in any proceedings before a court or other body having jurisdiction to compel the production or discovery of information, a request is made for the production or discovery of any security measure, the court or other body shall, if the Minister is not a party to the proceedings, cause a notice of the request to be given to the Minister, and, in camera, examine the security measure and give the Minister a reasonable opportunity to make representations with respect to it."
"Transportation Of Dangerous Goods Act, 1992","Federal","7.1","Direction and permission","order; plan","minister","authorization; requirement","(b) authorize a person with an approved emergency response assistance plan to implement the plan in order to respond to an actual or anticipated release of dangerous goods if the Minister does not know the identity of any person required under subsection 7(1) to have an emergency response assistance plan in respect of the release."
"Tsawwassen First Nation Final Agreement Act","Provincial","10","Power to add Tsawwassen First Nation to Greater Vancouver Water District","agreement","minister; board","discretionary","(b) if the Board and the Tsawwassen Indian Band cannot reach agreement under paragraph (a), on the terms and conditions as may be ordered by the minister under subsection (3)."
"Tsawwassen First Nation Final Agreement Act","Provincial","10","Power to add Tsawwassen First Nation to Greater Vancouver Water District","order","minister; board; authority","discretionary","(3) If the Board and the Tsawwassen Indian Band fail to agree on the terms and conditions under subsection (2) (a), the Tsawwassen Indian Band may appeal to the minister and the minister has full power and authority to settle, by order, the terms and conditions upon which Tsawwassen Lands will be added to the District and water will be provided to the Tsawwassen First Nation by the Corporation, and the order, on becoming effective under subsection (4), is final and binding upon the Tsawwassen First Nation and the Corporation."
"Tsawwassen First Nation Final Agreement Act","Provincial","10","Power to add Tsawwassen First Nation to Greater Vancouver Water District","regulation; order; agreement","minister","discretionary; requirement","(5) The minister may make regulations as required to give effect to an agreement under subsection (2) or an order under subsection (3), as the case may be, including without limitation,"
"Tsawwassen First Nation Final Agreement Act","Provincial","13","Harvest Agreement","agreement","minister","mandatory","(4) The minister charged with the administration of this Act must publish the Harvest Agreement in the Gazette."
"Tsawwassen First Nation Final Agreement Act","Provincial","21","Commencement","protected_area","minister","definition","""Terminal Surplus"" means, in respect of Fraser River Chum salmon, the amount that the Minister determines is available for harvest or is harvested in Pacific Fisheries Management Area 29 or within the Fraser River by aboriginal, recreational and commercial fisheries;"
"Tsawwassen First Nation Final Agreement Act","Provincial","21","Commencement","designation","minister","definition; designation","""Total Allowable Wildlife Harvest"" means the amount determined by the Minister under clause 30 of the Wildlife chapter in relation to a Designated Wildlife Species;"
"Tsawwassen First Nation Final Agreement Act","Provincial","21","Commencement","permit; licence","minister","definition","""Tsawwassen Harvest Documents"" means licences, permits, documents, or amendments thereto, that are issued by the Minister under Federal or Provincial Law in respect of the Tsawwassen Fishing Right;"
"Tsawwassen First Nation Final Agreement Act","Provincial","21","Commencement","designation; reserve","commission","discretionary","33. Clause 31 does not result in a permanent designation of Tsawwassen Lands or Other Tsawwassen Lands as an agricultural land reserve. After the Effective Date, the Agricultural Land Commission may remove that designation in accordance with the Agricultural Land Commission Act."
"Tsawwassen First Nation Final Agreement Act","Provincial","21","Commencement","order_in_council; notice","governor_in_council; council","requirement","101. Where Tsawwassen First Nation provides to Canada and British Columbia notice confirming that there has been lawful accretion within the meaning of the Land Title Act to Tsawwassen Lands, then within 150 days the Parties will amend Appendix C-4 in accordance with clause 11 of the Amendment chapter to reflect the change to the boundaries of Tsawwassen Lands and, if required, the Lieutenant Governor in Council will issue supplementary letters patent to reflect the change, if any, to the area of the Corporation of Delta."
"Tsawwassen First Nation Final Agreement Act","Provincial","21","Commencement","plan","authority","discretionary","4. Tsawwassen Government may exercise authority over agriculture on Tsawwassen Lands through land use planning and zoning under subclause 1.d."
"Tsawwassen First Nation Final Agreement Act","Provincial","21","Commencement","agreement","authority","discretionary; requirement","10. Without limiting the scope of authority of Tsawwassen Government to make laws under this Agreement, before Tsawwassen Government makes a law under subclause 1.d, Tsawwassen First Nation will consult residents of Tsawwassen Lands who may be affected by the proposed law, through a process similar in principle to that required of a municipality undertaking similar law-making."
"Tsawwassen First Nation Final Agreement Act","Provincial","21","Commencement","bylaw","council","mandatory","b. a Tsawwassen Law in respect of the Local Boundary Road or a portion of it, must be acceptable to the council of the adjoining municipality and a municipal bylaw affecting the Local Boundary Road or a portion of it, must be acceptable to Tsawwassen Government."
"Tsawwassen First Nation Final Agreement Act","Provincial","21","Commencement","standard","authority; inspector","discretionary; requirement","24. Tsawwassen First Nation will construct and maintain dikes and flood protection structures on Tsawwassen Lands to standards required by the Inspector of Dikes under the authority of the Dike Maintenance Act, and may enter into contracts for the provision of services related to the construction and maintenance of those dikes and flood protection structures."
"Tsawwassen First Nation Final Agreement Act","Provincial","21","Commencement","order; designation","minister","discretionary; establishment; designation","27. If the Minister determines that, in order to address a conservation risk to a Wildlife species within the Tsawwassen Wildlife Harvest Area, there should be a Total Allowable Wildlife Harvest established for that species, the Minister may designate that species as a Designated Wildlife Species."
"Tsawwassen First Nation Final Agreement Act","Provincial","21","Commencement","designation","minister","discretionary; designation","28. Tsawwassen First Nation or British Columbia may recommend to the Minister whether a Wildlife species should be, or continue to be, a Designated Wildlife Species."
"Tsawwassen First Nation Final Agreement Act","Provincial","21","Commencement","designation","minister","discretionary; designation","29. The Minister may determine that a Wildlife species is no longer a Designated Wildlife Species if the Minister determines that the conservation risk to that Wildlife species within the Tsawwassen Wildlife Harvest Area no longer exists."
"Tsawwassen First Nation Final Agreement Act","Provincial","21","Commencement","designation","minister","discretionary; establishment; designation","30. If the Minister establishes a Designated Wildlife Species, the Minister will determine the maximum number of the Designated Wildlife Species that may be harvested by all harvesters in the Tsawwassen Wildlife Harvest Area in each year as the Total Allowable Wildlife Harvest."
"Tsawwassen First Nation Final Agreement Act","Provincial","21","Commencement","designation","minister","designation","31. The Minister will request and consider recommendations from Tsawwassen First Nation before determining the Total Allowable Wildlife Harvest for a Designated Wildlife Species."
"Tsawwassen First Nation Final Agreement Act","Provincial","21","Commencement","designation","minister","designation","32. In determining the Total Allowable Wildlife Harvest for a Designated Wildlife Species, the Minister will take into account the population of the Designated Wildlife Species within, and outside, the Tsawwassen Wildlife Harvest Area."
"Tsawwassen First Nation Final Agreement Act","Provincial","21","Commencement","designation; agreement","minister","establishment; designation","33. If the Minister establishes a Designated Wildlife Species, British Columbia and Tsawwassen First Nation will negotiate and attempt to reach agreement on the Tsawwassen Allocation of that Designated Wildlife Species."
"Tsawwassen First Nation Final Agreement Act","Provincial","21","Commencement","park; protected_area","minister","discretionary","30. After Consultation with Tsawwassen First Nation, the Minister may close to harvesting an area in a National Park or National Marine Conservation Area, for as long as necessary, for purposes of park or marine conservation area management including ecosystem research, protection of representative ecosystems and protection of species or habitats."
"Tsawwassen First Nation Final Agreement Act","Provincial","21","Commencement","plan","minister","definition","25. The Minister will consult with the Greater Vancouver Regional District before approving a gathering plan that includes provincial Crown land within the Burns Bog Ecological Conservancy Area."
"Tsawwassen First Nation Final Agreement Act","Provincial","21","Commencement","agreement","authority","discretionary; definition","4. For greater certainty, the authority of Tsawwassen Government to make laws in respect of a subject matter as set out in this Agreement includes the authority to make laws and do other things as may be necessarily incidental to exercising that authority."
"Tsawwassen First Nation Final Agreement Act","Provincial","21","Commencement","agreement; notice","authority","discretionary","25. The Parties may negotiate and attempt to reach agreements in respect of any of the matters set out in clause 26 or 27, but an agreement under those clauses is not a condition precedent to the exercise of law-making authority by Tsawwassen Government, and such authority may be exercised immediately following the six month notice period referred to in clause 23."
"Tsawwassen First Nation Final Agreement Act","Provincial","21","Commencement","agreement","authority","discretionary","39. Any law-making authority of Tsawwassen Government under this Agreement may be delegated by a Tsawwassen Law to:"
"Tsawwassen First Nation Final Agreement Act","Provincial","21","Commencement","agreement","authority","discretionary","137. Tsawwassen Government may adopt Federal or Provincial Law in respect of matters within Tsawwassen Government law-making authority set out in this Agreement."
"Tsawwassen First Nation Final Agreement Act","Provincial","21","Commencement","plan; agreement","authority","discretionary; requirement","21. Before Tsawwassen Government makes a planning or zoning law, Tsawwassen First Nation will consult any Local Government that may be affected by the proposed law through a process similar in principle to that required of a municipality undertaking similar law-making. This requirement does not limit the scope of the authority of Tsawwassen First Nation under this Agreement."
"Tsawwassen First Nation Final Agreement Act","Provincial","9","Agricultural land reserve","plan; reserve; notice","commission","mandatory","(2) Despite section 2 of the Agricultural Land Commission Act, on the Effective Date, the Agricultural Land Commission must amend the land reserve plan in accordance with subsection (1) and provide notice to the Tsawwassen First Nation and the registrar of titles that the amendment has been made."
"Tsawwassen First Nation Final Agreement Act","Provincial","APPENDIX F-4.1","Commencement","agreement; licence; authorization; approval","minister; authority; agency","discretionary; establishment; requirement","(f) this Agreement creates a lease of the Land under the authority provided under the Land Act and does not constitute an approval, licence, authorization or permission under any other enactment and does not interfere with, influence, encroach upon or fetter the jurisdiction, processes or discretion of any minister, public official, agency or decision maker who may be entitled or required to make any other decision or take any other action in regard to your use of the Land;"
"Water Sustainability Act","Provincial","1","Definitions","permit","authority","definition","""permit"" means a permit issued under section 24 [permits over Crown land] or an authority, issued under a former Act, to flood, or to construct, maintain or operate works on, Crown land;"
"Water Sustainability Act","Provincial","114","Administration","designation","minister","discretionary; designation; authorization","(2) The minister may designate a public service employee or an employee of a government corporation as a Deputy Comptroller of Water Rights and authorize the employee to exercise the powers and perform the duties of the comptroller that are specified in the designation."
"Water Sustainability Act","Provincial","127","Regulations respecting licensing, diversion and use of water and related matters","regulation; order_in_council; authorization; approval","governor_in_council; council","discretionary","(3) The Lieutenant Governor in Council may make regulations authorizing a person to make changes in and about a stream without holding an authorization or change approval authorizing the changes in and about the stream, including, without limitation, the following regulations:"
"Water Sustainability Act","Provincial","130","Regulations respecting groundwater and groundwater works","order_in_council; standard; code","governor_in_council; council","establishment","(ix)  any other activities respecting wells for which the Lieutenant Governor in Council considers it necessary or advisable for purposes of the protection of an aquifer or groundwater to establish requirements, procedures, standards or codes;"
"Water Sustainability Act","Provincial","135","Regulations closing or restricting access to water source","regulation; order_in_council; plan; authorization","governor_in_council; council","discretionary","(2) Subject to subsection (3), if the Lieutenant Governor in Council considers that there is not sufficient unrecorded water in a specified stream or aquifer to warrant the issuance of any new authorizations in relation to the stream or aquifer, or if recommended in a water sustainability plan, the Lieutenant Governor in Council may make regulations"
"Water Sustainability Act","Provincial","136","Regulations requiring authorizations for domestic use of groundwater","regulation; order_in_council","governor_in_council; council","discretionary","136  (1) The Lieutenant Governor in Council may make regulations providing that section 6 (4) [use of water - excluded groundwater users] does not apply in relation to a specified aquifer or the aquifers in a specified area"
"Water Sustainability Act","Provincial","137","Minister's regulations restricting groundwater activities","regulation; designation","minister","discretionary; designation","137  (1) The minister, by regulation applicable to an area designated in the regulation, may restrict one or more of the following or may impose requirements on a person doing one or more of the following:"
"Water Sustainability Act","Provincial","32","Licensee's right to expropriate land","order_in_council; licence","governor_in_council; council","authorization","(3) In addition to the rights under subsections (1) and (2), with the consent of the Lieutenant Governor in Council, the holder of a licence that authorizes the construction or use of a dam has the right to expropriate any land that has been flooded by construction of the dam or that would be flooded if the dam were constructed and utilized to the maximum height authorized."
"Water Sustainability Act","Provincial","40","Treaty first nation water reservations","order_in_council; agreement","governor_in_council; council","discretionary; establishment; requirement","40  (1) If the final agreement of a treaty first nation describes a water reservation for water use purposes specified in the agreement, other than a power purpose, that British Columbia is required by the final agreement to establish in favour of the treaty first nation, the Lieutenant Governor in Council may establish that water reservation for those purposes."
"Water Sustainability Act","Provincial","47","Remediation orders in relation to foreign matter in stream","order","authority","discretionary","(4) Any expense reasonably incurred by a person in the exercise of authority provided under subsection (3), unless the person is acting on behalf of the government, may be recovered from the person to whom the order was directed as money paid for, and at the request of, that person."
"Water Sustainability Act","Provincial","62","Drilling authorizations","regulation; order; plan; authorization","minister","requirement","62  (1) If a regulation under section 83 [plan regulations - restrictions on groundwater activities] or 137 [minister's regulations restricting groundwater activities] of this Act or under section 36 [implementing a plan: restrictions on groundwater activities] of the Drinking Water Protection Act requires that a person hold a drilling authorization in order to"
"Water Sustainability Act","Provincial","64","Definitions","order; plan; designation","minister","definition; designation","""responsible person"", in respect of a proposed water sustainability plan, means the person designated by the minister under section 66 (2) (a) [order establishing plan development process] as the person responsible for preparing the proposed plan;"
"Water Sustainability Act","Provincial","65","Order designating area for planning process","order; plan; designation","minister","discretionary; designation","65  (1) The minister, on request or on the minister's own initiative, by order, may designate an area for the purpose of the development of a water sustainability plan"
"Water Sustainability Act","Provincial","66","Order establishing plan development process","order; plan","minister","discretionary; establishment","66  (1) The minister, by order, may establish the process by which a proposed water sustainability plan for a plan area is to be developed."
"Water Sustainability Act","Provincial","66","Order establishing plan development process","order","committee","requirement","(3) If an order under subsection (2) (d) requires the government to pay remuneration to or reimburse the expenses of a member of a technical advisory committee,"
"Water Sustainability Act","Provincial","69","Other planning processes","plan","authority","discretionary","(2) In preparing a proposed water sustainability plan, consideration may be given to the results of other Provincial government, local authority and first nation government strategic, operational and land or water use planning processes in relation to land or water within or adjacent to the plan area."
"Water Sustainability Act","Provincial","72","Powers for development of plan","order; plan","minister","discretionary","72  (1) For the purposes of developing a proposed water sustainability plan, the minister, by order, may"
"Water Sustainability Act","Provincial","72","Powers for development of plan","order","board","discretionary; prohibited","(3) If the comptroller, a water manager or an engineer is specified as a representative of a responsible person in an order under subsection (1), an order of the comptroller, water manager or engineer, as the case may be, in exercising a discretion under the order under subsection (1) is final and may not be appealed to the appeal board."
"Water Sustainability Act","Provincial","74","Submission of proposed plan to minister","plan","minister","discretionary","74  (1) After a proposed water sustainability plan has been prepared, the responsible person may submit the proposed plan to the minister."
"Water Sustainability Act","Provincial","75","Acceptance of plan","regulation; order; plan","minister","discretionary","75  (1) If a proposed water sustainability plan submitted to the minister under section 74 (1) does not contain a recommendation that a regulation or order under this or another Act be made in relation to the plan, the minister may accept all or part of the proposed plan as a water sustainability plan."
"Water Sustainability Act","Provincial","75","Acceptance of plan","regulation; order; order_in_council; plan","governor_in_council; minister; council","discretionary","(2) If a proposed water sustainability plan submitted to the minister under section 74 (1) contains a recommendation that a regulation or order under this or another Act be made in relation to the plan, the minister may place the following before the Lieutenant Governor in Council:"
"Water Sustainability Act","Provincial","75","Acceptance of plan","regulation; order_in_council; plan","governor_in_council; council","discretionary","(3) The Lieutenant Governor in Council, by regulation, may accept as a water sustainability plan all or part of a proposed plan placed before the Lieutenant Governor in Council under subsection (2)."
"Water Sustainability Act","Provincial","75","Acceptance of plan","plan","minister","mandatory","(4) Subject to section 117 (4) [delivery and publication of documents and information], the minister must arrange for a water sustainability plan accepted under this section to be published."
"Water Sustainability Act","Provincial","76","Plan regulations - effect on statutory decisions","regulation; order_in_council; plan","governor_in_council; council","discretionary","(2) For the purposes of a water sustainability plan, the Lieutenant Governor in Council, by regulation applicable in relation to all or part of the plan area, may do one or more of the following:"
"Water Sustainability Act","Provincial","77","Plan regulations - effect on approval by approving officer","regulation; order_in_council; plan","governor_in_council; council","discretionary","(2) For the purposes of a water sustainability plan, the Lieutenant Governor in Council, by regulation applicable in relation to all or part of the plan area, may"
"Water Sustainability Act","Provincial","78","Plan regulations - restriction or prohibition on use of land or resources","regulation; order_in_council; plan","governor_in_council; council","discretionary","78  (1) For the purposes of a water sustainability plan, the Lieutenant Governor in Council, by regulation applicable in relation to all or part of the plan area, may restrict or prohibit"
"Water Sustainability Act","Provincial","79","Plan regulations - reduction of water rights","regulation; order_in_council; plan","governor_in_council; council","discretionary","79  (1) For the purposes of a water sustainability plan, the Lieutenant Governor in Council, by regulation applicable in relation to all or part of the plan area, may direct the comptroller or a water manager to"
"Water Sustainability Act","Provincial","80","Plan regulations - directions regarding works or operations","regulation; order_in_council; plan; licence","governor_in_council; council","discretionary; requirement","80  (1) For the purposes of a water sustainability plan, the Lieutenant Governor in Council, by regulation applicable in relation to all or part of the plan area, may direct the comptroller or a water manager to amend the terms and conditions of a licence to require the licensee to, in accordance with the regulations,"
"Water Sustainability Act","Provincial","81","Plan regulations - relationship with other planning processes","regulation; order_in_council; plan","governor_in_council; council","discretionary","81  For the purposes of a water sustainability plan, the Lieutenant Governor in Council, by regulation, may do one or more of the following:"
"Water Sustainability Act","Provincial","81","Plan regulations - relationship with other planning processes","plan","authority","requirement","(a) require that in other specified Provincial government or local authority strategic or operational planning processes, consideration be given to a specified part or all of the plan;"
"Water Sustainability Act","Provincial","82","Plan regulations - dedicated agricultural water","regulation; order_in_council; plan","governor_in_council; council","discretionary","82  (1) For the purposes of a water sustainability plan, the Lieutenant Governor in Council, by regulation applicable to all or part of the plan area, may dedicate, for qualifying agricultural use on qualifying agricultural land in the plan area or part, a specified quantity of water, in a stream or aquifer, that is"
"Water Sustainability Act","Provincial","83","Plan regulations - restrictions on groundwater activities","regulation; order_in_council; plan","governor_in_council; council","discretionary","83  (1) For the purpose of a water sustainability plan, the Lieutenant Governor in Council, by regulation applicable in relation to all or part of the plan area, may restrict or prohibit one or more of the following or may impose requirements on a person doing one or more of the following:"
"Water Sustainability Act","Provincial","85","Review and amendment of plans","order; plan","minister","discretionary","85  (1) The minister, by order, may direct that a water sustainability plan be reviewed to determine whether the plan should be amended or cancelled."
"Weed Control Act","Provincial","11","Weed control agreements","agreement","minister; council","discretionary","(2) On behalf of the government the minister may enter into an agreement with the council of a municipality for noxious weed control and the costs of noxious weed control in all or part of"
"Weed Control Act","Provincial","13","Crown land","designation","minister; council","designation","13  If unoccupied land is owned by the government, the occupier of that Crown land is that member of the Executive Council designated by the minister to be the occupier on behalf of the government."
"Weed Control Act","Provincial","16","Power to make regulations","regulation","committee","mandatory; prohibited; establishment","(2) Regulations in respect of methods used to control noxious weeds must not be made under subsection (1) unless the Environment and Land Use Committee established under the Environment and Land Use Act approves the methods."
"Weed Control Act","Provincial","4","Notice to control noxious weeds","notice","inspector","discretionary","4  (1) An inspector may serve a notice directing an occupier, in accordance with the notice, to control noxious weeds growing or located on land, premises or property occupied by the occupier."
"Weed Control Act","Provincial","7","Control of noxious weeds by inspector","notice","inspector","discretionary","an inspector may, without notice, take the action considered necessary to enter on any land, premises or property and control noxious weeds."
"Weed Control Act","Provincial","7","Control of noxious weeds by inspector","designation","officer","designation","(a) if the noxious weeds were controlled on land, premises or property in a municipality, other than a regional district, to the designated municipal officer, and"
"Weed Control Act","Provincial","9","Weed control committees","designation","council; committee","mandatory; designation","(c) must designate the member of the weed control committee appointed by council to be chair, and"
"Wildlife Act","Provincial","1","Definitions and interpretation","regulation; designation","minister; officer","designation","(b) an employee of the government designated by name or position as an officer, by regulation of the minister;"
"Wildlife Act","Provincial","124","Government reporting requirements","report","minister","mandatory","124  (1) The minister must report to the trustee in respect of any surcharges referred to in section 120 (1) that"
"Wildlife Act","Provincial","124","Government reporting requirements","report","minister","mandatory","(3) The minister must report to the trustee in respect of any revenue, derived from lands administered by the minister for the benefit of fish or wildlife, referred to in section 120 (1) that"
"Wildlife Act","Provincial","4","Power to designate wildlife management areas","regulation; order_in_council; designation; park; protected_area","governor_in_council; minister; council","discretionary; designation","(2) With the consent of the Lieutenant Governor in Council, the minister may, by regulation, designate as a wildlife management area land that is under the minister's administration and is not in a park, a conservancy or a recreation area."
"Wildlife Act","Provincial","5","Critical wildlife areas and wildlife sanctuaries","regulation; designation; protected_area","minister","discretionary; designation; requirement","5  (1) If the minister requires land for habitat for a species of wildlife designated as an endangered species or threatened species, the minister may, by regulation, designate land in a wildlife management area as a critical wildlife area."
"Wildlife Act","Provincial","5","Critical wildlife areas and wildlife sanctuaries","regulation; designation; sanctuary; protected_area","minister","discretionary; designation","(2) The minister may, by regulation, designate land in a wildlife management area as a wildlife sanctuary."
"Wildlife Act","Provincial","52","Issue of angling guide licences","order; plan; licence","minister","discretionary","(3) Until the publication by the Recreational Fisheries Branch of a plan for managing guiding for fish and angling on a stream or lake or in an area of British Columbia, the minister may order the regional manager to restrict the issue of angling guide licences or endorsements for that stream, lake or area to persons who, on the date of the order, hold an angling guide licence or endorsement for that stream, lake or area."
"Wildlife Act","Provincial","53","Restrictions on guiding for fish and angling","regulation; order_in_council","governor_in_council; council","discretionary","(2) For the purpose of subsection (1) (e), (g), (h), (i), (j), (k) and (l), the Lieutenant Governor in Council may make different regulations for different classes of streams or lakes or for different areas of British Columbia."
"Wildlife Act","Provincial","6","Endangered and threatened species","regulation; order_in_council; designation","governor_in_council; council","discretionary; designation","6  (1) If the Lieutenant Governor in Council considers that a species of wildlife is threatened with imminent extinction throughout all or a significant portion of its range in British Columbia because of the action of humans, the Lieutenant Governor in Council may, by regulation, designate the species as an endangered species."
"Wildlife Act","Provincial","6","Endangered and threatened species","regulation; order_in_council; designation","governor_in_council; council","discretionary; designation","(2) If the Lieutenant Governor in Council considers that a species of wildlife is likely to become endangered in British Columbia if the factors affecting its vulnerability are not reversed, the Lieutenant Governor in Council may, by regulation, designate the species as a threatened species."
"Wildlife Act","Provincial","6.4","Designation of controlled alien species and aquatic invasive species","regulation; designation","minister","discretionary; definition","6.4  If the minister considers that a non-native species described in paragraph (a) or (b) of the definition of ""species"" poses a risk to the health or safety of any person or poses a risk to property, wildlife or wildlife habitat, the minister may make regulations designating the species as"
"Wildlife Act","Provincial","6.6","Application of this Act to controlled alien species","regulation","minister","discretionary","(5) The minister may, by regulation, exempt controlled alien species from the application of a provision of this Act that applies in relation to animals or fish."
"Wildlife Act","Provincial","8","Right of action","protected_area","authority","discretionary","8  The government has a right of action against a person who, without authority, destroys or damages wildlife habitat in a wildlife management area or an area set apart for wildlife management and may recover damages from the person for"
"Wildlife Act","Provincial","89","Entering premises","regulation","officer","mandatory; discretionary","89  (1) For the purpose of ensuring that this Act and the regulations are being complied with, an officer may enter and inspect any premises or enclosure in which live wildlife or live fish is kept but, at the request of the owner or occupier, the officer must produce proof of identity."
"Wildlife Act","Provincial","90","Inspection of firearms","permit","officer","mandatory","90  (1) A person, when requested to do so, for the purposes of this Act or the Firearm Act, by a conservation officer or constable, must immediately produce and permit inspection of a firearm in his or her possession."
"Wildlife Act","Provincial","92","Search warrants","regulation","officer","discretionary; authorization","92  On information in the prescribed form and on oath that there is reasonable ground to believe that an animal or fish, or a portion of an animal or fish, killed, taken or possessed in violation of this Act or the regulations, or about to be illegally exported, is located in or on a building or premises, a justice may by a warrant authorize and direct a conservation officer or constable to enter and search the building or premises and to seize and remove an animal or fish, or a portion of it, found, and it may be disposed of as provided in this Act."
"Wildlife Act","Provincial","97.7","Seizure or destruction of controlled alien species","designation","minister; officer","mandatory; designation","(3) If a constable seizes a species individual under subsection (1) or (2), the constable must, as soon as practicable, deliver the species individual to a conservation officer or to a person designated by the minister."
"Wildlife Act","Provincial","97.71","Disposition of seized controlled alien species","designation; notice","minister","discretionary; designation","97.71  (1) If a species individual of a controlled alien species is seized under section 97.7 (1) or (2), the government may destroy, sell or otherwise dispose of the species individual 14 days after the regional manager or a person designated by the minister has given notice to the owner of the species individual."
"Wrecked, Abandoned Or Hazardous Vessels Act","Federal","108","Time and place for review","review","minister","mandatory; designation","(5) On receipt of the request, the Transportation Appeal Tribunal must appoint a time and place for the review and must notify the Minister and the person or vessel that filed the request of that time and place in writing."
"Wrecked, Abandoned Or Hazardous Vessels Act","Federal","13","ARTICLE 12Compulsory insurance or other financial security","certificate","board","discretionary; requirement","13 Notwithstanding the provisions of paragraph 5, a State Party may notify the Secretary-General that, for the purposes of paragraph 12, ships are not required to carry on board or to produce the certificate required by paragraph 2, when entering or leaving a port in its territory, or arriving at or leaving from an offshore facility in its territorial sea, provided that the State Party which issues the certificate required by paragraph 2 has notified the Secretary-General that it maintains records in an electronic format, accessible to all States Parties, attesting the existence of the certificate and enabling States Parties to discharge their obligations under paragraph 12."
"Wrecked, Abandoned Or Hazardous Vessels Act","Federal","14.1","Vessel Remediation Fund","plan","minister","mandatory","(4) An amount paid out of the Consolidated Revenue Fund under subsection (3) must be in respect of a purpose that is set out in a plan for the use of the Vessel Remediation Fund that is agreed to by the Minister and the Minister of Fisheries and Oceans."
"Wrecked, Abandoned Or Hazardous Vessels Act","Federal","19","Obligation to report","designation; report","minister; officer","mandatory; designation; requirement","19 (1) Subject to subsection (2), if a vessel - other than a vessel that is registered, listed, recorded or licensed in a state that is not a party to the Wreck Removal Convention and that is located in the exclusive economic zone of Canada - is involved in a maritime casualty that resulted in a wreck, the master and the operator of the vessel must, without delay and in accordance with Article 5 of that Convention, provide a report containing the information referred to in paragraph 2 of that Article to a marine communications and traffic services officer designated under the Canada Shipping Act, 2001, unless another person has been designated by the Minister of Fisheries and Oceans, in which case it must be provided to that person. To the extent that either the master or the operator complies with the obligation, the other is not required to provide a report."
"Wrecked, Abandoned Or Hazardous Vessels Act","Federal","6","Agreements or arrangements","order; agreement","minister; authority; council","discretionary; authorization","6 (1) The Minister or the Minister of Fisheries and Oceans may, with respect to that Minister's powers, duties and functions under this Act, enter into agreements or arrangements for carrying out the purposes of this Act and authorize any person, including a provincial government, a local authority and a government, council or other entity authorized to act on behalf of an Indigenous group, with whom an agreement or arrangement is entered into to exercise the powers - other than the power to make an order under section 11 - or perform the duties or functions under this Act that are specified in the agreement or arrangement."
"Wrecked, Abandoned Or Hazardous Vessels Act","Federal","95","Time and place for review","review","minister","mandatory; designation","(2) On receipt of the request, the Transportation Appeal Tribunal must appoint a time and place for the review and must notify the Minister and the person or vessel that filed the request of that time and place in writing."
"Wrecked, Abandoned Or Hazardous Vessels Act","Federal","97","Time and place for review","review","minister","mandatory; designation","(3) On receipt of a request filed under paragraph (1)(b), the Transportation Appeal Tribunal must appoint a time and place for the review and must notify the Minister and the person or vessel that filed the request of that time and place in writing."
